timestamp,home192_hall1800_sensor10758c10775_electric-mains_electric-combined,home192_hall1800_sensor10759_gas-pulse_gas
2017-09-13 11:00:00,154.0,0.0
2017-09-13 12:00:00,154.0,316.0
2017-09-13 13:00:00,232.0,316.0
2017-09-13 14:00:00,349.0,948.0
2017-09-13 15:00:00,421.0,2528.0
2017-09-13 16:00:00,845.0,8216.0
2017-09-13 17:00:00,298.0,7268.0
2017-09-13 18:00:00,1167.0,8848.0
2017-09-13 19:00:00,1136.0,5372.0
2017-09-13 20:00:00,2776.0,3792.0
2017-09-13 21:00:00,770.0,3160.0
2017-09-13 22:00:00,583.0,316.0
2017-09-13 23:00:00,274.0,632.0
2017-09-14 00:00:00,197.0,0.0
2017-09-14 01:00:00,190.0,0.0
2017-09-14 02:00:00,201.0,0.0
2017-09-14 03:00:00,205.0,0.0
2017-09-14 04:00:00,203.0,0.0
2017-09-14 05:00:00,509.0,9480.0
2017-09-14 06:00:00,492.0,632.0
2017-09-14 07:00:00,207.0,0.0
2017-09-14 08:00:00,156.0,0.0
2017-09-14 09:00:00,146.0,0.0
2017-09-14 10:00:00,151.0,0.0
2017-09-14 11:00:00,133.0,0.0
2017-09-14 12:00:00,145.0,0.0
2017-09-14 13:00:00,142.0,0.0
2017-09-14 14:00:00,136.0,0.0
2017-09-14 15:00:00,138.0,2844.0
2017-09-14 16:00:00,1329.0,6320.0
2017-09-14 17:00:00,852.0,4740.0
2017-09-14 18:00:00,857.0,6636.0
2017-09-14 19:00:00,771.0,6636.0
2017-09-14 20:00:00,465.0,4424.0
2017-09-14 21:00:00,627.0,1896.0
2017-09-14 22:00:00,2527.0,0.0
2017-09-14 23:00:00,181.0,0.0
2017-09-15 00:00:00,175.0,0.0
2017-09-15 01:00:00,168.0,0.0
2017-09-15 02:00:00,161.0,0.0
2017-09-15 03:00:00,170.0,0.0
2017-09-15 04:00:00,174.0,0.0
2017-09-15 05:00:00,168.0,0.0
2017-09-15 06:00:00,387.0,2528.0
2017-09-15 07:00:00,322.0,0.0
2017-09-15 08:00:00,206.0,0.0
2017-09-15 09:00:00,204.0,0.0
2017-09-15 10:00:00,195.0,0.0
2017-09-15 11:00:00,384.0,1264.0
2017-09-15 12:00:00,349.0,8848.0
2017-09-15 13:00:00,364.0,1580.0
2017-09-15 14:00:00,173.0,632.0
2017-09-15 15:00:00,142.0,2844.0
2017-09-15 16:00:00,161.0,2212.0
2017-09-15 17:00:00,166.0,3160.0
2017-09-15 18:00:00,154.0,3160.0
2017-09-15 19:00:00,426.0,9164.0
2017-09-15 20:00:00,971.0,3160.0
2017-09-15 21:00:00,345.0,1580.0
2017-09-15 22:00:00,199.0,0.0
2017-09-15 23:00:00,201.0,0.0
2017-09-16 00:00:00,235.0,948.0
2017-09-16 01:00:00,132.0,0.0
2017-09-16 02:00:00,142.0,0.0
2017-09-16 03:00:00,148.0,0.0
2017-09-16 04:00:00,135.0,0.0
2017-09-16 05:00:00,173.0,0.0
2017-09-16 06:00:00,238.0,3160.0
2017-09-16 07:00:00,338.0,632.0
2017-09-16 08:00:00,1904.0,3792.0
2017-09-16 09:00:00,389.0,8216.0
2017-09-16 10:00:00,192.0,6320.0
2017-09-16 11:00:00,170.0,1580.0
2017-09-16 12:00:00,149.0,0.0
2017-09-16 13:00:00,151.0,0.0
2017-09-16 14:00:00,143.0,0.0
2017-09-16 15:00:00,157.0,2528.0
2017-09-16 16:00:00,207.0,7900.0
2017-09-16 17:00:00,205.0,6320.0
2017-09-16 18:00:00,194.0,6004.0
2017-09-16 19:00:00,191.0,6004.0
2017-09-16 20:00:00,198.0,6004.0
2017-09-16 21:00:00,194.0,4108.0
2017-09-16 22:00:00,151.0,0.0
2017-09-16 23:00:00,135.0,0.0
2017-09-17 00:00:00,146.0,0.0
2017-09-17 01:00:00,145.0,0.0
2017-09-17 02:00:00,140.0,0.0
2017-09-17 03:00:00,147.0,0.0
2017-09-17 04:00:00,154.0,0.0
2017-09-17 05:00:00,145.0,0.0
2017-09-17 06:00:00,138.0,0.0
2017-09-17 07:00:00,147.0,0.0
2017-09-17 08:00:00,151.0,0.0
2017-09-17 09:00:00,144.0,0.0
2017-09-17 10:00:00,147.0,0.0
2017-09-17 11:00:00,144.0,0.0
2017-09-17 12:00:00,151.0,0.0
2017-09-17 13:00:00,137.0,0.0
2017-09-17 14:00:00,147.0,0.0
2017-09-17 15:00:00,164.0,2844.0
2017-09-17 16:00:00,178.0,7584.0
2017-09-17 17:00:00,208.0,6320.0
2017-09-17 18:00:00,376.0,5688.0
2017-09-17 19:00:00,1334.0,10744.0
2017-09-17 20:00:00,439.0,11376.0
2017-09-17 21:00:00,291.0,9480.0
2017-09-17 22:00:00,716.0,1264.0
2017-09-17 23:00:00,186.0,0.0
2017-09-18 00:00:00,140.0,0.0
2017-09-18 01:00:00,137.0,0.0
2017-09-18 02:00:00,135.0,0.0
2017-09-18 03:00:00,152.0,0.0
2017-09-18 04:00:00,150.0,0.0
2017-09-18 05:00:00,166.0,1896.0
2017-09-18 06:00:00,394.0,316.0
2017-09-18 07:00:00,260.0,316.0
2017-09-18 08:00:00,134.0,0.0
2017-09-18 09:00:00,131.0,0.0
2017-09-18 10:00:00,126.0,0.0
2017-09-18 11:00:00,135.0,0.0
2017-09-18 12:00:00,136.0,0.0
2017-09-18 13:00:00,128.0,0.0
2017-09-18 14:00:00,129.0,0.0
2017-09-18 15:00:00,147.0,2212.0
2017-09-18 16:00:00,177.0,8216.0
2017-09-18 17:00:00,165.0,7900.0
2017-09-18 18:00:00,316.0,12640.0
2017-09-18 19:00:00,457.0,7268.0
2017-09-18 20:00:00,867.0,6636.0
2017-09-18 21:00:00,560.0,4740.0
2017-09-18 22:00:00,146.0,0.0
2017-09-18 23:00:00,144.0,0.0
2017-09-19 00:00:00,142.0,0.0
2017-09-19 01:00:00,135.0,0.0
2017-09-19 02:00:00,143.0,0.0
2017-09-19 03:00:00,153.0,0.0
2017-09-19 04:00:00,150.0,0.0
2017-09-19 05:00:00,157.0,2212.0
2017-09-19 06:00:00,600.0,5688.0
2017-09-19 07:00:00,1417.0,5372.0
2017-09-19 08:00:00,642.0,0.0
2017-09-19 09:00:00,255.0,0.0
2017-09-19 10:00:00,419.0,1264.0
2017-09-19 11:00:00,185.0,0.0
2017-09-19 12:00:00,188.0,0.0
2017-09-19 13:00:00,190.0,0.0
2017-09-19 14:00:00,185.0,0.0
2017-09-19 15:00:00,192.0,2528.0
2017-09-19 16:00:00,232.0,6320.0
2017-09-19 17:00:00,1137.0,6636.0
2017-09-19 18:00:00,530.0,4424.0
2017-09-19 19:00:00,573.0,8216.0
2017-09-19 20:00:00,522.0,3792.0
2017-09-19 21:00:00,521.0,4740.0
2017-09-19 22:00:00,425.0,0.0
2017-09-19 23:00:00,280.0,632.0
2017-09-20 00:00:00,186.0,0.0
2017-09-20 01:00:00,168.0,0.0
2017-09-20 02:00:00,186.0,0.0
2017-09-20 03:00:00,193.0,0.0
2017-09-20 04:00:00,186.0,0.0
2017-09-20 05:00:00,213.0,1580.0
2017-09-20 06:00:00,661.0,948.0
2017-09-20 07:00:00,1287.0,0.0
2017-09-20 08:00:00,206.0,0.0
2017-09-20 09:00:00,203.0,0.0
2017-09-20 10:00:00,211.0,0.0
2017-09-20 11:00:00,211.0,0.0
2017-09-20 12:00:00,202.0,0.0
2017-09-20 13:00:00,207.0,0.0
2017-09-20 14:00:00,661.0,1896.0
2017-09-20 15:00:00,2033.0,7584.0
2017-09-20 16:00:00,656.0,5372.0
2017-09-20 17:00:00,458.0,5372.0
2017-09-20 18:00:00,1200.0,6004.0
2017-09-20 19:00:00,712.0,4424.0
2017-09-20 20:00:00,671.0,3792.0
2017-09-20 21:00:00,338.0,3160.0
2017-09-20 22:00:00,257.0,632.0
2017-09-20 23:00:00,254.0,0.0
2017-09-21 00:00:00,174.0,0.0
2017-09-21 01:00:00,173.0,0.0
2017-09-21 02:00:00,179.0,0.0
2017-09-21 03:00:00,187.0,0.0
2017-09-21 04:00:00,186.0,0.0
2017-09-21 05:00:00,177.0,0.0
2017-09-21 06:00:00,566.0,8216.0
2017-09-21 07:00:00,1585.0,5056.0
2017-09-21 08:00:00,233.0,0.0
2017-09-21 09:00:00,142.0,0.0
2017-09-21 10:00:00,135.0,0.0
2017-09-21 11:00:00,144.0,0.0
2017-09-21 12:00:00,141.0,0.0
2017-09-21 13:00:00,134.0,0.0
2017-09-21 14:00:00,140.0,0.0
2017-09-21 15:00:00,150.0,2212.0
2017-09-21 16:00:00,178.0,6952.0
2017-09-21 17:00:00,180.0,5056.0
2017-09-21 18:00:00,183.0,5056.0
2017-09-21 19:00:00,170.0,3160.0
2017-09-21 20:00:00,417.0,8216.0
2017-09-21 21:00:00,1017.0,3476.0
2017-09-21 22:00:00,1491.0,2844.0
2017-09-21 23:00:00,211.0,0.0
2017-09-22 00:00:00,136.0,0.0
2017-09-22 01:00:00,128.0,0.0
2017-09-22 02:00:00,141.0,0.0
2017-09-22 03:00:00,147.0,0.0
2017-09-22 04:00:00,133.0,0.0
2017-09-22 05:00:00,141.0,0.0
2017-09-22 06:00:00,308.0,1580.0
2017-09-22 07:00:00,218.0,316.0
2017-09-22 08:00:00,163.0,0.0
2017-09-22 09:00:00,168.0,0.0
2017-09-22 10:00:00,277.0,6952.0
2017-09-22 11:00:00,557.0,3476.0
2017-09-22 12:00:00,384.0,0.0
2017-09-22 13:00:00,283.0,632.0
2017-09-22 14:00:00,295.0,1896.0
2017-09-22 15:00:00,294.0,7584.0
2017-09-22 16:00:00,304.0,3792.0
2017-09-22 17:00:00,189.0,3476.0
2017-09-22 18:00:00,932.0,4740.0
2017-09-22 19:00:00,973.0,5372.0
2017-09-22 20:00:00,700.0,2212.0
2017-09-22 21:00:00,372.0,3792.0
2017-09-22 22:00:00,1275.0,632.0
2017-09-22 23:00:00,650.0,316.0
2017-09-23 00:00:00,151.0,0.0
2017-09-23 01:00:00,149.0,0.0
2017-09-23 02:00:00,158.0,0.0
2017-09-23 03:00:00,152.0,0.0
2017-09-23 04:00:00,150.0,0.0
2017-09-23 05:00:00,151.0,0.0
2017-09-23 06:00:00,267.0,0.0
2017-09-23 07:00:00,2189.0,4740.0
2017-09-23 08:00:00,691.0,316.0
2017-09-23 09:00:00,181.0,0.0
2017-09-23 10:00:00,194.0,948.0
2017-09-23 11:00:00,721.0,632.0
2017-09-23 12:00:00,471.0,0.0
2017-09-23 13:00:00,556.0,0.0
2017-09-23 14:00:00,493.0,2844.0
2017-09-23 15:00:00,1859.0,9164.0
2017-09-23 16:00:00,2807.0,2844.0
2017-09-23 17:00:00,1093.0,1896.0
2017-09-23 18:00:00,570.0,3476.0
2017-09-23 19:00:00,661.0,5056.0
2017-09-23 20:00:00,442.0,4108.0
2017-09-23 21:00:00,405.0,5056.0
2017-09-23 22:00:00,1126.0,2212.0
2017-09-23 23:00:00,842.0,0.0
2017-09-24 00:00:00,211.0,0.0
2017-09-24 01:00:00,171.0,0.0
2017-09-24 02:00:00,175.0,0.0
2017-09-24 03:00:00,175.0,0.0
2017-09-24 04:00:00,178.0,0.0
2017-09-24 05:00:00,179.0,0.0
2017-09-24 06:00:00,147.0,0.0
2017-09-24 07:00:00,345.0,316.0
2017-09-24 08:00:00,406.0,948.0
2017-09-24 09:00:00,1200.0,9163.0
2017-09-24 10:00:00,819.0,7584.0
2017-09-24 11:00:00,458.0,1580.0
2017-09-24 12:00:00,161.0,0.0
2017-09-24 13:00:00,159.0,0.0
2017-09-24 14:00:00,159.0,0.0
2017-09-24 15:00:00,169.0,2212.0
2017-09-24 16:00:00,2182.0,4424.0
2017-09-24 17:00:00,2565.0,1896.0
2017-09-24 18:00:00,577.0,5688.0
2017-09-24 19:00:00,673.0,1580.0
2017-09-24 20:00:00,788.0,6636.0
2017-09-24 21:00:00,1595.0,2528.0
2017-09-24 22:00:00,250.0,632.0
2017-09-24 23:00:00,144.0,0.0
2017-09-25 00:00:00,148.0,0.0
2017-09-25 01:00:00,147.0,0.0
2017-09-25 02:00:00,149.0,0.0
2017-09-25 03:00:00,142.0,0.0
2017-09-25 04:00:00,156.0,0.0
2017-09-25 05:00:00,210.0,1896.0
2017-09-25 06:00:00,565.0,4740.0
2017-09-25 07:00:00,352.0,316.0
2017-09-25 08:00:00,126.0,0.0
2017-09-25 09:00:00,133.0,0.0
2017-09-25 10:00:00,134.0,0.0
2017-09-25 11:00:00,121.0,0.0
2017-09-25 12:00:00,134.0,0.0
2017-09-25 13:00:00,131.0,0.0
2017-09-25 14:00:00,121.0,0.0
2017-09-25 15:00:00,148.0,2528.0
2017-09-25 16:00:00,164.0,8216.0
2017-09-25 17:00:00,168.0,6004.0
2017-09-25 18:00:00,1589.0,5372.0
2017-09-25 19:00:00,2149.0,4108.0
2017-09-25 20:00:00,1155.0,12956.0
2017-09-25 21:00:00,1398.0,316.0
2017-09-25 22:00:00,406.0,948.0
2017-09-25 23:00:00,148.0,0.0
2017-09-26 00:00:00,143.0,0.0
2017-09-26 01:00:00,136.0,0.0
2017-09-26 02:00:00,150.0,0.0
2017-09-26 03:00:00,158.0,0.0
2017-09-26 04:00:00,154.0,0.0
2017-09-26 05:00:00,491.0,1580.0
2017-09-26 06:00:00,456.0,1896.0
2017-09-26 07:00:00,325.0,632.0
2017-09-26 08:00:00,141.0,0.0
2017-09-26 09:00:00,163.0,316.0
2017-09-26 10:00:00,308.0,0.0
2017-09-26 11:00:00,217.0,0.0
2017-09-26 12:00:00,135.0,0.0
2017-09-26 13:00:00,142.0,0.0
2017-09-26 14:00:00,140.0,0.0
2017-09-26 15:00:00,138.0,2528.0
2017-09-26 16:00:00,188.0,8216.0
2017-09-26 17:00:00,187.0,5372.0
2017-09-26 18:00:00,1853.0,8848.0
2017-09-26 19:00:00,1057.0,4108.0
2017-09-26 20:00:00,608.0,4108.0
2017-09-26 21:00:00,983.0,2528.0
2017-09-26 22:00:00,1423.0,632.0
2017-09-26 23:00:00,168.0,0.0
2017-09-27 00:00:00,163.0,0.0
2017-09-27 01:00:00,160.0,0.0
2017-09-27 02:00:00,152.0,0.0
2017-09-27 03:00:00,161.0,0.0
2017-09-27 04:00:00,165.0,0.0
2017-09-27 05:00:00,273.0,6004.0
2017-09-27 06:00:00,2169.0,8216.0
2017-09-27 07:00:00,900.0,5688.0
2017-09-27 08:00:00,151.0,0.0
2017-09-27 09:00:00,147.0,0.0
2017-09-27 10:00:00,146.0,0.0
2017-09-27 11:00:00,145.0,0.0
2017-09-27 12:00:00,134.0,0.0
2017-09-27 13:00:00,146.0,0.0
2017-09-27 14:00:00,205.0,0.0
2017-09-27 15:00:00,948.0,2528.0
2017-09-27 16:00:00,1671.0,6320.0
2017-09-27 17:00:00,502.0,4424.0
2017-09-27 18:00:00,1452.0,3476.0
2017-09-27 19:00:00,630.0,1580.0
2017-09-27 20:00:00,715.0,0.0
2017-09-27 21:00:00,490.0,316.0
2017-09-27 22:00:00,557.0,1896.0
2017-09-27 23:00:00,1340.0,632.0
2017-09-28 00:00:00,431.0,0.0
2017-09-28 01:00:00,178.0,0.0
2017-09-28 02:00:00,176.0,0.0
2017-09-28 03:00:00,166.0,0.0
2017-09-28 04:00:00,182.0,0.0
2017-09-28 05:00:00,322.0,2212.0
2017-09-28 06:00:00,804.0,3792.0
2017-09-28 07:00:00,437.0,0.0
2017-09-28 08:00:00,156.0,0.0
2017-09-28 09:00:00,146.0,0.0
2017-09-28 10:00:00,159.0,0.0
2017-09-28 11:00:00,162.0,0.0
2017-09-28 12:00:00,142.0,0.0
2017-09-28 13:00:00,149.0,0.0
2017-09-28 14:00:00,152.0,0.0
2017-09-28 15:00:00,149.0,2528.0
2017-09-28 16:00:00,199.0,6004.0
2017-09-28 17:00:00,625.0,4424.0
2017-09-28 18:00:00,1156.0,4424.0
2017-09-28 19:00:00,497.0,4740.0
2017-09-28 20:00:00,277.0,2528.0
2017-09-28 21:00:00,242.0,0.0
2017-09-28 22:00:00,268.0,632.0
2017-09-28 23:00:00,149.0,0.0
2017-09-29 00:00:00,140.0,0.0
2017-09-29 01:00:00,132.0,0.0
2017-09-29 02:00:00,152.0,0.0
2017-09-29 03:00:00,178.0,0.0
2017-09-29 04:00:00,233.0,0.0
2017-09-29 05:00:00,395.0,3160.0
2017-09-29 06:00:00,731.0,3476.0
2017-09-29 07:00:00,434.0,0.0
2017-09-29 08:00:00,238.0,316.0
2017-09-29 09:00:00,219.0,0.0
2017-09-29 10:00:00,213.0,0.0
2017-09-29 11:00:00,203.0,0.0
2017-09-29 12:00:00,721.0,0.0
2017-09-29 13:00:00,1139.0,0.0
2017-09-29 14:00:00,282.0,0.0
2017-09-29 15:00:00,221.0,2212.0
2017-09-29 16:00:00,244.0,6636.0
2017-09-29 17:00:00,1203.0,4740.0
2017-09-29 18:00:00,669.0,3160.0
2017-09-29 19:00:00,545.0,4108.0
2017-09-29 20:00:00,562.0,2528.0
2017-09-29 21:00:00,557.0,316.0
2017-09-29 22:00:00,945.0,1580.0
2017-09-29 23:00:00,616.0,316.0
2017-09-30 00:00:00,156.0,0.0
2017-09-30 01:00:00,155.0,0.0
2017-09-30 02:00:00,154.0,0.0
2017-09-30 03:00:00,154.0,0.0
2017-09-30 04:00:00,151.0,0.0
2017-09-30 05:00:00,144.0,0.0
2017-09-30 06:00:00,171.0,632.0
2017-09-30 07:00:00,647.0,4424.0
2017-09-30 08:00:00,617.0,2212.0
2017-09-30 09:00:00,1788.0,0.0
2017-09-30 10:00:00,202.0,0.0
2017-09-30 11:00:00,164.0,2844.0
2017-09-30 12:00:00,150.0,0.0
2017-09-30 13:00:00,149.0,0.0
2017-09-30 14:00:00,255.0,1264.0
2017-09-30 15:00:00,980.0,2844.0
2017-09-30 16:00:00,1086.0,8848.0
2017-09-30 17:00:00,1575.0,3792.0
2017-09-30 18:00:00,1252.0,5688.0
2017-09-30 19:00:00,506.0,4108.0
2017-09-30 20:00:00,545.0,4424.0
2017-09-30 21:00:00,1078.0,5688.0
2017-09-30 22:00:00,3125.0,316.0
2017-09-30 23:00:00,645.0,948.0
2017-10-01 00:00:00,157.0,0.0
2017-10-01 01:00:00,153.0,0.0
2017-10-01 02:00:00,151.0,0.0
2017-10-01 03:00:00,150.0,0.0
2017-10-01 04:00:00,134.0,0.0
2017-10-01 05:00:00,142.0,0.0
2017-10-01 06:00:00,142.0,0.0
2017-10-01 07:00:00,956.0,7268.0
2017-10-01 08:00:00,1851.0,3792.0
2017-10-01 09:00:00,1049.0,11376.0
2017-10-01 10:00:00,206.0,5372.0
2017-10-01 11:00:00,149.0,2212.0
2017-10-01 12:00:00,126.0,0.0
2017-10-01 13:00:00,131.0,0.0
2017-10-01 14:00:00,128.0,0.0
2017-10-01 15:00:00,126.0,2528.0
2017-10-01 16:00:00,172.0,8216.0
2017-10-01 17:00:00,245.0,5372.0
2017-10-01 18:00:00,679.0,4108.0
2017-10-01 19:00:00,576.0,4108.0
2017-10-01 20:00:00,1777.0,4424.0
2017-10-01 21:00:00,1245.0,3160.0
2017-10-01 22:00:00,652.0,632.0
2017-10-01 23:00:00,178.0,0.0
2017-10-02 00:00:00,130.0,0.0
2017-10-02 01:00:00,124.0,0.0
2017-10-02 02:00:00,140.0,0.0
2017-10-02 03:00:00,146.0,0.0
2017-10-02 04:00:00,124.0,0.0
2017-10-02 05:00:00,206.0,3792.0
2017-10-02 06:00:00,595.0,11060.0
2017-10-02 07:00:00,765.0,6320.0
2017-10-02 08:00:00,965.0,0.0
2017-10-02 09:00:00,149.0,0.0
2017-10-02 10:00:00,197.0,0.0
2017-10-02 11:00:00,137.0,0.0
2017-10-02 12:00:00,135.0,0.0
2017-10-02 13:00:00,138.0,0.0
2017-10-02 14:00:00,121.0,0.0
2017-10-02 15:00:00,144.0,2528.0
2017-10-02 16:00:00,179.0,7900.0
2017-10-02 17:00:00,471.0,6636.0
2017-10-02 18:00:00,476.0,6320.0
2017-10-02 19:00:00,366.0,8532.0
2017-10-02 20:00:00,809.0,7584.0
2017-10-02 21:00:00,890.0,6952.0
2017-10-02 22:00:00,137.0,0.0
2017-10-02 23:00:00,121.0,0.0
2017-10-03 00:00:00,123.0,0.0
2017-10-03 01:00:00,129.0,0.0
2017-10-03 02:00:00,136.0,0.0
2017-10-03 03:00:00,122.0,0.0
2017-10-03 04:00:00,137.0,0.0
2017-10-03 05:00:00,228.0,1896.0
2017-10-03 06:00:00,479.0,948.0
2017-10-03 07:00:00,1190.0,316.0
2017-10-03 08:00:00,565.0,0.0
2017-10-03 09:00:00,301.0,0.0
2017-10-03 10:00:00,454.0,316.0
2017-10-03 11:00:00,207.0,316.0
2017-10-03 12:00:00,129.0,0.0
2017-10-03 13:00:00,131.0,0.0
2017-10-03 14:00:00,121.0,0.0
2017-10-03 15:00:00,142.0,2528.0
2017-10-03 16:00:00,182.0,8848.0
2017-10-03 17:00:00,1491.0,6636.0
2017-10-03 18:00:00,879.0,4740.0
2017-10-03 19:00:00,534.0,8216.0
2017-10-03 20:00:00,309.0,4740.0
2017-10-03 21:00:00,275.0,4108.0
2017-10-03 22:00:00,235.0,0.0
2017-10-03 23:00:00,169.0,0.0
2017-10-04 00:00:00,134.0,0.0
2017-10-04 01:00:00,141.0,0.0
2017-10-04 02:00:00,147.0,0.0
2017-10-04 03:00:00,152.0,0.0
2017-10-04 04:00:00,139.0,0.0
2017-10-04 05:00:00,128.0,0.0
2017-10-04 06:00:00,452.0,1896.0
2017-10-04 07:00:00,994.0,316.0
2017-10-04 08:00:00,1026.0,0.0
2017-10-04 09:00:00,133.0,0.0
2017-10-04 10:00:00,133.0,0.0
2017-10-04 11:00:00,129.0,0.0
2017-10-04 12:00:00,131.0,0.0
2017-10-04 13:00:00,130.0,0.0
2017-10-04 14:00:00,147.0,0.0
2017-10-04 15:00:00,508.0,3476.0
2017-10-04 16:00:00,984.0,9164.0
2017-10-04 17:00:00,1171.0,7584.0
2017-10-04 18:00:00,840.0,8532.0
2017-10-04 19:00:00,1197.0,8848.0
2017-10-04 20:00:00,615.0,5372.0
2017-10-04 21:00:00,1206.0,4424.0
2017-10-04 22:00:00,1178.0,948.0
2017-10-04 23:00:00,1159.0,1896.0
2017-10-05 00:00:00,611.0,0.0
2017-10-05 01:00:00,142.0,0.0
2017-10-05 02:00:00,156.0,0.0
2017-10-05 03:00:00,158.0,0.0
2017-10-05 04:00:00,153.0,0.0
2017-10-05 05:00:00,236.0,2212.0
2017-10-05 06:00:00,607.0,9480.0
2017-10-05 07:00:00,397.0,7268.0
2017-10-05 08:00:00,132.0,0.0
2017-10-05 09:00:00,134.0,0.0
2017-10-05 10:00:00,134.0,0.0
2017-10-05 11:00:00,129.0,0.0
2017-10-05 12:00:00,127.0,0.0
2017-10-05 13:00:00,133.0,0.0
2017-10-05 14:00:00,133.0,0.0
2017-10-05 15:00:00,129.0,2528.0
2017-10-05 16:00:00,369.0,8532.0
2017-10-05 17:00:00,924.0,5372.0
2017-10-05 18:00:00,373.0,6952.0
2017-10-05 19:00:00,1339.0,7268.0
2017-10-05 20:00:00,890.0,4424.0
2017-10-05 21:00:00,709.0,3476.0
2017-10-05 22:00:00,686.0,4424.0
2017-10-05 23:00:00,1466.0,632.0
2017-10-06 00:00:00,792.0,0.0
2017-10-06 01:00:00,143.0,0.0
2017-10-06 02:00:00,149.0,0.0
2017-10-06 03:00:00,144.0,0.0
2017-10-06 04:00:00,135.0,0.0
2017-10-06 05:00:00,142.0,0.0
2017-10-06 06:00:00,511.0,7268.0
2017-10-06 07:00:00,468.0,10112.0
2017-10-06 08:00:00,125.0,0.0
2017-10-06 09:00:00,128.0,0.0
2017-10-06 10:00:00,120.0,0.0
2017-10-06 11:00:00,136.0,0.0
2017-10-06 12:00:00,164.0,0.0
2017-10-06 13:00:00,144.0,0.0
2017-10-06 14:00:00,137.0,0.0
2017-10-06 15:00:00,275.0,7584.0
2017-10-06 16:00:00,816.0,7900.0
2017-10-06 17:00:00,1253.0,10744.0
2017-10-06 18:00:00,1127.0,8532.0
2017-10-06 19:00:00,852.0,4424.0
2017-10-06 20:00:00,800.0,5372.0
2017-10-06 21:00:00,1426.0,3792.0
2017-10-06 22:00:00,889.0,948.0
2017-10-06 23:00:00,145.0,0.0
2017-10-07 00:00:00,139.0,0.0
2017-10-07 01:00:00,145.0,0.0
2017-10-07 02:00:00,150.0,0.0
2017-10-07 03:00:00,149.0,0.0
2017-10-07 04:00:00,146.0,0.0
2017-10-07 05:00:00,138.0,0.0
2017-10-07 06:00:00,176.0,2528.0
2017-10-07 07:00:00,695.0,4424.0
2017-10-07 08:00:00,563.0,2212.0
2017-10-07 09:00:00,1969.0,0.0
2017-10-07 10:00:00,657.0,316.0
2017-10-07 11:00:00,630.0,6952.0
2017-10-07 12:00:00,575.0,632.0
2017-10-07 13:00:00,260.0,0.0
2017-10-07 14:00:00,182.0,0.0
2017-10-07 15:00:00,170.0,2528.0
2017-10-07 16:00:00,336.0,10112.0
2017-10-07 17:00:00,215.0,7584.0
2017-10-07 18:00:00,237.0,7268.0
2017-10-07 19:00:00,494.0,10112.0
2017-10-07 20:00:00,459.0,8532.0
2017-10-07 21:00:00,545.0,5372.0
2017-10-07 22:00:00,330.0,2844.0
2017-10-07 23:00:00,153.0,0.0
2017-10-08 00:00:00,140.0,0.0
2017-10-08 01:00:00,132.0,0.0
2017-10-08 02:00:00,128.0,0.0
2017-10-08 03:00:00,129.0,0.0
2017-10-08 04:00:00,136.0,0.0
2017-10-08 05:00:00,129.0,0.0
2017-10-08 06:00:00,120.0,0.0
2017-10-08 07:00:00,125.0,0.0
2017-10-08 08:00:00,2018.0,2844.0
2017-10-08 09:00:00,849.0,2212.0
2017-10-08 10:00:00,1724.0,632.0
2017-10-08 11:00:00,940.0,0.0
2017-10-08 12:00:00,180.0,0.0
2017-10-08 13:00:00,188.0,0.0
2017-10-08 14:00:00,312.0,8848.0
2017-10-08 15:00:00,266.0,7900.0
2017-10-08 16:00:00,228.0,7584.0
2017-10-08 17:00:00,224.0,6952.0
2017-10-08 18:00:00,235.0,6952.0
2017-10-08 19:00:00,480.0,8532.0
2017-10-08 20:00:00,956.0,4424.0
2017-10-08 21:00:00,1577.0,3160.0
2017-10-08 22:00:00,266.0,0.0
2017-10-08 23:00:00,412.0,1264.0
2017-10-09 00:00:00,133.0,0.0
2017-10-09 01:00:00,127.0,0.0
2017-10-09 02:00:00,125.0,0.0
2017-10-09 03:00:00,132.0,0.0
2017-10-09 04:00:00,139.0,0.0
2017-10-09 05:00:00,225.0,1580.0
2017-10-09 06:00:00,528.0,3792.0
2017-10-09 07:00:00,397.0,316.0
2017-10-09 08:00:00,164.0,0.0
2017-10-09 09:00:00,164.0,0.0
2017-10-09 10:00:00,149.0,0.0
2017-10-09 11:00:00,133.0,0.0
2017-10-09 12:00:00,152.0,0.0
2017-10-09 13:00:00,151.0,0.0
2017-10-09 14:00:00,147.0,0.0
2017-10-09 15:00:00,235.0,2844.0
2017-10-09 16:00:00,1003.0,8532.0
2017-10-09 17:00:00,461.0,6004.0
2017-10-09 18:00:00,1409.0,4424.0
2017-10-09 19:00:00,823.0,4740.0
2017-10-09 20:00:00,533.0,4108.0
2017-10-09 21:00:00,655.0,2212.0
2017-10-09 22:00:00,1365.0,316.0
2017-10-09 23:00:00,207.0,0.0
2017-10-10 00:00:00,157.0,0.0
2017-10-10 01:00:00,160.0,0.0
2017-10-10 02:00:00,154.0,0.0
2017-10-10 03:00:00,182.0,0.0
2017-10-10 04:00:00,167.0,0.0
2017-10-10 05:00:00,188.0,2212.0
2017-10-10 06:00:00,1199.0,9796.0
2017-10-10 07:00:00,573.0,6952.0
2017-10-10 08:00:00,321.0,632.0
2017-10-10 09:00:00,273.0,632.0
2017-10-10 10:00:00,572.0,632.0
2017-10-10 11:00:00,307.0,3792.0
2017-10-10 12:00:00,688.0,8848.0
2017-10-10 13:00:00,313.0,2528.0
2017-10-10 14:00:00,272.0,316.0
2017-10-10 15:00:00,325.0,2212.0
2017-10-10 16:00:00,355.0,7900.0
2017-10-10 17:00:00,898.0,4740.0
2017-10-10 18:00:00,568.0,4424.0
2017-10-10 19:00:00,808.0,11060.0
2017-10-10 20:00:00,712.0,7584.0
2017-10-10 21:00:00,1330.0,11060.0
2017-10-10 22:00:00,622.0,316.0
2017-10-10 23:00:00,153.0,0.0
2017-10-11 00:00:00,147.0,0.0
2017-10-11 01:00:00,149.0,0.0
2017-10-11 02:00:00,155.0,0.0
2017-10-11 03:00:00,155.0,0.0
2017-10-11 04:00:00,156.0,0.0
2017-10-11 05:00:00,178.0,1896.0
2017-10-11 06:00:00,620.0,10112.0
2017-10-11 07:00:00,361.0,7268.0
2017-10-11 08:00:00,134.0,0.0
2017-10-11 09:00:00,131.0,0.0
2017-10-11 10:00:00,126.0,0.0
2017-10-11 11:00:00,118.0,0.0
2017-10-11 12:00:00,132.0,0.0
2017-10-11 13:00:00,157.0,0.0
2017-10-11 14:00:00,191.0,316.0
2017-10-11 15:00:00,296.0,2528.0
2017-10-11 16:00:00,487.0,9796.0
2017-10-11 17:00:00,1092.0,6004.0
2017-10-11 18:00:00,1654.0,10428.0
2017-10-11 19:00:00,611.0,2844.0
2017-10-11 20:00:00,1444.0,4424.0
2017-10-11 21:00:00,1855.0,5056.0
2017-10-11 22:00:00,300.0,316.0
2017-10-11 23:00:00,155.0,0.0
2017-10-12 00:00:00,148.0,0.0
2017-10-12 01:00:00,140.0,0.0
2017-10-12 02:00:00,148.0,0.0
2017-10-12 03:00:00,145.0,0.0
2017-10-12 04:00:00,144.0,0.0
2017-10-12 05:00:00,233.0,6004.0
2017-10-12 06:00:00,804.0,3792.0
2017-10-12 07:00:00,515.0,0.0
2017-10-12 08:00:00,143.0,0.0
2017-10-12 09:00:00,148.0,0.0
2017-10-12 10:00:00,149.0,0.0
2017-10-12 11:00:00,146.0,0.0
2017-10-12 12:00:00,151.0,0.0
2017-10-12 13:00:00,140.0,0.0
2017-10-12 14:00:00,134.0,0.0
2017-10-12 15:00:00,153.0,1896.0
2017-10-12 16:00:00,1397.0,9480.0
2017-10-12 17:00:00,651.0,5056.0
2017-10-12 18:00:00,316.0,7268.0
2017-10-12 19:00:00,663.0,6004.0
2017-10-12 20:00:00,388.0,6004.0
2017-10-12 21:00:00,830.0,4424.0
2017-10-12 22:00:00,2094.0,632.0
2017-10-12 23:00:00,296.0,948.0
2017-10-13 00:00:00,141.0,0.0
2017-10-13 01:00:00,136.0,0.0
2017-10-13 02:00:00,140.0,0.0
2017-10-13 03:00:00,145.0,0.0
2017-10-13 04:00:00,138.0,0.0
2017-10-13 05:00:00,139.0,0.0
2017-10-13 06:00:00,547.0,4424.0
2017-10-13 07:00:00,403.0,2212.0
2017-10-13 08:00:00,174.0,0.0
2017-10-13 09:00:00,128.0,0.0
2017-10-13 10:00:00,122.0,0.0
2017-10-13 11:00:00,162.0,316.0
2017-10-13 12:00:00,404.0,316.0
2017-10-13 13:00:00,143.0,316.0
2017-10-13 14:00:00,129.0,0.0
2017-10-13 15:00:00,152.0,5056.0
2017-10-13 16:00:00,596.0,6636.0
2017-10-13 17:00:00,704.0,5688.0
2017-10-13 18:00:00,1339.0,5372.0
2017-10-13 19:00:00,1884.0,4424.0
2017-10-13 20:00:00,803.0,6004.0
2017-10-13 21:00:00,1784.0,1264.0
2017-10-13 22:00:00,624.0,632.0
2017-10-13 23:00:00,210.0,632.0
2017-10-14 00:00:00,140.0,0.0
2017-10-14 01:00:00,140.0,0.0
2017-10-14 02:00:00,142.0,0.0
2017-10-14 03:00:00,144.0,0.0
2017-10-14 04:00:00,142.0,0.0
2017-10-14 05:00:00,139.0,0.0
2017-10-14 06:00:00,140.0,0.0
2017-10-14 07:00:00,151.0,0.0
2017-10-14 08:00:00,2106.0,4108.0
2017-10-14 09:00:00,654.0,4108.0
2017-10-14 10:00:00,146.0,0.0
2017-10-14 11:00:00,133.0,0.0
2017-10-14 12:00:00,123.0,0.0
2017-10-14 13:00:00,272.0,632.0
2017-10-14 14:00:00,120.0,0.0
2017-10-14 15:00:00,144.0,2528.0
2017-10-14 16:00:00,315.0,8532.0
2017-10-14 17:00:00,3276.0,6004.0
2017-10-14 18:00:00,1170.0,4424.0
2017-10-14 19:00:00,602.0,3160.0
2017-10-14 20:00:00,497.0,4108.0
2017-10-14 21:00:00,1439.0,4424.0
2017-10-14 22:00:00,1235.0,0.0
2017-10-14 23:00:00,376.0,632.0
2017-10-15 00:00:00,164.0,316.0
2017-10-15 01:00:00,121.0,0.0
2017-10-15 02:00:00,131.0,0.0
2017-10-15 03:00:00,144.0,0.0
2017-10-15 04:00:00,134.0,0.0
2017-10-15 05:00:00,122.0,0.0
2017-10-15 06:00:00,125.0,0.0
2017-10-15 07:00:00,132.0,0.0
2017-10-15 08:00:00,721.0,948.0
2017-10-15 09:00:00,1112.0,4108.0
2017-10-15 10:00:00,2647.0,2528.0
2017-10-15 11:00:00,1220.0,1896.0
2017-10-15 12:00:00,1178.0,0.0
2017-10-15 13:00:00,147.0,0.0
2017-10-15 14:00:00,145.0,0.0
2017-10-15 15:00:00,909.0,2844.0
2017-10-15 16:00:00,2254.0,6004.0
2017-10-15 17:00:00,2127.0,3160.0
2017-10-15 18:00:00,901.0,316.0
2017-10-15 19:00:00,610.0,2844.0
2017-10-15 20:00:00,598.0,6952.0
2017-10-15 21:00:00,2397.0,6004.0
2017-10-15 22:00:00,679.0,632.0
2017-10-15 23:00:00,170.0,0.0
2017-10-16 00:00:00,163.0,0.0
2017-10-16 01:00:00,165.0,0.0
2017-10-16 02:00:00,165.0,0.0
2017-10-16 03:00:00,168.0,0.0
2017-10-16 04:00:00,162.0,0.0
2017-10-16 05:00:00,191.0,1580.0
2017-10-16 06:00:00,525.0,4740.0
2017-10-16 07:00:00,593.0,632.0
2017-10-16 08:00:00,318.0,948.0
2017-10-16 09:00:00,137.0,0.0
2017-10-16 10:00:00,138.0,0.0
2017-10-16 11:00:00,124.0,0.0
2017-10-16 12:00:00,120.0,0.0
2017-10-16 13:00:00,130.0,0.0
2017-10-16 14:00:00,126.0,0.0
2017-10-16 15:00:00,131.0,2528.0
2017-10-16 16:00:00,1124.0,9480.0
2017-10-16 17:00:00,664.0,10428.0
2017-10-16 18:00:00,1020.0,7584.0
2017-10-16 19:00:00,604.0,7268.0
2017-10-16 20:00:00,1628.0,9164.0
2017-10-16 21:00:00,2685.0,7268.0
2017-10-16 22:00:00,765.0,316.0
2017-10-16 23:00:00,1282.0,632.0
2017-10-17 00:00:00,147.0,0.0
2017-10-17 01:00:00,138.0,0.0
2017-10-17 02:00:00,134.0,0.0
2017-10-17 03:00:00,143.0,0.0
2017-10-17 04:00:00,147.0,0.0
2017-10-17 05:00:00,169.0,632.0
2017-10-17 06:00:00,624.0,9480.0
2017-10-17 07:00:00,413.0,6320.0
2017-10-17 08:00:00,139.0,0.0
2017-10-17 09:00:00,116.0,0.0
2017-10-17 10:00:00,117.0,0.0
2017-10-17 11:00:00,132.0,0.0
2017-10-17 12:00:00,124.0,0.0
2017-10-17 13:00:00,120.0,0.0
2017-10-17 14:00:00,127.0,0.0
2017-10-17 15:00:00,138.0,2528.0
2017-10-17 16:00:00,170.0,8216.0
2017-10-17 17:00:00,1386.0,4108.0
2017-10-17 18:00:00,1513.0,4740.0
2017-10-17 19:00:00,1069.0,7268.0
2017-10-17 20:00:00,866.0,7900.0
2017-10-17 21:00:00,335.0,5056.0
2017-10-17 22:00:00,392.0,316.0
2017-10-17 23:00:00,209.0,632.0
2017-10-18 00:00:00,153.0,0.0
2017-10-18 01:00:00,143.0,0.0
2017-10-18 02:00:00,133.0,0.0
2017-10-18 03:00:00,143.0,0.0
2017-10-18 04:00:00,148.0,0.0
2017-10-18 05:00:00,144.0,0.0
2017-10-18 06:00:00,596.0,12640.0
2017-10-18 07:00:00,621.0,7268.0
2017-10-18 08:00:00,261.0,0.0
2017-10-18 09:00:00,230.0,0.0
2017-10-18 10:00:00,250.0,0.0
2017-10-18 11:00:00,250.0,0.0
2017-10-18 12:00:00,376.0,2844.0
2017-10-18 13:00:00,730.0,3160.0
2017-10-18 14:00:00,1231.0,0.0
2017-10-18 15:00:00,204.0,316.0
2017-10-18 16:00:00,242.0,7900.0
2017-10-18 17:00:00,1417.0,5688.0
2017-10-18 18:00:00,611.0,7900.0
2017-10-18 19:00:00,2083.0,5372.0
2017-10-18 20:00:00,1397.0,10112.0
2017-10-18 21:00:00,812.0,3476.0
2017-10-18 22:00:00,259.0,2528.0
2017-10-18 23:00:00,188.0,0.0
2017-10-19 00:00:00,145.0,0.0
2017-10-19 01:00:00,140.0,0.0
2017-10-19 02:00:00,138.0,0.0
2017-10-19 03:00:00,124.0,0.0
2017-10-19 04:00:00,141.0,0.0
2017-10-19 05:00:00,154.0,0.0
2017-10-19 06:00:00,212.0,2528.0
2017-10-19 07:00:00,3561.0,6004.0
2017-10-19 08:00:00,843.0,4424.0
2017-10-19 09:00:00,378.0,0.0
2017-10-19 10:00:00,230.0,0.0
2017-10-19 11:00:00,179.0,0.0
2017-10-19 12:00:00,171.0,0.0
2017-10-19 13:00:00,182.0,0.0
2017-10-19 14:00:00,178.0,0.0
2017-10-19 15:00:00,178.0,2844.0
2017-10-19 16:00:00,967.0,9164.0
2017-10-19 17:00:00,1132.0,7584.0
2017-10-19 18:00:00,539.0,6636.0
2017-10-19 19:00:00,475.0,7900.0
2017-10-19 20:00:00,1571.0,11060.0
2017-10-19 21:00:00,1290.0,3476.0
2017-10-19 22:00:00,1389.0,3476.0
2017-10-19 23:00:00,923.0,948.0
2017-10-20 00:00:00,115.0,0.0
2017-10-20 01:00:00,115.0,0.0
2017-10-20 02:00:00,126.0,0.0
2017-10-20 03:00:00,128.0,0.0
2017-10-20 04:00:00,116.0,0.0
2017-10-20 05:00:00,120.0,0.0
2017-10-20 06:00:00,123.0,0.0
2017-10-20 07:00:00,243.0,1264.0
2017-10-20 08:00:00,877.0,10428.0
2017-10-20 09:00:00,914.0,8848.0
2017-10-20 10:00:00,346.0,6320.0
2017-10-20 11:00:00,1104.0,3792.0
2017-10-20 12:00:00,225.0,316.0
2017-10-20 13:00:00,79.0,0.0
2017-10-20 14:00:00,79.0,0.0
2017-10-20 15:00:00,98.0,2528.0
2017-10-20 16:00:00,135.0,6320.0
2017-10-20 17:00:00,131.0,6320.0
2017-10-20 18:00:00,110.0,4740.0
2017-10-20 19:00:00,133.0,4740.0
2017-10-20 20:00:00,134.0,5056.0
2017-10-20 21:00:00,112.0,3792.0
2017-10-20 22:00:00,80.0,0.0
2017-10-20 23:00:00,88.0,0.0
2017-10-21 00:00:00,83.0,0.0
2017-10-21 01:00:00,72.0,0.0
2017-10-21 02:00:00,88.0,0.0
2017-10-21 03:00:00,84.0,0.0
2017-10-21 04:00:00,72.0,0.0
2017-10-21 05:00:00,89.0,0.0
2017-10-21 06:00:00,80.0,0.0
2017-10-21 07:00:00,84.0,0.0
2017-10-21 08:00:00,91.0,0.0
2017-10-21 09:00:00,82.0,0.0
2017-10-21 10:00:00,77.0,0.0
2017-10-21 11:00:00,92.0,0.0
2017-10-21 12:00:00,77.0,0.0
2017-10-21 13:00:00,77.0,0.0
2017-10-21 14:00:00,87.0,0.0
2017-10-21 15:00:00,106.0,2844.0
2017-10-21 16:00:00,116.0,10112.0
2017-10-21 17:00:00,133.0,7584.0
2017-10-21 18:00:00,140.0,8532.0
2017-10-21 19:00:00,114.0,8216.0
2017-10-21 20:00:00,137.0,7900.0
2017-10-21 21:00:00,134.0,4424.0
2017-10-21 22:00:00,82.0,0.0
2017-10-21 23:00:00,77.0,0.0
2017-10-22 00:00:00,89.0,0.0
2017-10-22 01:00:00,89.0,0.0
2017-10-22 02:00:00,75.0,0.0
2017-10-22 03:00:00,87.0,0.0
2017-10-22 04:00:00,90.0,0.0
2017-10-22 05:00:00,82.0,0.0
2017-10-22 06:00:00,80.0,0.0
2017-10-22 07:00:00,86.0,0.0
2017-10-22 08:00:00,86.0,0.0
2017-10-22 09:00:00,73.0,0.0
2017-10-22 10:00:00,89.0,0.0
2017-10-22 11:00:00,89.0,0.0
2017-10-22 12:00:00,71.0,0.0
2017-10-22 13:00:00,91.0,0.0
2017-10-22 14:00:00,91.0,0.0
2017-10-22 15:00:00,87.0,0.0
2017-10-22 16:00:00,139.0,0.0
2017-10-22 17:00:00,143.0,0.0
2017-10-22 18:00:00,128.0,0.0
2017-10-22 19:00:00,138.0,0.0
2017-10-22 20:00:00,148.0,0.0
2017-10-22 21:00:00,119.0,0.0
2017-10-22 22:00:00,83.0,0.0
2017-10-22 23:00:00,88.0,0.0
2017-10-23 00:00:00,76.0,0.0
2017-10-23 01:00:00,83.0,0.0
2017-10-23 02:00:00,89.0,0.0
2017-10-23 03:00:00,73.0,0.0
2017-10-23 04:00:00,87.0,0.0
2017-10-23 05:00:00,90.0,0.0
2017-10-23 06:00:00,72.0,0.0
2017-10-23 07:00:00,90.0,0.0
2017-10-23 08:00:00,87.0,0.0
2017-10-23 09:00:00,77.0,0.0
2017-10-23 10:00:00,91.0,0.0
2017-10-23 11:00:00,79.0,0.0
2017-10-23 12:00:00,79.0,0.0
2017-10-23 13:00:00,90.0,0.0
2017-10-23 14:00:00,219.0,0.0
2017-10-23 15:00:00,872.0,2212.0
2017-10-23 16:00:00,829.0,10744.0
2017-10-23 17:00:00,1661.0,9796.0
2017-10-23 18:00:00,616.0,13272.0
2017-10-23 19:00:00,517.0,15800.0
2017-10-23 20:00:00,1492.0,14852.0
2017-10-23 21:00:00,2144.0,11376.0
2017-10-23 22:00:00,804.0,6004.0
2017-10-23 23:00:00,739.0,632.0
2017-10-24 00:00:00,148.0,0.0
2017-10-24 01:00:00,145.0,0.0
2017-10-24 02:00:00,143.0,0.0
2017-10-24 03:00:00,149.0,0.0
2017-10-24 04:00:00,149.0,0.0
2017-10-24 05:00:00,188.0,2844.0
2017-10-24 06:00:00,828.0,6636.0
2017-10-24 07:00:00,381.0,316.0
2017-10-24 08:00:00,166.0,0.0
2017-10-24 09:00:00,155.0,0.0
2017-10-24 10:00:00,422.0,948.0
2017-10-24 11:00:00,243.0,316.0
2017-10-24 12:00:00,124.0,0.0
2017-10-24 13:00:00,137.0,0.0
2017-10-24 14:00:00,137.0,0.0
2017-10-24 15:00:00,144.0,2528.0
2017-10-24 16:00:00,176.0,10112.0
2017-10-24 17:00:00,877.0,8532.0
2017-10-24 18:00:00,586.0,8532.0
2017-10-24 19:00:00,603.0,16116.0
2017-10-24 20:00:00,545.0,7268.0
2017-10-24 21:00:00,1575.0,6952.0
2017-10-24 22:00:00,1763.0,1896.0
2017-10-24 23:00:00,149.0,0.0
2017-10-25 00:00:00,143.0,0.0
2017-10-25 01:00:00,142.0,0.0
2017-10-25 02:00:00,153.0,0.0
2017-10-25 03:00:00,148.0,0.0
2017-10-25 04:00:00,145.0,0.0
2017-10-25 05:00:00,195.0,632.0
2017-10-25 06:00:00,637.0,5056.0
2017-10-25 07:00:00,426.0,0.0
2017-10-25 08:00:00,192.0,0.0
2017-10-25 09:00:00,137.0,0.0
2017-10-25 10:00:00,132.0,0.0
2017-10-25 11:00:00,124.0,0.0
2017-10-25 12:00:00,126.0,0.0
2017-10-25 13:00:00,194.0,0.0
2017-10-25 14:00:00,950.0,0.0
2017-10-25 15:00:00,1073.0,6636.0
2017-10-25 16:00:00,307.0,8216.0
2017-10-25 17:00:00,183.0,5372.0
2017-10-25 18:00:00,153.0,0.0
2017-10-25 21:00:00,1620.0,2212.0
2017-10-25 22:00:00,1739.0,632.0
2017-10-25 23:00:00,171.0,0.0
2017-10-26 00:00:00,160.0,0.0
2017-10-26 01:00:00,161.0,0.0
2017-10-26 02:00:00,166.0,0.0
2017-10-26 05:00:00,282.0,5688.0
2017-10-26 06:00:00,585.0,316.0
2017-10-26 07:00:00,1223.0,7584.0
2017-10-26 08:00:00,712.0,0.0
2017-10-26 09:00:00,176.0,0.0
2017-10-26 10:00:00,172.0,0.0
2017-10-26 11:00:00,172.0,0.0
2017-10-26 12:00:00,170.0,0.0
2017-10-26 13:00:00,162.0,0.0
2017-10-26 14:00:00,166.0,0.0
2017-10-26 15:00:00,271.0,2528.0
2017-10-26 16:00:00,302.0,8848.0
2017-10-26 17:00:00,1198.0,6952.0
2017-10-26 18:00:00,1137.0,6952.0
2017-10-26 19:00:00,483.0,6952.0
2017-10-26 20:00:00,445.0,7268.0
2017-10-26 21:00:00,382.0,3476.0
2017-10-26 22:00:00,339.0,1580.0
2017-10-26 23:00:00,196.0,0.0
2017-10-27 00:00:00,168.0,0.0
2017-10-27 01:00:00,158.0,0.0
2017-10-27 02:00:00,157.0,0.0
2017-10-27 03:00:00,165.0,0.0
2017-10-27 04:00:00,169.0,0.0
2017-10-27 05:00:00,170.0,0.0
2017-10-27 06:00:00,615.0,9164.0
2017-10-27 07:00:00,487.0,8216.0
2017-10-27 08:00:00,138.0,0.0
2017-10-27 09:00:00,142.0,0.0
2017-10-27 10:00:00,141.0,0.0
2017-10-27 11:00:00,431.0,0.0
2017-10-27 12:00:00,346.0,0.0
2017-10-27 13:00:00,212.0,2212.0
2017-10-27 14:00:00,266.0,8848.0
2017-10-27 15:00:00,235.0,6004.0
2017-10-27 16:00:00,222.0,4424.0
2017-10-27 17:00:00,1303.0,7268.0
2017-10-27 18:00:00,674.0,4424.0
2017-10-27 19:00:00,452.0,6636.0
2017-10-27 20:00:00,979.0,10112.0
2017-10-27 21:00:00,3153.0,3160.0
2017-10-27 22:00:00,437.0,632.0
2017-10-27 23:00:00,230.0,632.0
2017-10-28 00:00:00,133.0,0.0
2017-10-28 01:00:00,131.0,0.0
2017-10-28 02:00:00,147.0,0.0
2017-10-28 03:00:00,135.0,0.0
2017-10-28 04:00:00,135.0,0.0
2017-10-28 05:00:00,126.0,0.0
2017-10-28 06:00:00,133.0,0.0
2017-10-28 07:00:00,1085.0,3792.0
2017-10-28 08:00:00,1687.0,4424.0
2017-10-28 09:00:00,269.0,948.0
2017-10-28 10:00:00,149.0,1580.0
2017-10-28 11:00:00,202.0,632.0
2017-10-28 12:00:00,263.0,0.0
2017-10-28 13:00:00,818.0,316.0
2017-10-28 14:00:00,2179.0,632.0
2017-10-28 15:00:00,437.0,3476.0
2017-10-28 16:00:00,265.0,7900.0
2017-10-28 17:00:00,1249.0,6636.0
2017-10-28 18:00:00,1823.0,6636.0
2017-10-28 19:00:00,771.0,6320.0
2017-10-28 20:00:00,880.0,6004.0
2017-10-28 21:00:00,1649.0,3792.0
2017-10-28 22:00:00,463.0,0.0
2017-10-28 23:00:00,408.0,316.0
2017-10-29 00:00:00,245.0,632.0
2017-10-29 01:00:00,152.0,0.0
2017-10-29 02:00:00,151.0,0.0
2017-10-29 03:00:00,151.0,0.0
2017-10-29 04:00:00,137.0,0.0
2017-10-29 05:00:00,134.0,0.0
2017-10-29 06:00:00,145.0,316.0
2017-10-29 07:00:00,144.0,0.0
2017-10-29 08:00:00,708.0,5372.0
2017-10-29 09:00:00,505.0,1264.0
2017-10-29 10:00:00,320.0,10744.0
2017-10-29 11:00:00,927.0,2212.0
2017-10-29 12:00:00,927.0,2844.0
2017-10-29 13:00:00,132.0,0.0
2017-10-29 14:00:00,126.0,0.0
2017-10-29 15:00:00,123.0,0.0
2017-10-29 16:00:00,128.0,2528.0
2017-10-29 17:00:00,181.0,8532.0
2017-10-29 18:00:00,1830.0,12956.0
2017-10-29 19:00:00,1722.0,13588.0
2017-10-29 20:00:00,1811.0,13588.0
2017-10-29 21:00:00,748.0,12324.0
2017-10-29 22:00:00,588.0,11376.0
2017-10-29 23:00:00,441.0,2844.0
2017-10-30 00:00:00,158.0,0.0
2017-10-30 01:00:00,148.0,0.0
2017-10-30 02:00:00,153.0,0.0
2017-10-30 03:00:00,156.0,0.0
2017-10-30 04:00:00,152.0,0.0
2017-10-30 05:00:00,148.0,0.0
2017-10-30 06:00:00,186.0,4108.0
2017-10-30 07:00:00,600.0,5688.0
2017-10-30 08:00:00,886.0,6952.0
2017-10-30 09:00:00,1007.0,0.0
2017-10-30 10:00:00,142.0,0.0
2017-10-30 11:00:00,136.0,0.0
2017-10-30 12:00:00,135.0,0.0
2017-10-30 13:00:00,132.0,0.0
2017-10-30 14:00:00,135.0,0.0
2017-10-30 15:00:00,137.0,0.0
2017-10-30 16:00:00,150.0,2528.0
2017-10-30 17:00:00,170.0,9164.0
2017-10-30 18:00:00,246.0,7584.0
2017-10-30 19:00:00,509.0,7584.0
2017-10-30 20:00:00,1400.0,9164.0
2017-10-30 21:00:00,384.0,7268.0
2017-10-30 22:00:00,498.0,11060.0
2017-10-30 23:00:00,319.0,3476.0
2017-10-31 00:00:00,158.0,0.0
2017-10-31 01:00:00,144.0,0.0
2017-10-31 02:00:00,144.0,0.0
2017-10-31 03:00:00,154.0,0.0
2017-10-31 04:00:00,147.0,0.0
2017-10-31 05:00:00,145.0,0.0
2017-10-31 06:00:00,275.0,7900.0
2017-10-31 07:00:00,628.0,948.0
2017-10-31 08:00:00,1117.0,316.0
2017-10-31 09:00:00,654.0,0.0
2017-10-31 10:00:00,321.0,0.0
2017-10-31 11:00:00,500.0,632.0
2017-10-31 12:00:00,202.0,316.0
2017-10-31 13:00:00,126.0,0.0
2017-10-31 14:00:00,140.0,0.0
2017-10-31 15:00:00,137.0,0.0
2017-10-31 16:00:00,153.0,2528.0
2017-10-31 17:00:00,300.0,8532.0
2017-10-31 18:00:00,417.0,9164.0
2017-10-31 19:00:00,905.0,8532.0
2017-10-31 20:00:00,1681.0,10112.0
2017-10-31 21:00:00,529.0,12008.0
2017-10-31 22:00:00,528.0,10744.0
2017-10-31 23:00:00,294.0,632.0
2017-11-01 00:00:00,154.0,0.0
2017-11-01 01:00:00,154.0,0.0
2017-11-01 02:00:00,146.0,0.0
2017-11-01 03:00:00,145.0,0.0
2017-11-01 04:00:00,143.0,0.0
2017-11-01 05:00:00,141.0,0.0
2017-11-01 06:00:00,195.0,4424.0
2017-11-01 07:00:00,761.0,10112.0
2017-11-01 08:00:00,1442.0,6952.0
2017-11-01 09:00:00,1199.0,0.0
2017-11-01 10:00:00,156.0,0.0
2017-11-01 11:00:00,155.0,0.0
2017-11-01 12:00:00,149.0,0.0
2017-11-01 13:00:00,151.0,0.0
2017-11-01 14:00:00,163.0,316.0
2017-11-01 15:00:00,330.0,632.0
2017-11-01 16:00:00,1948.0,3792.0
2017-11-01 17:00:00,1231.0,8216.0
2017-11-01 18:00:00,392.0,7584.0
2017-11-01 19:00:00,639.0,9796.0
2017-11-01 20:00:00,631.0,9164.0
2017-11-01 21:00:00,1332.0,6320.0
2017-11-01 22:00:00,2280.0,4424.0
2017-11-01 23:00:00,521.0,948.0
2017-11-02 00:00:00,144.0,0.0
2017-11-02 01:00:00,144.0,0.0
2017-11-02 02:00:00,147.0,0.0
2017-11-02 03:00:00,151.0,0.0
2017-11-02 04:00:00,150.0,0.0
2017-11-02 05:00:00,138.0,0.0
2017-11-02 06:00:00,201.0,2528.0
2017-11-02 07:00:00,615.0,12008.0
2017-11-02 08:00:00,361.0,7268.0
2017-11-02 09:00:00,138.0,0.0
2017-11-02 10:00:00,131.0,0.0
2017-11-02 11:00:00,132.0,0.0
2017-11-02 12:00:00,137.0,0.0
2017-11-02 13:00:00,134.0,0.0
2017-11-02 14:00:00,131.0,0.0
2017-11-02 15:00:00,123.0,0.0
2017-11-02 16:00:00,279.0,2528.0
2017-11-02 17:00:00,690.0,9164.0
2017-11-02 18:00:00,968.0,8216.0
2017-11-02 19:00:00,397.0,8848.0
2017-11-02 20:00:00,286.0,7900.0
2017-11-02 21:00:00,772.0,13588.0
2017-11-02 22:00:00,418.0,6320.0
2017-11-02 23:00:00,343.0,1264.0
2017-11-03 00:00:00,177.0,0.0
2017-11-03 01:00:00,136.0,0.0
2017-11-03 02:00:00,142.0,0.0
2017-11-03 03:00:00,142.0,0.0
2017-11-03 04:00:00,142.0,0.0
2017-11-03 05:00:00,137.0,0.0
2017-11-03 06:00:00,138.0,632.0
2017-11-03 07:00:00,394.0,1896.0
2017-11-03 08:00:00,824.0,316.0
2017-11-03 09:00:00,1102.0,0.0
2017-11-03 10:00:00,189.0,0.0
2017-11-03 11:00:00,179.0,0.0
2017-11-03 12:00:00,378.0,3476.0
2017-11-03 13:00:00,307.0,9164.0
2017-11-03 14:00:00,223.0,3160.0
2017-11-03 15:00:00,203.0,0.0
2017-11-03 16:00:00,1121.0,5056.0
2017-11-03 17:00:00,917.0,8848.0
2017-11-03 18:00:00,378.0,7584.0
2017-11-03 19:00:00,432.0,10112.0
2017-11-03 20:00:00,529.0,11060.0
2017-11-03 21:00:00,2691.0,6004.0
2017-11-03 22:00:00,275.0,5056.0
2017-11-03 23:00:00,337.0,6952.0
2017-11-04 00:00:00,275.0,7584.0
2017-11-04 01:00:00,183.0,6004.0
2017-11-04 02:00:00,191.0,6952.0
2017-11-04 03:00:00,188.0,6952.0
2017-11-04 04:00:00,180.0,6636.0
2017-11-04 05:00:00,163.0,6636.0
2017-11-04 06:00:00,171.0,5056.0
2017-11-04 07:00:00,134.0,632.0
2017-11-04 08:00:00,1083.0,7584.0
2017-11-04 09:00:00,1451.0,5372.0
2017-11-04 10:00:00,590.0,7268.0
2017-11-04 11:00:00,208.0,6952.0
2017-11-04 12:00:00,199.0,4424.0
2017-11-04 13:00:00,133.0,316.0
2017-11-04 14:00:00,264.0,0.0
2017-11-04 15:00:00,1550.0,2528.0
2017-11-04 16:00:00,1005.0,3160.0
2017-11-04 17:00:00,1080.0,7900.0
2017-11-04 18:00:00,500.0,6636.0
2017-11-04 19:00:00,610.0,6004.0
2017-11-04 20:00:00,579.0,10428.0
2017-11-04 21:00:00,722.0,10428.0
2017-11-04 22:00:00,2980.0,10428.0
2017-11-04 23:00:00,1130.0,7900.0
2017-11-05 00:00:00,539.0,7584.0
2017-11-05 01:00:00,185.0,0.0
2017-11-05 02:00:00,151.0,0.0
2017-11-05 03:00:00,150.0,0.0
2017-11-05 04:00:00,140.0,0.0
2017-11-05 05:00:00,125.0,0.0
2017-11-05 06:00:00,139.0,0.0
2017-11-05 07:00:00,144.0,0.0
2017-11-05 08:00:00,131.0,0.0
2017-11-05 09:00:00,411.0,1264.0
2017-11-05 10:00:00,352.0,12640.0
2017-11-05 11:00:00,433.0,12640.0
2017-11-05 12:00:00,391.0,2844.0
2017-11-05 13:00:00,1989.0,632.0
2017-11-05 14:00:00,835.0,632.0
2017-11-05 15:00:00,2088.0,0.0
2017-11-05 16:00:00,1761.0,16116.0
2017-11-05 17:00:00,2127.0,12640.0
2017-11-05 18:00:00,681.0,12324.0
2017-11-05 19:00:00,687.0,12324.0
2017-11-05 20:00:00,1071.0,17696.0
2017-11-05 21:00:00,2242.0,12008.0
2017-11-05 22:00:00,1504.0,12008.0
2017-11-05 23:00:00,417.0,6636.0
2017-11-06 00:00:00,413.0,632.0
2017-11-06 01:00:00,152.0,316.0
2017-11-06 02:00:00,152.0,316.0
2017-11-06 03:00:00,140.0,0.0
2017-11-06 04:00:00,126.0,0.0
2017-11-06 05:00:00,136.0,0.0
2017-11-06 06:00:00,153.0,1896.0
2017-11-06 07:00:00,1419.0,5688.0
2017-11-06 08:00:00,547.0,6952.0
2017-11-06 09:00:00,401.0,7584.0
2017-11-06 10:00:00,347.0,8216.0
2017-11-06 11:00:00,314.0,7268.0
2017-11-06 12:00:00,319.0,6636.0
2017-11-06 13:00:00,451.0,6004.0
2017-11-06 14:00:00,292.0,2528.0
2017-11-06 15:00:00,305.0,0.0
2017-11-06 16:00:00,326.0,6320.0
2017-11-06 17:00:00,466.0,13904.0
2017-11-06 18:00:00,2090.0,14536.0
2017-11-06 19:00:00,646.0,16116.0
2017-11-06 20:00:00,911.0,11692.0
2017-11-06 21:00:00,842.0,5056.0
2017-11-06 22:00:00,1640.0,3160.0
2017-11-06 23:00:00,570.0,1264.0
2017-11-07 00:00:00,151.0,0.0
2017-11-07 01:00:00,147.0,0.0
2017-11-07 02:00:00,148.0,0.0
2017-11-07 03:00:00,152.0,0.0
2017-11-07 04:00:00,127.0,0.0
2017-11-07 05:00:00,145.0,0.0
2017-11-07 06:00:00,192.0,1580.0
2017-11-07 07:00:00,632.0,12008.0
2017-11-07 08:00:00,412.0,6636.0
2017-11-07 09:00:00,125.0,0.0
2017-11-07 10:00:00,140.0,0.0
2017-11-07 11:00:00,427.0,1264.0
2017-11-07 12:00:00,206.0,0.0
2017-11-07 13:00:00,124.0,0.0
2017-11-07 14:00:00,125.0,0.0
2017-11-07 15:00:00,289.0,316.0
2017-11-07 16:00:00,372.0,6320.0
2017-11-07 17:00:00,485.0,6952.0
2017-11-07 18:00:00,825.0,7900.0
2017-11-07 19:00:00,506.0,8216.0
2017-11-07 20:00:00,465.0,11692.0
2017-11-07 21:00:00,427.0,7584.0
2017-11-07 22:00:00,319.0,5688.0
2017-11-07 23:00:00,333.0,2212.0
2017-11-08 00:00:00,147.0,0.0
2017-11-08 01:00:00,119.0,0.0
2017-11-08 02:00:00,131.0,0.0
2017-11-08 03:00:00,141.0,0.0
2017-11-08 04:00:00,129.0,0.0
2017-11-08 05:00:00,121.0,0.0
2017-11-08 06:00:00,141.0,948.0
2017-11-08 07:00:00,681.0,12008.0
2017-11-08 08:00:00,1456.0,7584.0
2017-11-08 09:00:00,1155.0,0.0
2017-11-08 10:00:00,130.0,0.0
2017-11-08 11:00:00,131.0,0.0
2017-11-08 12:00:00,127.0,0.0
2017-11-08 13:00:00,120.0,0.0
2017-11-08 14:00:00,135.0,0.0
2017-11-08 15:00:00,217.0,0.0
2017-11-08 16:00:00,464.0,7900.0
2017-11-08 17:00:00,764.0,10744.0
2017-11-08 18:00:00,664.0,8848.0
2017-11-08 19:00:00,1970.0,14536.0
2017-11-08 20:00:00,578.0,11060.0
2017-11-08 21:00:00,1698.0,13588.0
2017-11-08 22:00:00,436.0,9796.0
2017-11-08 23:00:00,1462.0,1896.0
2017-11-09 00:00:00,1047.0,316.0
2017-11-09 01:00:00,164.0,0.0
2017-11-09 02:00:00,169.0,0.0
2017-11-09 03:00:00,175.0,0.0
2017-11-09 04:00:00,168.0,0.0
2017-11-09 05:00:00,174.0,0.0
2017-11-09 06:00:00,154.0,0.0
2017-11-09 07:00:00,454.0,4424.0
2017-11-09 08:00:00,505.0,10428.0
2017-11-09 09:00:00,178.0,0.0
2017-11-09 10:00:00,178.0,0.0
2017-11-09 11:00:00,181.0,0.0
2017-11-09 12:00:00,175.0,0.0
2017-11-09 13:00:00,166.0,0.0
2017-11-09 14:00:00,169.0,0.0
2017-11-09 15:00:00,216.0,0.0
2017-11-09 16:00:00,335.0,2844.0
2017-11-09 17:00:00,814.0,9164.0
2017-11-09 18:00:00,504.0,7268.0
2017-11-09 19:00:00,756.0,6952.0
2017-11-09 20:00:00,617.0,12324.0
2017-11-09 21:00:00,876.0,7584.0
2017-11-09 22:00:00,570.0,4740.0
2017-11-09 23:00:00,796.0,8532.0
2017-11-10 00:00:00,1493.0,6320.0
2017-11-10 01:00:00,402.0,4424.0
2017-11-10 02:00:00,234.0,0.0
2017-11-10 03:00:00,201.0,0.0
2017-11-10 04:00:00,176.0,0.0
2017-11-10 05:00:00,160.0,0.0
2017-11-10 06:00:00,159.0,0.0
2017-11-10 07:00:00,574.0,8216.0
2017-11-10 08:00:00,427.0,9164.0
2017-11-10 09:00:00,142.0,0.0
2017-11-10 10:00:00,133.0,0.0
2017-11-10 11:00:00,129.0,0.0
2017-11-10 12:00:00,135.0,1264.0
2017-11-10 13:00:00,194.0,6952.0
2017-11-10 14:00:00,146.0,4108.0
2017-11-10 15:00:00,338.0,3160.0
2017-11-10 16:00:00,559.0,8216.0
2017-11-10 17:00:00,747.0,7584.0
2017-11-10 18:00:00,1526.0,8848.0
2017-11-10 19:00:00,672.0,8216.0
2017-11-10 20:00:00,1346.0,9796.0
2017-11-10 21:00:00,806.0,16116.0
2017-11-10 22:00:00,445.0,11376.0
2017-11-10 23:00:00,763.0,2528.0
2017-11-11 00:00:00,1298.0,948.0
2017-11-11 01:00:00,220.0,0.0
2017-11-11 02:00:00,222.0,0.0
2017-11-11 03:00:00,222.0,0.0
2017-11-11 04:00:00,204.0,0.0
2017-11-11 05:00:00,193.0,0.0
2017-11-11 06:00:00,190.0,0.0
2017-11-11 07:00:00,203.0,2844.0
2017-11-11 08:00:00,368.0,7900.0
2017-11-11 09:00:00,1381.0,2212.0
2017-11-11 10:00:00,442.0,4424.0
2017-11-11 11:00:00,219.0,11376.0
2017-11-11 12:00:00,954.0,9480.0
2017-11-11 13:00:00,844.0,632.0
2017-11-11 14:00:00,148.0,0.0
2017-11-11 15:00:00,137.0,0.0
2017-11-11 16:00:00,159.0,2528.0
2017-11-11 17:00:00,958.0,10112.0
2017-11-11 18:00:00,2291.0,8532.0
2017-11-11 19:00:00,771.0,8532.0
2017-11-11 20:00:00,1308.0,13588.0
2017-11-11 21:00:00,479.0,14536.0
2017-11-11 22:00:00,411.0,13588.0
2017-11-11 23:00:00,1764.0,6320.0
2017-11-12 00:00:00,820.0,4740.0
2017-11-12 01:00:00,180.0,0.0
2017-11-12 02:00:00,179.0,0.0
2017-11-12 03:00:00,172.0,0.0
2017-11-12 04:00:00,156.0,0.0
2017-11-12 05:00:00,157.0,0.0
2017-11-12 06:00:00,154.0,0.0
2017-11-12 07:00:00,153.0,0.0
2017-11-12 08:00:00,427.0,2212.0
2017-11-12 09:00:00,649.0,1896.0
2017-11-12 10:00:00,2510.0,12008.0
2017-11-12 11:00:00,612.0,9480.0
2017-11-12 12:00:00,875.0,3476.0
2017-11-12 13:00:00,1279.0,316.0
2017-11-12 14:00:00,133.0,0.0
2017-11-12 15:00:00,135.0,0.0
2017-11-12 16:00:00,149.0,1896.0
2017-11-12 17:00:00,1591.0,8848.0
2017-11-12 18:00:00,2033.0,8848.0
2017-11-12 19:00:00,782.0,10112.0
2017-11-12 20:00:00,1061.0,14536.0
2017-11-12 21:00:00,1704.0,14536.0
2017-11-12 22:00:00,853.0,12324.0
2017-11-12 23:00:00,767.0,8216.0
2017-11-13 00:00:00,492.0,632.0
2017-11-13 01:00:00,162.0,0.0
2017-11-13 02:00:00,163.0,0.0
2017-11-13 03:00:00,156.0,0.0
2017-11-13 04:00:00,163.0,0.0
2017-11-13 05:00:00,162.0,0.0
2017-11-13 06:00:00,187.0,948.0
2017-11-13 07:00:00,750.0,12956.0
2017-11-13 08:00:00,364.0,8216.0
2017-11-13 09:00:00,217.0,0.0
2017-11-13 10:00:00,222.0,0.0
2017-11-13 11:00:00,201.0,0.0
2017-11-13 12:00:00,186.0,0.0
2017-11-13 13:00:00,195.0,0.0
2017-11-13 14:00:00,203.0,0.0
2017-11-13 15:00:00,203.0,0.0
2017-11-13 16:00:00,220.0,2844.0
2017-11-13 17:00:00,277.0,9164.0
2017-11-13 18:00:00,557.0,9164.0
2017-11-13 19:00:00,533.0,8216.0
2017-11-13 20:00:00,1157.0,11692.0
2017-11-13 21:00:00,523.0,8848.0
2017-11-13 22:00:00,362.0,10744.0
2017-11-13 23:00:00,1171.0,7584.0
2017-11-14 00:00:00,897.0,316.0
2017-11-14 01:00:00,160.0,0.0
2017-11-14 02:00:00,153.0,0.0
2017-11-14 03:00:00,169.0,0.0
2017-11-14 04:00:00,161.0,0.0
2017-11-14 05:00:00,157.0,0.0
2017-11-14 06:00:00,231.0,7268.0
2017-11-14 07:00:00,577.0,632.0
2017-11-14 08:00:00,183.0,316.0
2017-11-14 09:00:00,133.0,0.0
2017-11-14 10:00:00,121.0,0.0
2017-11-14 11:00:00,113.0,0.0
2017-11-14 12:00:00,116.0,0.0
2017-11-14 13:00:00,166.0,8532.0
2017-11-14 14:00:00,142.0,2844.0
2017-11-14 15:00:00,139.0,1264.0
2017-11-14 16:00:00,291.0,9164.0
2017-11-14 17:00:00,271.0,8532.0
2017-11-14 18:00:00,1051.0,9164.0
2017-11-14 19:00:00,565.0,11376.0
2017-11-14 20:00:00,506.0,14536.0
2017-11-14 21:00:00,502.0,15484.0
2017-11-14 22:00:00,439.0,10428.0
2017-11-14 23:00:00,235.0,316.0
2017-11-15 00:00:00,164.0,0.0
2017-11-15 01:00:00,155.0,0.0
2017-11-15 02:00:00,150.0,0.0
2017-11-15 03:00:00,163.0,0.0
2017-11-15 04:00:00,164.0,0.0
2017-11-15 05:00:00,159.0,0.0
2017-11-15 06:00:00,160.0,632.0
2017-11-15 07:00:00,430.0,948.0
2017-11-15 08:00:00,556.0,11376.0
2017-11-15 09:00:00,339.0,3476.0
2017-11-15 10:00:00,293.0,2528.0
2017-11-15 11:00:00,969.0,8216.0
2017-11-15 12:00:00,296.0,3160.0
2017-11-15 13:00:00,633.0,316.0
2017-11-15 14:00:00,763.0,4424.0
2017-11-15 15:00:00,1906.0,7900.0
2017-11-15 16:00:00,316.0,6952.0
2017-11-15 17:00:00,1050.0,6636.0
2017-11-15 18:00:00,2815.0,8848.0
2017-11-15 19:00:00,637.0,7584.0
2017-11-15 20:00:00,1602.0,11692.0
2017-11-15 21:00:00,575.0,13588.0
2017-11-15 22:00:00,531.0,11376.0
2017-11-15 23:00:00,683.0,5688.0
2017-11-16 00:00:00,2392.0,1580.0
2017-11-16 01:00:00,206.0,0.0
2017-11-16 02:00:00,197.0,0.0
2017-11-16 03:00:00,197.0,0.0
2017-11-16 04:00:00,191.0,316.0
2017-11-16 05:00:00,186.0,0.0
2017-11-16 06:00:00,190.0,0.0
2017-11-16 07:00:00,898.0,10744.0
2017-11-16 08:00:00,1025.0,7584.0
2017-11-16 09:00:00,151.0,0.0
2017-11-16 10:00:00,137.0,0.0
2017-11-16 11:00:00,138.0,0.0
2017-11-16 12:00:00,160.0,0.0
2017-11-16 13:00:00,588.0,1580.0
2017-11-16 14:00:00,134.0,0.0
2017-11-16 15:00:00,130.0,0.0
2017-11-16 16:00:00,288.0,3476.0
2017-11-16 17:00:00,473.0,8532.0
2017-11-16 18:00:00,1504.0,8532.0
2017-11-16 19:00:00,1009.0,11060.0
2017-11-16 20:00:00,751.0,15484.0
2017-11-16 21:00:00,561.0,14220.0
2017-11-16 22:00:00,511.0,12640.0
2017-11-16 23:00:00,468.0,8216.0
2017-11-17 00:00:00,237.0,1580.0
2017-11-17 01:00:00,156.0,0.0
2017-11-17 02:00:00,158.0,0.0
2017-11-17 03:00:00,161.0,0.0
2017-11-17 04:00:00,154.0,0.0
2017-11-17 05:00:00,151.0,0.0
2017-11-17 06:00:00,163.0,316.0
2017-11-17 07:00:00,1108.0,12008.0
2017-11-17 08:00:00,2765.0,8216.0
2017-11-17 09:00:00,935.0,0.0
2017-11-17 10:00:00,241.0,0.0
2017-11-17 11:00:00,245.0,0.0
2017-11-17 12:00:00,416.0,3792.0
2017-11-17 13:00:00,279.0,9796.0
2017-11-17 14:00:00,357.0,6004.0
2017-11-17 15:00:00,272.0,6952.0
2017-11-17 16:00:00,338.0,5688.0
2017-11-17 17:00:00,801.0,7900.0
2017-11-17 18:00:00,2215.0,8216.0
2017-11-17 19:00:00,1242.0,7584.0
2017-11-17 20:00:00,735.0,11060.0
2017-11-17 21:00:00,1923.0,7900.0
2017-11-17 22:00:00,456.0,6320.0
2017-11-17 23:00:00,624.0,632.0
2017-11-18 00:00:00,169.0,316.0
2017-11-18 01:00:00,132.0,0.0
2017-11-18 02:00:00,133.0,0.0
2017-11-18 03:00:00,138.0,0.0
2017-11-18 04:00:00,130.0,0.0
2017-11-18 05:00:00,143.0,0.0
2017-11-18 06:00:00,169.0,0.0
2017-11-18 07:00:00,759.0,3160.0
2017-11-18 08:00:00,2865.0,9164.0
2017-11-18 09:00:00,2128.0,2212.0
2017-11-18 10:00:00,715.0,0.0
2017-11-18 11:00:00,150.0,1896.0
2017-11-18 12:00:00,228.0,1580.0
2017-11-18 13:00:00,793.0,4424.0
2017-11-18 14:00:00,269.0,2528.0
2017-11-18 15:00:00,449.0,5688.0
2017-11-18 16:00:00,448.0,8848.0
2017-11-18 17:00:00,1386.0,8848.0
2017-11-18 18:00:00,1262.0,9164.0
2017-11-18 19:00:00,569.0,9480.0
2017-11-18 20:00:00,1033.0,14536.0
2017-11-18 21:00:00,580.0,14852.0
2017-11-18 22:00:00,1200.0,14852.0
2017-11-18 23:00:00,1193.0,6320.0
2017-11-19 00:00:00,335.0,2844.0
2017-11-19 01:00:00,191.0,0.0
2017-11-19 02:00:00,163.0,0.0
2017-11-19 03:00:00,164.0,0.0
2017-11-19 04:00:00,169.0,0.0
2017-11-19 05:00:00,167.0,0.0
2017-11-19 06:00:00,167.0,0.0
2017-11-19 07:00:00,154.0,0.0
2017-11-19 08:00:00,171.0,2844.0
2017-11-19 09:00:00,745.0,12640.0
2017-11-19 10:00:00,419.0,11060.0
2017-11-19 11:00:00,337.0,8216.0
2017-11-19 12:00:00,461.0,3476.0
2017-11-19 13:00:00,1011.0,632.0
2017-11-19 14:00:00,1243.0,316.0
2017-11-19 15:00:00,165.0,0.0
2017-11-19 16:00:00,824.0,2844.0
2017-11-19 17:00:00,1753.0,9164.0
2017-11-19 18:00:00,1877.0,8848.0
2017-11-19 19:00:00,736.0,11376.0
2017-11-19 20:00:00,637.0,13904.0
2017-11-19 21:00:00,1085.0,14536.0
2017-11-19 22:00:00,2785.0,11060.0
2017-11-19 23:00:00,346.0,4740.0
2017-11-20 00:00:00,163.0,0.0
2017-11-20 01:00:00,154.0,0.0
2017-11-20 02:00:00,157.0,0.0
2017-11-20 03:00:00,156.0,0.0
2017-11-20 04:00:00,151.0,0.0
2017-11-20 05:00:00,147.0,0.0
2017-11-20 06:00:00,179.0,1896.0
2017-11-20 07:00:00,904.0,11692.0
2017-11-20 08:00:00,356.0,8532.0
2017-11-20 09:00:00,139.0,0.0
2017-11-20 10:00:00,144.0,0.0
2017-11-20 11:00:00,151.0,0.0
2017-11-20 12:00:00,149.0,0.0
2017-11-20 13:00:00,143.0,0.0
2017-11-20 14:00:00,142.0,0.0
2017-11-20 15:00:00,159.0,0.0
2017-11-20 16:00:00,165.0,2844.0
2017-11-20 17:00:00,179.0,10428.0
2017-11-20 18:00:00,334.0,8532.0
2017-11-20 19:00:00,1339.0,12640.0
2017-11-20 20:00:00,563.0,9480.0
2017-11-20 21:00:00,1264.0,10428.0
2017-11-20 22:00:00,1027.0,13272.0
2017-11-20 23:00:00,326.0,4108.0
2017-11-21 00:00:00,175.0,0.0
2017-11-21 01:00:00,170.0,0.0
2017-11-21 02:00:00,165.0,0.0
2017-11-21 03:00:00,161.0,0.0
2017-11-21 04:00:00,170.0,0.0
2017-11-21 05:00:00,170.0,0.0
2017-11-21 06:00:00,203.0,1580.0
2017-11-21 07:00:00,757.0,4740.0
2017-11-21 08:00:00,378.0,948.0
2017-11-21 09:00:00,162.0,0.0
2017-11-21 10:00:00,154.0,0.0
2017-11-21 11:00:00,508.0,948.0
2017-11-21 12:00:00,128.0,0.0
2017-11-21 13:00:00,133.0,0.0
2017-11-21 14:00:00,127.0,0.0
2017-11-21 15:00:00,130.0,0.0
2017-11-21 16:00:00,168.0,2844.0
2017-11-21 17:00:00,192.0,10112.0
2017-11-21 18:00:00,1352.0,9796.0
2017-11-21 19:00:00,510.0,12956.0
2017-11-21 20:00:00,668.0,9480.0
2017-11-21 21:00:00,972.0,11060.0
2017-11-21 22:00:00,632.0,6636.0
2017-11-21 23:00:00,1101.0,632.0
2017-11-22 00:00:00,774.0,0.0
2017-11-22 01:00:00,167.0,0.0
2017-11-22 02:00:00,167.0,0.0
2017-11-22 03:00:00,165.0,0.0
2017-11-22 04:00:00,158.0,0.0
2017-11-22 05:00:00,162.0,0.0
2017-11-22 06:00:00,179.0,316.0
2017-11-22 07:00:00,684.0,11060.0
2017-11-22 08:00:00,506.0,7900.0
2017-11-22 09:00:00,135.0,0.0
2017-11-22 10:00:00,132.0,0.0
2017-11-22 11:00:00,138.0,0.0
2017-11-22 12:00:00,141.0,0.0
2017-11-22 13:00:00,135.0,0.0
2017-11-22 14:00:00,158.0,0.0
2017-11-22 15:00:00,128.0,0.0
2017-11-22 16:00:00,131.0,2212.0
2017-11-22 17:00:00,1325.0,9480.0
2017-11-22 18:00:00,534.0,8848.0
2017-11-22 19:00:00,526.0,8532.0
2017-11-22 20:00:00,1089.0,8848.0
2017-11-22 21:00:00,346.0,7584.0
2017-11-22 22:00:00,2303.0,7900.0
2017-11-22 23:00:00,1019.0,0.0
2017-11-23 00:00:00,169.0,0.0
2017-11-23 01:00:00,143.0,0.0
2017-11-23 02:00:00,144.0,0.0
2017-11-23 03:00:00,150.0,0.0
2017-11-23 04:00:00,149.0,0.0
2017-11-23 05:00:00,139.0,0.0
2017-11-23 06:00:00,170.0,2528.0
2017-11-23 07:00:00,816.0,10744.0
2017-11-23 08:00:00,333.0,7584.0
2017-11-23 09:00:00,115.0,0.0
2017-11-23 10:00:00,126.0,0.0
2017-11-23 11:00:00,124.0,0.0
2017-11-23 12:00:00,108.0,0.0
2017-11-23 13:00:00,124.0,0.0
2017-11-23 14:00:00,124.0,0.0
2017-11-23 15:00:00,123.0,0.0
2017-11-23 16:00:00,282.0,2844.0
2017-11-23 17:00:00,407.0,9480.0
2017-11-23 18:00:00,981.0,9480.0
2017-11-23 19:00:00,1973.0,14220.0
2017-11-23 20:00:00,924.0,14852.0
2017-11-23 21:00:00,682.0,17696.0
2017-11-23 22:00:00,595.0,12956.0
2017-11-23 23:00:00,1139.0,5688.0
2017-11-24 00:00:00,961.0,632.0
2017-11-24 01:00:00,153.0,0.0
2017-11-24 02:00:00,151.0,0.0
2017-11-24 03:00:00,152.0,0.0
2017-11-24 04:00:00,136.0,0.0
2017-11-24 05:00:00,136.0,0.0
2017-11-24 06:00:00,143.0,0.0
2017-11-24 07:00:00,646.0,13272.0
2017-11-24 08:00:00,473.0,8216.0
2017-11-24 09:00:00,154.0,0.0
2017-11-24 10:00:00,124.0,0.0
2017-11-24 11:00:00,124.0,0.0
2017-11-24 12:00:00,185.0,316.0
2017-11-24 13:00:00,295.0,6320.0
2017-11-24 14:00:00,262.0,2844.0
2017-11-24 15:00:00,255.0,10744.0
2017-11-24 16:00:00,222.0,9796.0
2017-11-24 17:00:00,511.0,10112.0
2017-11-24 18:00:00,2154.0,12008.0
2017-11-24 19:00:00,1482.0,10744.0
2017-11-24 20:00:00,787.0,8216.0
2017-11-24 21:00:00,1071.0,9796.0
2017-11-24 22:00:00,3030.0,12324.0
2017-11-24 23:00:00,531.0,5372.0
2017-11-25 00:00:00,220.0,316.0
2017-11-25 01:00:00,135.0,0.0
2017-11-25 02:00:00,137.0,0.0
2017-11-25 03:00:00,131.0,0.0
2017-11-25 04:00:00,135.0,0.0
2017-11-25 05:00:00,128.0,0.0
2017-11-25 06:00:00,128.0,0.0
2017-11-25 07:00:00,131.0,0.0
2017-11-25 08:00:00,653.0,9164.0
2017-11-25 09:00:00,681.0,5688.0
2017-11-25 10:00:00,670.0,12640.0
2017-11-25 11:00:00,1428.0,8532.0
2017-11-25 12:00:00,836.0,4740.0
2017-11-25 13:00:00,374.0,9164.0
2017-11-25 14:00:00,144.0,3476.0
2017-11-25 15:00:00,999.0,9796.0
2017-11-25 16:00:00,1724.0,17064.0
2017-11-25 17:00:00,1898.0,15168.0
2017-11-25 18:00:00,668.0,17696.0
2017-11-25 19:00:00,644.0,14852.0
2017-11-25 20:00:00,1735.0,8532.0
2017-11-25 21:00:00,986.0,13272.0
2017-11-25 22:00:00,3226.0,8532.0
2017-11-25 23:00:00,1375.0,4740.0
2017-11-26 00:00:00,163.0,0.0
2017-11-26 01:00:00,152.0,0.0
2017-11-26 02:00:00,149.0,0.0
2017-11-26 03:00:00,141.0,0.0
2017-11-26 04:00:00,148.0,0.0
2017-11-26 05:00:00,152.0,0.0
2017-11-26 06:00:00,143.0,0.0
2017-11-26 07:00:00,142.0,0.0
2017-11-26 08:00:00,154.0,632.0
2017-11-26 09:00:00,1444.0,10112.0
2017-11-26 10:00:00,1348.0,10428.0
2017-11-26 11:00:00,798.0,9480.0
2017-11-26 12:00:00,1670.0,2528.0
2017-11-26 13:00:00,1087.0,7900.0
2017-11-26 14:00:00,166.0,2844.0
2017-11-26 15:00:00,147.0,0.0
2017-11-26 16:00:00,243.0,2528.0
2017-11-26 17:00:00,695.0,9480.0
2017-11-26 18:00:00,1396.0,9164.0
2017-11-26 19:00:00,1607.0,8532.0
2017-11-26 20:00:00,841.0,19276.0
2017-11-26 21:00:00,1159.0,8532.0
2017-11-26 22:00:00,1878.0,6952.0
2017-11-26 23:00:00,673.0,1264.0
2017-11-27 00:00:00,195.0,0.0
2017-11-27 01:00:00,167.0,0.0
2017-11-27 02:00:00,154.0,0.0
2017-11-27 03:00:00,170.0,0.0
2017-11-27 04:00:00,168.0,0.0
2017-11-27 05:00:00,159.0,0.0
2017-11-27 06:00:00,182.0,3476.0
2017-11-27 07:00:00,922.0,11376.0
2017-11-27 08:00:00,694.0,7268.0
2017-11-27 09:00:00,182.0,0.0
2017-11-27 10:00:00,126.0,0.0
2017-11-27 11:00:00,134.0,0.0
2017-11-27 12:00:00,127.0,0.0
2017-11-27 13:00:00,114.0,0.0
2017-11-27 14:00:00,134.0,0.0
2017-11-27 15:00:00,127.0,0.0
2017-11-27 16:00:00,156.0,2844.0
2017-11-27 17:00:00,205.0,9480.0
2017-11-27 18:00:00,679.0,9164.0
2017-11-27 19:00:00,1607.0,7900.0
2017-11-27 20:00:00,1191.0,17380.0
2017-11-27 21:00:00,3049.0,7584.0
2017-11-27 22:00:00,1348.0,9480.0
2017-11-27 23:00:00,956.0,316.0
2017-11-28 00:00:00,206.0,0.0
2017-11-28 01:00:00,317.0,0.0
2017-11-28 02:00:00,317.0,0.0
2017-11-28 03:00:00,306.0,0.0
2017-11-28 04:00:00,299.0,0.0
2017-11-28 05:00:00,310.0,0.0
2017-11-28 06:00:00,308.0,3476.0
2017-11-28 07:00:00,747.0,13272.0
2017-11-28 08:00:00,448.0,8216.0
2017-11-28 09:00:00,274.0,6320.0
2017-11-28 10:00:00,491.0,9480.0
2017-11-28 11:00:00,736.0,15168.0
2017-11-28 12:00:00,493.0,10112.0
2017-11-28 13:00:00,311.0,10428.0
2017-11-28 14:00:00,281.0,7900.0
2017-11-28 15:00:00,265.0,8532.0
2017-11-28 16:00:00,572.0,13904.0
2017-11-28 17:00:00,1540.0,9164.0
2017-11-28 18:00:00,682.0,8532.0
2017-11-28 19:00:00,565.0,8216.0
2017-11-28 20:00:00,719.0,13588.0
2017-11-28 21:00:00,2405.0,9164.0
2017-11-28 22:00:00,2150.0,5056.0
2017-11-28 23:00:00,560.0,3160.0
2017-11-29 00:00:00,169.0,0.0
2017-11-29 01:00:00,169.0,0.0
2017-11-29 02:00:00,166.0,0.0
2017-11-29 03:00:00,152.0,0.0
2017-11-29 04:00:00,166.0,0.0
2017-11-29 05:00:00,162.0,0.0
2017-11-29 06:00:00,153.0,0.0
2017-11-29 07:00:00,640.0,11692.0
2017-11-29 08:00:00,1278.0,8216.0
2017-11-29 09:00:00,129.0,0.0
2017-11-29 10:00:00,125.0,0.0
2017-11-29 11:00:00,125.0,0.0
2017-11-29 12:00:00,114.0,0.0
2017-11-29 13:00:00,127.0,0.0
2017-11-29 14:00:00,392.0,3792.0
2017-11-29 15:00:00,766.0,7584.0
2017-11-29 16:00:00,630.0,10112.0
2017-11-29 17:00:00,511.0,8532.0
2017-11-29 18:00:00,1862.0,9480.0
2017-11-29 19:00:00,912.0,9480.0
2017-11-29 20:00:00,1990.0,12640.0
2017-11-29 21:00:00,2385.0,13588.0
2017-11-29 22:00:00,533.0,11376.0
2017-11-29 23:00:00,316.0,1580.0
2017-11-30 00:00:00,172.0,0.0
2017-11-30 01:00:00,155.0,0.0
2017-11-30 02:00:00,157.0,0.0
2017-11-30 03:00:00,143.0,0.0
2017-11-30 04:00:00,153.0,0.0
2017-11-30 05:00:00,156.0,0.0
2017-11-30 06:00:00,376.0,2528.0
2017-11-30 07:00:00,694.0,12324.0
2017-11-30 08:00:00,419.0,7584.0
2017-11-30 09:00:00,152.0,0.0
2017-11-30 10:00:00,111.0,0.0
2017-11-30 11:00:00,125.0,0.0
2017-11-30 12:00:00,119.0,0.0
2017-11-30 13:00:00,119.0,316.0
2017-11-30 14:00:00,132.0,632.0
2017-11-30 15:00:00,139.0,0.0
2017-11-30 16:00:00,440.0,2844.0
2017-11-30 17:00:00,469.0,9480.0
2017-11-30 18:00:00,1167.0,8848.0
2017-11-30 19:00:00,1174.0,11376.0
2017-11-30 20:00:00,1560.0,15168.0
2017-11-30 21:00:00,1435.0,15168.0
2017-11-30 22:00:00,543.0,13588.0
2017-11-30 23:00:00,483.0,12324.0
2017-12-01 00:00:00,238.0,3476.0
2017-12-01 01:00:00,151.0,0.0
2017-12-01 02:00:00,156.0,0.0
2017-12-01 03:00:00,163.0,0.0
2017-12-01 04:00:00,161.0,0.0
2017-12-01 05:00:00,144.0,0.0
2017-12-01 06:00:00,173.0,1580.0
2017-12-01 07:00:00,607.0,12640.0
2017-12-01 08:00:00,440.0,8216.0
2017-12-01 09:00:00,226.0,0.0
2017-12-01 10:00:00,128.0,0.0
2017-12-01 11:00:00,130.0,1580.0
2017-12-01 12:00:00,160.0,4740.0
2017-12-01 13:00:00,240.0,8532.0
2017-12-01 14:00:00,321.0,2844.0
2017-12-01 15:00:00,223.0,0.0
2017-12-01 16:00:00,201.0,2212.0
2017-12-01 17:00:00,373.0,8848.0
2017-12-01 18:00:00,893.0,11376.0
2017-12-01 19:00:00,1962.0,15484.0
2017-12-01 20:00:00,1689.0,13588.0
2017-12-01 21:00:00,575.0,8216.0
2017-12-01 22:00:00,376.0,6952.0
2017-12-01 23:00:00,256.0,632.0
2017-12-02 00:00:00,187.0,632.0
2017-12-02 01:00:00,172.0,0.0
2017-12-02 02:00:00,162.0,0.0
2017-12-02 03:00:00,173.0,0.0
2017-12-02 04:00:00,164.0,0.0
2017-12-02 05:00:00,153.0,0.0
2017-12-02 06:00:00,169.0,0.0
2017-12-02 07:00:00,161.0,0.0
2017-12-02 08:00:00,595.0,11060.0
2017-12-02 09:00:00,881.0,948.0
2017-12-02 10:00:00,570.0,2528.0
2017-12-02 11:00:00,965.0,632.0
2017-12-02 12:00:00,252.0,0.0
2017-12-02 13:00:00,123.0,632.0
2017-12-02 14:00:00,371.0,948.0
2017-12-02 15:00:00,1314.0,7900.0
2017-12-02 16:00:00,1979.0,12640.0
2017-12-02 17:00:00,652.0,13904.0
2017-12-02 18:00:00,2082.0,11692.0
2017-12-02 19:00:00,876.0,9164.0
2017-12-02 20:00:00,654.0,13904.0
2017-12-02 21:00:00,1447.0,18012.0
2017-12-02 22:00:00,1704.0,12324.0
2017-12-02 23:00:00,1240.0,6636.0
2017-12-03 00:00:00,774.0,3160.0
2017-12-03 01:00:00,167.0,0.0
2017-12-03 02:00:00,155.0,0.0
2017-12-03 03:00:00,160.0,0.0
2017-12-03 04:00:00,158.0,0.0
2017-12-03 05:00:00,153.0,0.0
2017-12-03 06:00:00,141.0,0.0
2017-12-03 07:00:00,156.0,0.0
2017-12-03 08:00:00,605.0,5056.0
2017-12-03 09:00:00,1405.0,3792.0
2017-12-03 10:00:00,445.0,7900.0
2017-12-03 11:00:00,389.0,10112.0
2017-12-03 12:00:00,208.0,2844.0
2017-12-03 13:00:00,179.0,0.0
2017-12-03 14:00:00,200.0,0.0
2017-12-03 15:00:00,303.0,5372.0
2017-12-03 16:00:00,2001.0,12640.0
2017-12-03 17:00:00,3003.0,8216.0
2017-12-03 18:00:00,1140.0,6636.0
2017-12-03 19:00:00,684.0,8216.0
2017-12-03 20:00:00,670.0,7268.0
2017-12-03 21:00:00,627.0,8216.0
2017-12-03 22:00:00,1383.0,9164.0
2017-12-03 23:00:00,1017.0,2528.0
2017-12-04 00:00:00,519.0,0.0
2017-12-04 01:00:00,167.0,0.0
2017-12-04 02:00:00,166.0,0.0
2017-12-04 03:00:00,174.0,0.0
2017-12-04 04:00:00,161.0,0.0
2017-12-04 05:00:00,159.0,0.0
2017-12-04 06:00:00,211.0,2528.0
2017-12-04 07:00:00,840.0,12324.0
2017-12-04 08:00:00,515.0,7900.0
2017-12-04 09:00:00,123.0,0.0
2017-12-04 10:00:00,127.0,0.0
2017-12-04 11:00:00,127.0,0.0
2017-12-04 12:00:00,111.0,0.0
2017-12-04 13:00:00,123.0,0.0
2017-12-04 14:00:00,125.0,0.0
2017-12-04 15:00:00,123.0,0.0
2017-12-04 16:00:00,158.0,2528.0
2017-12-04 17:00:00,193.0,10428.0
2017-12-04 18:00:00,711.0,9164.0
2017-12-04 19:00:00,1495.0,9480.0
2017-12-04 20:00:00,1189.0,9164.0
2017-12-04 21:00:00,700.0,9164.0
2017-12-04 22:00:00,838.0,8216.0
2017-12-04 23:00:00,1802.0,0.0
2017-12-05 00:00:00,444.0,948.0
2017-12-05 01:00:00,168.0,0.0
2017-12-05 02:00:00,166.0,0.0
2017-12-05 03:00:00,169.0,0.0
2017-12-05 04:00:00,167.0,0.0
2017-12-05 05:00:00,160.0,0.0
2017-12-05 06:00:00,270.0,8532.0
2017-12-05 07:00:00,707.0,7584.0
2017-12-05 08:00:00,502.0,8532.0
2017-12-05 09:00:00,290.0,316.0
2017-12-05 10:00:00,246.0,316.0
2017-12-05 11:00:00,638.0,316.0
2017-12-05 12:00:00,196.0,316.0
2017-12-05 13:00:00,154.0,0.0
2017-12-05 14:00:00,152.0,0.0
2017-12-05 15:00:00,140.0,0.0
2017-12-05 16:00:00,237.0,2212.0
2017-12-05 17:00:00,1289.0,8216.0
2017-12-05 18:00:00,1241.0,8532.0
2017-12-05 19:00:00,651.0,8532.0
2017-12-05 20:00:00,691.0,8216.0
2017-12-05 21:00:00,675.0,9796.0
2017-12-05 22:00:00,613.0,7268.0
2017-12-05 23:00:00,1953.0,6952.0
2017-12-06 00:00:00,1828.0,948.0
2017-12-06 01:00:00,166.0,0.0
2017-12-06 02:00:00,158.0,0.0
2017-12-06 03:00:00,167.0,0.0
2017-12-06 04:00:00,168.0,0.0
2017-12-06 05:00:00,166.0,0.0
2017-12-06 06:00:00,161.0,948.0
2017-12-06 07:00:00,873.0,14220.0
2017-12-06 08:00:00,593.0,8532.0
2017-12-06 09:00:00,151.0,0.0
2017-12-06 10:00:00,142.0,0.0
2017-12-06 11:00:00,139.0,0.0
2017-12-06 12:00:00,137.0,0.0
2017-12-06 13:00:00,130.0,0.0
2017-12-06 14:00:00,195.0,316.0
2017-12-06 15:00:00,229.0,316.0
2017-12-06 16:00:00,1293.0,2212.0
2017-12-06 17:00:00,1080.0,9796.0
2017-12-06 18:00:00,1654.0,8532.0
2017-12-06 19:00:00,1612.0,8532.0
2017-12-06 20:00:00,1755.0,10112.0
2017-12-06 21:00:00,1500.0,6636.0
2017-12-06 22:00:00,553.0,5056.0
2017-12-06 23:00:00,395.0,948.0
2017-12-07 00:00:00,172.0,0.0
2017-12-07 01:00:00,174.0,0.0
2017-12-07 02:00:00,166.0,0.0
2017-12-07 03:00:00,173.0,0.0
2017-12-07 04:00:00,164.0,0.0
2017-12-07 05:00:00,153.0,0.0
2017-12-07 06:00:00,171.0,0.0
2017-12-07 07:00:00,448.0,10744.0
2017-12-07 08:00:00,506.0,6636.0
2017-12-07 09:00:00,165.0,0.0
2017-12-07 10:00:00,163.0,0.0
2017-12-07 11:00:00,150.0,0.0
2017-12-07 12:00:00,149.0,0.0
2017-12-07 13:00:00,138.0,0.0
2017-12-07 14:00:00,135.0,0.0
2017-12-07 15:00:00,222.0,0.0
2017-12-07 16:00:00,326.0,2844.0
2017-12-07 17:00:00,510.0,8532.0
2017-12-07 18:00:00,1824.0,7900.0
2017-12-07 19:00:00,640.0,11376.0
2017-12-07 20:00:00,675.0,16432.0
2017-12-07 21:00:00,1383.0,13588.0
2017-12-07 22:00:00,625.0,11692.0
2017-12-07 23:00:00,1390.0,2212.0
2017-12-08 00:00:00,891.0,0.0
2017-12-08 01:00:00,159.0,0.0
2017-12-08 02:00:00,176.0,0.0
2017-12-08 03:00:00,167.0,0.0
2017-12-08 04:00:00,162.0,0.0
2017-12-08 05:00:00,175.0,0.0
2017-12-08 06:00:00,164.0,0.0
2017-12-08 07:00:00,632.0,11060.0
2017-12-08 08:00:00,534.0,8216.0
2017-12-08 09:00:00,263.0,316.0
2017-12-08 10:00:00,388.0,6320.0
2017-12-08 11:00:00,221.0,9164.0
2017-12-08 12:00:00,438.0,3476.0
2017-12-08 13:00:00,322.0,8216.0
2017-12-08 14:00:00,369.0,7900.0
2017-12-08 15:00:00,315.0,8848.0
2017-12-08 16:00:00,424.0,9480.0
2017-12-08 17:00:00,432.0,8532.0
2017-12-08 18:00:00,2969.0,9164.0
2017-12-08 19:00:00,1968.0,7900.0
2017-12-08 20:00:00,1688.0,12956.0
2017-12-08 21:00:00,692.0,9480.0
2017-12-08 22:00:00,1854.0,6636.0
2017-12-08 23:00:00,1408.0,316.0
2017-12-09 00:00:00,144.0,0.0
2017-12-09 01:00:00,144.0,0.0
2017-12-09 02:00:00,149.0,0.0
2017-12-09 03:00:00,138.0,0.0
2017-12-09 04:00:00,144.0,0.0
2017-12-09 05:00:00,137.0,0.0
2017-12-09 06:00:00,132.0,0.0
2017-12-09 07:00:00,326.0,2528.0
2017-12-09 08:00:00,890.0,11060.0
2017-12-09 09:00:00,598.0,1580.0
2017-12-09 10:00:00,365.0,1896.0
2017-12-09 11:00:00,169.0,0.0
2017-12-09 12:00:00,147.0,0.0
2017-12-09 13:00:00,134.0,316.0
2017-12-09 14:00:00,153.0,632.0
2017-12-09 15:00:00,334.0,0.0
2017-12-09 16:00:00,501.0,11060.0
2017-12-09 17:00:00,1270.0,16748.0
2017-12-09 18:00:00,1420.0,19276.0
2017-12-09 19:00:00,781.0,16748.0
2017-12-09 20:00:00,593.0,15800.0
2017-12-09 21:00:00,549.0,14852.0
2017-12-09 22:00:00,411.0,14536.0
2017-12-09 23:00:00,341.0,13272.0
2017-12-10 00:00:00,511.0,16116.0
2017-12-10 01:00:00,450.0,13588.0
2017-12-10 02:00:00,303.0,9480.0
2017-12-10 03:00:00,279.0,8848.0
2017-12-10 04:00:00,267.0,9796.0
2017-12-10 05:00:00,170.0,5688.0
2017-12-10 06:00:00,139.0,0.0
2017-12-10 07:00:00,167.0,0.0
2017-12-10 08:00:00,645.0,1264.0
2017-12-10 09:00:00,1293.0,0.0
2017-12-10 10:00:00,1517.0,1264.0
2017-12-10 11:00:00,1157.0,14220.0
2017-12-10 12:00:00,2233.0,9480.0
2017-12-10 13:00:00,953.0,15168.0
2017-12-10 14:00:00,159.0,3476.0
2017-12-10 15:00:00,117.0,0.0
2017-12-10 16:00:00,151.0,2528.0
2017-12-10 17:00:00,1174.0,9480.0
2017-12-10 18:00:00,1907.0,9164.0
2017-12-10 19:00:00,1992.0,9164.0
2017-12-10 20:00:00,2051.0,9480.0
2017-12-10 21:00:00,1609.0,9796.0
2017-12-10 22:00:00,1812.0,10744.0
2017-12-10 23:00:00,662.0,5688.0
2017-12-11 00:00:00,1655.0,632.0
2017-12-11 01:00:00,778.0,0.0
2017-12-11 02:00:00,160.0,0.0
2017-12-11 03:00:00,170.0,0.0
2017-12-11 06:00:00,310.0,0.0
2017-12-11 09:00:00,139.0,0.0
2017-12-11 10:00:00,156.0,0.0
2017-12-11 11:00:00,127.0,0.0
2017-12-11 12:00:00,160.0,1896.0
2017-12-11 13:00:00,143.0,2528.0
2017-12-11 14:00:00,135.0,632.0
2017-12-11 15:00:00,203.0,632.0
2017-12-11 16:00:00,293.0,3476.0
2017-12-11 17:00:00,387.0,8532.0
2017-12-11 18:00:00,304.0,8532.0
2017-12-11 19:00:00,1806.0,11376.0
2017-12-11 20:00:00,649.0,11060.0
2017-12-11 21:00:00,1222.0,13588.0
2017-12-11 22:00:00,2189.0,12008.0
2017-12-11 23:00:00,1295.0,948.0
2017-12-12 00:00:00,191.0,0.0
2017-12-12 01:00:00,175.0,0.0
2017-12-12 02:00:00,191.0,0.0
2017-12-12 03:00:00,174.0,0.0
2017-12-12 04:00:00,187.0,0.0
2017-12-12 05:00:00,166.0,0.0
2017-12-12 06:00:00,224.0,4424.0
2017-12-12 07:00:00,933.0,14852.0
2017-12-12 08:00:00,821.0,12008.0
2017-12-12 09:00:00,253.0,316.0
2017-12-12 10:00:00,538.0,3160.0
2017-12-12 11:00:00,468.0,3160.0
2017-12-12 12:00:00,166.0,2844.0
2017-12-12 13:00:00,145.0,2528.0
2017-12-12 14:00:00,152.0,1264.0
2017-12-12 15:00:00,152.0,948.0
2017-12-12 16:00:00,189.0,3792.0
2017-12-12 17:00:00,632.0,9796.0
2017-12-12 18:00:00,1836.0,8848.0
2017-12-12 19:00:00,726.0,12640.0
2017-12-12 20:00:00,767.0,10428.0
2017-12-12 21:00:00,540.0,9164.0
2017-12-12 22:00:00,534.0,11060.0
2017-12-12 23:00:00,1221.0,3476.0
2017-12-13 00:00:00,945.0,0.0
2017-12-13 01:00:00,186.0,0.0
2017-12-13 02:00:00,207.0,0.0
2017-12-13 03:00:00,187.0,0.0
2017-12-13 04:00:00,215.0,0.0
2017-12-13 05:00:00,188.0,0.0
2017-12-13 06:00:00,243.0,4424.0
2017-12-13 07:00:00,878.0,10744.0
2017-12-13 08:00:00,596.0,7900.0
2017-12-13 09:00:00,335.0,2528.0
2017-12-13 10:00:00,189.0,632.0
2017-12-13 11:00:00,164.0,0.0
2017-12-13 12:00:00,188.0,0.0
2017-12-13 13:00:00,158.0,1264.0
2017-12-13 14:00:00,160.0,632.0
2017-12-13 15:00:00,237.0,632.0
2017-12-13 16:00:00,752.0,7584.0
2017-12-13 17:00:00,752.0,9796.0
2017-12-13 18:00:00,1412.0,9480.0
2017-12-13 19:00:00,3025.0,14536.0
2017-12-13 20:00:00,2016.0,14220.0
2017-12-13 21:00:00,1498.0,10744.0
2017-12-13 22:00:00,1724.0,13904.0
2017-12-13 23:00:00,1317.0,11692.0
2017-12-14 00:00:00,455.0,8848.0
2017-12-14 01:00:00,218.0,3792.0
2017-12-14 04:00:00,197.0,2212.0
2017-12-14 07:00:00,1029.0,948.0
2017-12-14 08:00:00,313.0,0.0
2017-12-14 09:00:00,132.0,0.0
2017-12-14 10:00:00,158.0,0.0
2017-12-14 11:00:00,136.0,0.0
2017-12-14 12:00:00,150.0,0.0
2017-12-14 13:00:00,140.0,0.0
2017-12-14 14:00:00,150.0,0.0
2017-12-14 15:00:00,147.0,0.0
2017-12-14 16:00:00,283.0,2844.0
2017-12-14 17:00:00,257.0,8848.0
2017-12-14 18:00:00,207.0,7900.0
2017-12-14 19:00:00,175.0,7268.0
2017-12-14 20:00:00,338.0,10744.0
2017-12-14 21:00:00,532.0,14220.0
2017-12-14 22:00:00,1540.0,12008.0
2017-12-14 23:00:00,1716.0,2528.0
2017-12-15 00:00:00,159.0,0.0
2017-12-15 01:00:00,133.0,0.0
2017-12-15 02:00:00,156.0,0.0
2017-12-15 03:00:00,148.0,0.0
2017-12-15 04:00:00,174.0,0.0
2017-12-15 05:00:00,140.0,0.0
2017-12-15 06:00:00,173.0,1896.0
2017-12-15 07:00:00,360.0,11692.0
2017-12-15 08:00:00,1159.0,8216.0
2017-12-15 09:00:00,1122.0,1264.0
2017-12-15 10:00:00,169.0,1896.0
2017-12-15 11:00:00,132.0,1896.0
2017-12-15 12:00:00,324.0,5372.0
2017-12-15 13:00:00,213.0,7584.0
2017-12-15 14:00:00,415.0,6952.0
2017-12-15 15:00:00,244.0,7584.0
2017-12-15 16:00:00,364.0,8216.0
2017-12-15 17:00:00,751.0,9480.0
2017-12-15 18:00:00,603.0,9480.0
2017-12-15 19:00:00,398.0,13272.0
2017-12-15 20:00:00,695.0,8532.0
2017-12-15 21:00:00,469.0,10112.0
2017-12-15 22:00:00,2560.0,6636.0
2017-12-15 23:00:00,1351.0,1896.0
2017-12-16 00:00:00,186.0,0.0
2017-12-16 01:00:00,143.0,0.0
2017-12-16 02:00:00,161.0,0.0
2017-12-16 03:00:00,152.0,0.0
2017-12-16 04:00:00,164.0,0.0
2017-12-16 05:00:00,153.0,0.0
2017-12-16 06:00:00,152.0,0.0
2017-12-16 07:00:00,187.0,948.0
2017-12-16 08:00:00,637.0,11376.0
2017-12-16 09:00:00,1571.0,316.0
2017-12-16 10:00:00,779.0,1580.0
2017-12-16 11:00:00,1491.0,3476.0
2017-12-16 12:00:00,348.0,3476.0
2017-12-16 13:00:00,1273.0,0.0
2017-12-16 14:00:00,382.0,5056.0
2017-12-16 15:00:00,237.0,7900.0
2017-12-16 16:00:00,201.0,8848.0
2017-12-16 17:00:00,186.0,8216.0
2017-12-16 18:00:00,200.0,8848.0
2017-12-16 19:00:00,180.0,8532.0
2017-12-16 20:00:00,1975.0,16116.0
2017-12-16 21:00:00,1618.0,9796.0
2017-12-16 22:00:00,1322.0,6004.0
2017-12-16 23:00:00,1552.0,7900.0
2017-12-17 00:00:00,802.0,6004.0
2017-12-17 01:00:00,193.0,948.0
2017-12-17 02:00:00,140.0,0.0
2017-12-17 03:00:00,146.0,0.0
2017-12-17 04:00:00,158.0,0.0
2017-12-17 05:00:00,144.0,0.0
2017-12-17 06:00:00,145.0,0.0
2017-12-17 07:00:00,150.0,0.0
2017-12-17 08:00:00,197.0,4740.0
2017-12-17 09:00:00,813.0,13904.0
2017-12-17 10:00:00,2152.0,10428.0
2017-12-17 11:00:00,3439.0,14220.0
2017-12-17 12:00:00,1953.0,4740.0
2017-12-17 13:00:00,1119.0,6952.0
2017-12-17 14:00:00,1897.0,18644.0
2017-12-17 15:00:00,2285.0,15168.0
2017-12-17 16:00:00,2494.0,14536.0
2017-12-17 17:00:00,1519.0,12008.0
2017-12-17 18:00:00,2072.0,9796.0
2017-12-17 19:00:00,947.0,7268.0
2017-12-17 20:00:00,1372.0,8216.0
2017-12-17 21:00:00,2084.0,8216.0
2017-12-17 22:00:00,2251.0,12008.0
2017-12-17 23:00:00,497.0,1264.0
2017-12-18 00:00:00,153.0,0.0
2017-12-18 01:00:00,137.0,0.0
2017-12-18 02:00:00,113.0,0.0
2017-12-18 03:00:00,131.0,0.0
2017-12-18 04:00:00,141.0,0.0
2017-12-18 05:00:00,117.0,0.0
2017-12-18 06:00:00,162.0,316.0
2017-12-18 07:00:00,714.0,13588.0
2017-12-18 08:00:00,535.0,13904.0
2017-12-18 09:00:00,168.0,0.0
2017-12-18 10:00:00,166.0,0.0
2017-12-18 11:00:00,172.0,0.0
2017-12-18 12:00:00,156.0,0.0
2017-12-18 13:00:00,173.0,0.0
2017-12-18 14:00:00,153.0,0.0
2017-12-18 15:00:00,170.0,0.0
2017-12-18 16:00:00,167.0,2528.0
2017-12-18 17:00:00,227.0,9796.0
2017-12-18 18:00:00,810.0,13272.0
2017-12-18 19:00:00,2470.0,17064.0
2017-12-18 20:00:00,1067.0,14220.0
2017-12-18 21:00:00,2308.0,16116.0
2017-12-18 22:00:00,2849.0,6320.0
2017-12-18 23:00:00,333.0,948.0
2017-12-19 00:00:00,139.0,0.0
2017-12-19 01:00:00,158.0,0.0
2017-12-19 04:00:00,141.0,0.0
2017-12-19 06:00:00,122.0,0.0
2017-12-19 07:00:00,975.0,5056.0
2017-12-19 10:00:00,544.0,1264.0
2017-12-19 11:00:00,200.0,0.0
2017-12-19 12:00:00,178.0,0.0
2017-12-19 13:00:00,199.0,0.0
2017-12-19 14:00:00,175.0,0.0
2017-12-19 15:00:00,202.0,0.0
2017-12-19 16:00:00,363.0,2528.0
2017-12-19 17:00:00,660.0,13904.0
2017-12-19 18:00:00,2754.0,15800.0
2017-12-19 19:00:00,1508.0,14536.0
2017-12-19 20:00:00,1473.0,14852.0
2017-12-19 21:00:00,1634.0,9796.0
2017-12-19 22:00:00,608.0,5688.0
2017-12-19 23:00:00,286.0,948.0
2017-12-20 00:00:00,167.0,0.0
2017-12-20 01:00:00,143.0,0.0
2017-12-20 02:00:00,172.0,0.0
2017-12-20 03:00:00,156.0,0.0
2017-12-20 04:00:00,154.0,0.0
2017-12-20 05:00:00,158.0,0.0
2017-12-20 06:00:00,662.0,2212.0
2017-12-20 07:00:00,908.0,12008.0
2017-12-20 08:00:00,1580.0,7584.0
2017-12-20 09:00:00,345.0,316.0
2017-12-20 10:00:00,256.0,0.0
2017-12-20 11:00:00,139.0,0.0
2017-12-20 12:00:00,139.0,0.0
2017-12-20 13:00:00,116.0,0.0
2017-12-20 14:00:00,145.0,0.0
2017-12-20 15:00:00,286.0,0.0
2017-12-20 16:00:00,592.0,9480.0
2017-12-20 17:00:00,1678.0,8848.0
2017-12-20 18:00:00,681.0,7900.0
2017-12-20 19:00:00,2047.0,9796.0
2017-12-20 20:00:00,1664.0,10744.0
2017-12-20 21:00:00,2218.0,7584.0
2017-12-20 22:00:00,1255.0,9480.0
2017-12-20 23:00:00,582.0,632.0
2017-12-21 00:00:00,202.0,0.0
2017-12-21 01:00:00,167.0,0.0
2017-12-21 02:00:00,143.0,0.0
2017-12-21 03:00:00,162.0,0.0
2017-12-21 04:00:00,146.0,0.0
2017-12-21 05:00:00,169.0,0.0
2017-12-21 06:00:00,172.0,1896.0
2017-12-21 07:00:00,632.0,11060.0
2017-12-21 08:00:00,552.0,8848.0
2017-12-21 09:00:00,151.0,0.0
2017-12-21 10:00:00,172.0,316.0
2017-12-21 11:00:00,181.0,0.0
2017-12-21 12:00:00,580.0,2528.0
2017-12-21 13:00:00,1027.0,316.0
2017-12-21 14:00:00,67.0,0.0
2017-12-21 15:00:00,69.0,0.0
2017-12-21 16:00:00,76.0,0.0
2017-12-21 17:00:00,55.0,0.0
2017-12-21 18:00:00,80.0,0.0
2017-12-21 19:00:00,57.0,0.0
2017-12-21 20:00:00,86.0,0.0
2017-12-21 21:00:00,60.0,0.0
2017-12-21 22:00:00,87.0,0.0
2017-12-21 23:00:00,55.0,0.0
2017-12-22 00:00:00,79.0,0.0
2017-12-22 01:00:00,59.0,0.0
2017-12-22 02:00:00,81.0,0.0
2017-12-22 03:00:00,57.0,0.0
2017-12-22 04:00:00,81.0,0.0
2017-12-22 05:00:00,59.0,0.0
2017-12-22 06:00:00,75.0,0.0
2017-12-22 07:00:00,64.0,0.0
2017-12-22 08:00:00,64.0,0.0
2017-12-22 09:00:00,77.0,0.0
2017-12-22 10:00:00,59.0,0.0
2017-12-22 11:00:00,84.0,0.0
2017-12-22 12:00:00,59.0,0.0
2017-12-22 13:00:00,83.0,0.0
2017-12-22 14:00:00,56.0,0.0
2017-12-22 15:00:00,71.0,0.0
2017-12-22 16:00:00,69.0,0.0
2017-12-22 17:00:00,54.0,0.0
2017-12-22 18:00:00,79.0,0.0
2017-12-22 19:00:00,57.0,0.0
2017-12-22 20:00:00,74.0,0.0
2017-12-22 21:00:00,56.0,0.0
2017-12-22 22:00:00,68.0,0.0
2017-12-22 23:00:00,77.0,0.0
2017-12-23 00:00:00,60.0,0.0
2017-12-23 01:00:00,89.0,0.0
2017-12-23 03:00:00,103.0,0.0
2017-12-23 04:00:00,80.0,0.0
2017-12-23 06:00:00,60.0,0.0
2017-12-23 07:00:00,58.0,0.0
2017-12-23 09:00:00,57.0,0.0
2017-12-23 10:00:00,60.0,0.0
2017-12-23 12:00:00,53.0,0.0
2017-12-23 13:00:00,82.0,0.0
2017-12-23 14:00:00,54.0,0.0
2017-12-23 15:00:00,61.0,0.0
2017-12-23 16:00:00,79.0,0.0
2017-12-23 17:00:00,55.0,0.0
2017-12-23 18:00:00,82.0,0.0
2017-12-23 19:00:00,57.0,0.0
2017-12-23 20:00:00,60.0,0.0
2017-12-23 21:00:00,77.0,0.0
2017-12-23 22:00:00,55.0,0.0
2017-12-23 23:00:00,81.0,0.0
2017-12-24 00:00:00,56.0,0.0
2017-12-24 01:00:00,64.0,0.0
2017-12-24 02:00:00,82.0,0.0
2017-12-24 03:00:00,60.0,0.0
2017-12-24 04:00:00,81.0,0.0
2017-12-24 05:00:00,60.0,0.0
2017-12-24 06:00:00,58.0,0.0
