timestamp,home84_hall908_sensor3372c3377_electric-mains_electric-combined,home84_outside906_sensor3358_gas-pulse_gas
2017-01-31 13:00:00,615,0.0
2017-01-31 14:00:00,657,1896.0
2017-01-31 15:00:00,604,1580.0
2017-01-31 16:00:00,1246,1896.0
2017-01-31 17:00:00,1091,948.0
2017-01-31 18:00:00,5689,1896.0
2017-01-31 19:00:00,3049,1896.0
2017-01-31 20:00:00,1011,1264.0
2017-01-31 21:00:00,701,1896.0
2017-01-31 22:00:00,165,948.0
2017-01-31 23:00:00,71,0.0
2017-02-01 00:00:00,74,0.0
2017-02-01 01:00:00,100,2528.0
2017-02-01 02:00:00,94,2528.0
2017-02-01 03:00:00,94,2528.0
2017-02-01 04:00:00,69,0.0
2017-02-01 05:00:00,146,6004.0
2017-02-01 06:00:00,298,3792.0
2017-02-01 07:00:00,1918,3160.0
2017-02-01 08:00:00,1301,5056.0
2017-02-01 09:00:00,1717,3792.0
2017-02-01 12:00:00,264,632.0
2017-02-01 13:00:00,341,3160.0
2017-02-01 14:00:00,170,2212.0
2017-02-01 15:00:00,121,3792.0
2017-02-01 16:00:00,3395,2528.0
2017-02-01 17:00:00,2491,1264.0
2017-02-01 18:00:00,2369,3160.0
2017-02-01 19:00:00,1530,2844.0
2017-02-01 20:00:00,2093,316.0
2017-02-01 21:00:00,1027,2844.0
2017-02-01 22:00:00,1064,0.0
2017-02-01 23:00:00,1076,0.0
2017-02-02 00:00:00,1017,316.0
2017-02-02 01:00:00,1055,316.0
2017-02-02 02:00:00,170,0.0
2017-02-02 03:00:00,128,2212.0
2017-02-02 04:00:00,117,316.0
2017-02-02 05:00:00,173,6320.0
2017-02-02 06:00:00,714,2844.0
2017-02-02 07:00:00,604,5688.0
2017-02-02 08:00:00,158,2212.0
2017-02-02 09:00:00,455,3792.0
2017-02-02 10:00:00,136,4424.0
2017-02-02 11:00:00,113,3160.0
2017-02-02 12:00:00,109,2212.0
2017-02-02 13:00:00,83,2212.0
2017-02-02 14:00:00,404,1264.0
2017-02-02 15:00:00,461,1580.0
2017-02-02 16:00:00,757,0.0
2017-02-02 17:00:00,859,1264.0
2017-02-02 18:00:00,1328,2844.0
2017-02-02 19:00:00,397,632.0
2017-02-02 20:00:00,922,2528.0
2017-02-02 21:00:00,166,316.0
2017-02-02 22:00:00,126,316.0
2017-02-02 23:00:00,113,0.0
2017-02-03 00:00:00,79,0.0
2017-02-03 01:00:00,81,632.0
2017-02-03 02:00:00,97,2212.0
2017-02-03 03:00:00,80,0.0
2017-02-03 04:00:00,93,2528.0
2017-02-03 05:00:00,131,5056.0
2017-02-03 06:00:00,126,4108.0
2017-02-03 07:00:00,3366,2212.0
2017-02-03 08:00:00,1526,2844.0
2017-02-03 09:00:00,1052,2844.0
2017-02-03 10:00:00,1136,2528.0
2017-02-03 11:00:00,1228,0.0
2017-02-03 12:00:00,1398,3792.0
2017-02-03 13:00:00,382,2528.0
2017-02-03 14:00:00,98,2212.0
2017-02-03 15:00:00,307,3792.0
2017-02-03 16:00:00,954,632.0
2017-02-03 17:00:00,1795,4108.0
2017-02-03 18:00:00,2063,4740.0
2017-02-03 19:00:00,2244,316.0
2017-02-03 20:00:00,1109,0.0
2017-02-03 21:00:00,184,2212.0
2017-02-03 22:00:00,118,316.0
2017-02-03 23:00:00,93,0.0
2017-02-04 00:00:00,84,0.0
2017-02-04 01:00:00,81,2528.0
2017-02-04 02:00:00,89,316.0
2017-02-04 03:00:00,98,2212.0
2017-02-04 04:00:00,96,316.0
2017-02-04 05:00:00,180,6320.0
2017-02-04 06:00:00,153,4108.0
2017-02-04 07:00:00,500,4108.0
2017-02-04 08:00:00,1685,3476.0
2017-02-04 09:00:00,1692,0.0
2017-02-04 10:00:00,1321,3160.0
2017-02-04 11:00:00,738,316.0
2017-02-04 12:00:00,238,3160.0
2017-02-04 13:00:00,502,2844.0
2017-02-04 14:00:00,799,1264.0
2017-02-04 15:00:00,1144,3476.0
2017-02-04 16:00:00,1401,2212.0
2017-02-04 17:00:00,2280,948.0
2017-02-04 18:00:00,1141,2844.0
2017-02-04 19:00:00,4206,2212.0
2017-02-04 20:00:00,297,316.0
2017-02-04 21:00:00,279,2528.0
2017-02-04 22:00:00,830,0.0
2017-02-04 23:00:00,122,0.0
2017-02-05 00:00:00,118,2528.0
2017-02-05 01:00:00,111,0.0
2017-02-05 02:00:00,111,2212.0
2017-02-05 03:00:00,116,2212.0
2017-02-05 04:00:00,89,948.0
2017-02-05 05:00:00,143,6320.0
2017-02-05 06:00:00,133,3792.0
2017-02-05 07:00:00,780,4424.0
2017-02-05 08:00:00,1606,2212.0
2017-02-05 09:00:00,1319,7268.0
2017-02-05 10:00:00,1123,1896.0
2017-02-05 11:00:00,821,3476.0
2017-02-05 12:00:00,1124,3160.0
2017-02-05 13:00:00,1099,632.0
2017-02-05 14:00:00,2511,3792.0
2017-02-05 15:00:00,1330,2212.0
2017-02-05 16:00:00,668,2528.0
2017-02-05 17:00:00,1177,2528.0
2017-02-05 18:00:00,589,2528.0
2017-02-05 19:00:00,596,2528.0
2017-02-05 20:00:00,283,2528.0
2017-02-05 21:00:00,202,2212.0
2017-02-05 22:00:00,147,2212.0
2017-02-05 23:00:00,106,0.0
2017-02-06 00:00:00,107,0.0
2017-02-06 01:00:00,125,3792.0
2017-02-06 02:00:00,100,1264.0
2017-02-06 03:00:00,100,4424.0
2017-02-06 04:00:00,102,1896.0
2017-02-06 05:00:00,156,5688.0
2017-02-06 06:00:00,265,3476.0
2017-02-06 07:00:00,402,6952.0
2017-02-06 08:00:00,415,3792.0
2017-02-06 09:00:00,427,1896.0
2017-02-06 10:00:00,615,4108.0
2017-02-06 11:00:00,341,3476.0
2017-02-06 12:00:00,1101,1896.0
2017-02-06 13:00:00,405,3792.0
2017-02-06 14:00:00,361,3476.0
2017-02-06 15:00:00,359,1896.0
2017-02-06 16:00:00,438,3792.0
2017-02-06 17:00:00,880,632.0
2017-02-06 18:00:00,604,4424.0
2017-02-06 19:00:00,412,948.0
2017-02-06 20:00:00,198,0.0
2017-02-06 21:00:00,757,4740.0
2017-02-06 22:00:00,170,3476.0
2017-02-06 23:00:00,108,0.0
2017-02-07 00:00:00,108,632.0
2017-02-07 01:00:00,88,2212.0
2017-02-07 02:00:00,104,2528.0
2017-02-07 03:00:00,90,2212.0
2017-02-07 04:00:00,100,2528.0
2017-02-07 05:00:00,148,5372.0
2017-02-07 06:00:00,278,5372.0
2017-02-07 07:00:00,295,3792.0
2017-02-07 08:00:00,294,3476.0
2017-02-07 09:00:00,659,3160.0
2017-02-07 10:00:00,896,2212.0
2017-02-07 11:00:00,965,2844.0
2017-02-07 12:00:00,806,4424.0
2017-02-07 13:00:00,1972,3476.0
2017-02-07 14:00:00,589,3792.0
2017-02-07 15:00:00,704,2528.0
2017-02-07 16:00:00,534,3792.0
2017-02-07 17:00:00,949,3792.0
2017-02-07 18:00:00,4290,1896.0
2017-02-07 19:00:00,439,1580.0
2017-02-07 20:00:00,172,3160.0
2017-02-07 21:00:00,118,2212.0
2017-02-07 22:00:00,137,2212.0
2017-02-07 23:00:00,115,0.0
2017-02-08 00:00:00,120,316.0
2017-02-08 01:00:00,311,2212.0
2017-02-08 02:00:00,107,1896.0
2017-02-08 03:00:00,122,2528.0
2017-02-08 04:00:00,120,2212.0
2017-02-08 05:00:00,175,6004.0
2017-02-08 06:00:00,172,4108.0
2017-02-08 07:00:00,1107,4740.0
2017-02-08 08:00:00,1311,3476.0
2017-02-08 09:00:00,1180,948.0
2017-02-08 10:00:00,1090,3792.0
2017-02-08 11:00:00,1230,2212.0
2017-02-08 12:00:00,1148,2212.0
2017-02-08 13:00:00,1155,0.0
2017-02-08 14:00:00,2301,1896.0
2017-02-08 15:00:00,5007,2528.0
2017-02-08 16:00:00,1601,3476.0
2017-02-08 17:00:00,2367,2528.0
2017-02-08 18:00:00,1873,948.0
2017-02-08 19:00:00,2570,4108.0
2017-02-08 20:00:00,166,2212.0
2017-02-08 21:00:00,171,1896.0
2017-02-08 22:00:00,120,2528.0
2017-02-08 23:00:00,114,0.0
2017-02-09 00:00:00,122,2212.0
2017-02-09 01:00:00,112,1264.0
2017-02-09 02:00:00,115,1580.0
2017-02-09 03:00:00,121,2212.0
2017-02-09 04:00:00,130,4108.0
2017-02-09 05:00:00,137,3792.0
2017-02-09 06:00:00,836,4424.0
2017-02-09 07:00:00,576,4424.0
2017-02-09 08:00:00,242,5372.0
2017-02-09 09:00:00,521,3476.0
2017-02-09 10:00:00,323,3792.0
2017-02-09 11:00:00,130,2528.0
2017-02-09 12:00:00,139,3160.0
2017-02-09 13:00:00,136,2528.0
2017-02-09 14:00:00,148,3160.0
2017-02-09 15:00:00,602,1896.0
2017-02-09 16:00:00,637,3476.0
2017-02-09 17:00:00,1067,632.0
2017-02-09 18:00:00,546,1896.0
2017-02-09 19:00:00,263,3160.0
2017-02-09 20:00:00,121,2212.0
2017-02-09 21:00:00,160,0.0
2017-02-09 22:00:00,123,0.0
2017-02-10 14:00:00,1162,0.0
2017-02-10 15:00:00,1010,3160.0
2017-02-10 16:00:00,1421,2212.0
2017-02-10 17:00:00,2289,3160.0
2017-02-10 18:00:00,4329,3160.0
2017-02-10 19:00:00,500,3160.0
2017-02-10 20:00:00,175,1264.0
2017-02-10 21:00:00,146,3476.0
2017-02-10 22:00:00,114,632.0
2017-02-10 23:00:00,107,0.0
2017-02-11 00:00:00,116,2528.0
2017-02-11 01:00:00,128,2528.0
2017-02-11 02:00:00,121,1896.0
2017-02-11 03:00:00,117,2844.0
2017-02-11 04:00:00,130,3792.0
2017-02-11 05:00:00,139,4424.0
2017-02-11 06:00:00,1357,5372.0
2017-02-11 07:00:00,2994,5372.0
2017-02-11 08:00:00,1569,6636.0
2017-02-11 09:00:00,1900,4740.0
2017-02-11 10:00:00,1374,2528.0
2017-02-11 11:00:00,1520,5056.0
2017-02-11 12:00:00,1644,4424.0
2017-02-11 13:00:00,940,3160.0
2017-02-11 14:00:00,936,4424.0
2017-02-11 15:00:00,1154,4424.0
2017-02-11 16:00:00,1713,2528.0
2017-02-11 17:00:00,2911,7900.0
2017-02-11 18:00:00,1068,2528.0
2017-02-11 19:00:00,443,3792.0
2017-02-11 20:00:00,203,3476.0
2017-02-11 21:00:00,156,3476.0
2017-02-11 22:00:00,139,2212.0
2017-02-11 23:00:00,125,316.0
2017-02-12 00:00:00,119,0.0
2017-02-12 01:00:00,138,1580.0
2017-02-12 02:00:00,134,2212.0
2017-02-12 03:00:00,137,2212.0
2017-02-12 04:00:00,128,2528.0
2017-02-12 05:00:00,149,4740.0
2017-02-12 06:00:00,299,5056.0
2017-02-12 07:00:00,785,2528.0
2017-02-12 08:00:00,1425,6320.0
2017-02-12 09:00:00,1335,2528.0
2017-02-12 10:00:00,1274,3792.0
2017-02-12 11:00:00,475,3792.0
2017-02-12 12:00:00,123,4108.0
2017-02-12 13:00:00,103,1896.0
2017-02-12 14:00:00,115,4108.0
2017-02-12 15:00:00,942,2528.0
2017-02-12 16:00:00,1290,1896.0
2017-02-12 17:00:00,2305,2528.0
2017-02-12 18:00:00,1671,2212.0
2017-02-12 19:00:00,1705,2528.0
2017-02-12 20:00:00,377,2528.0
2017-02-12 21:00:00,136,2212.0
2017-02-12 22:00:00,120,1896.0
2017-02-12 23:00:00,102,0.0
2017-02-13 00:00:00,118,2528.0
2017-02-13 01:00:00,129,2212.0
2017-02-13 02:00:00,128,2528.0
2017-02-13 03:00:00,119,3160.0
2017-02-13 04:00:00,115,2528.0
2017-02-13 05:00:00,151,5056.0
2017-02-13 06:00:00,585,3792.0
2017-02-13 07:00:00,265,5056.0
2017-02-13 08:00:00,118,3160.0
2017-02-13 09:00:00,90,3476.0
2017-02-13 10:00:00,110,3792.0
2017-02-13 11:00:00,97,2528.0
2017-02-13 12:00:00,75,2212.0
2017-02-13 13:00:00,691,2212.0
2017-02-13 14:00:00,125,4424.0
2017-02-13 15:00:00,111,3792.0
2017-02-13 16:00:00,115,2844.0
2017-02-13 17:00:00,1314,4424.0
2017-02-13 18:00:00,2437,4424.0
2017-02-13 19:00:00,1358,1264.0
2017-02-13 20:00:00,2462,2528.0
2017-02-13 21:00:00,291,316.0
2017-02-13 22:00:00,109,2212.0
2017-02-13 23:00:00,90,316.0
2017-02-14 00:00:00,66,0.0
2017-02-14 01:00:00,107,2528.0
2017-02-14 02:00:00,102,2212.0
2017-02-14 03:00:00,103,2528.0
2017-02-14 04:00:00,63,0.0
2017-02-14 05:00:00,137,5688.0
2017-02-14 06:00:00,999,4108.0
2017-02-14 07:00:00,299,2212.0
2017-02-14 08:00:00,77,0.0
2017-02-14 09:00:00,85,4424.0
2017-02-14 10:00:00,100,0.0
2017-02-14 11:00:00,82,632.0
2017-02-14 12:00:00,105,3160.0
2017-02-14 13:00:00,79,0.0
2017-02-14 14:00:00,327,6320.0
2017-02-14 15:00:00,494,1264.0
2017-02-14 16:00:00,759,4108.0
2017-02-14 17:00:00,1999,1896.0
2017-02-14 18:00:00,2176,2844.0
2017-02-14 19:00:00,3575,316.0
2017-02-14 20:00:00,500,3476.0
2017-02-14 21:00:00,194,316.0
2017-02-14 22:00:00,305,2528.0
2017-02-14 23:00:00,470,316.0
2017-02-15 00:00:00,108,0.0
2017-02-15 01:00:00,119,2528.0
2017-02-15 02:00:00,121,1264.0
2017-02-15 03:00:00,106,1264.0
2017-02-15 04:00:00,118,2212.0
2017-02-15 05:00:00,152,4740.0
2017-02-15 06:00:00,144,4108.0
2017-02-15 07:00:00,902,2528.0
2017-02-15 08:00:00,1782,3792.0
2017-02-15 09:00:00,1588,2844.0
2017-02-15 10:00:00,801,2212.0
2017-02-15 11:00:00,126,2212.0
2017-02-15 12:00:00,113,3792.0
2017-02-15 13:00:00,89,2212.0
2017-02-15 14:00:00,356,2212.0
2017-02-15 15:00:00,1897,2212.0
2017-02-15 16:00:00,1256,0.0
2017-02-15 17:00:00,2326,0.0
2017-02-15 18:00:00,1180,4107.0
2017-02-15 19:00:00,888,3792.0
2017-02-15 20:00:00,243,0.0
2017-02-15 21:00:00,157,2844.0
2017-02-15 22:00:00,121,0.0
2017-02-15 23:00:00,107,316.0
2017-02-16 00:00:00,96,0.0
2017-02-16 01:00:00,119,1264.0
2017-02-16 02:00:00,116,1580.0
2017-02-16 03:00:00,105,0.0
2017-02-16 04:00:00,110,2528.0
2017-02-16 05:00:00,144,5056.0
2017-02-16 06:00:00,235,948.0
2017-02-16 07:00:00,2604,3159.0
2017-02-16 08:00:00,726,0.0
2017-02-16 09:00:00,1164,4423.0
2017-02-16 10:00:00,223,2843.0
2017-02-16 11:00:00,98,0.0
2017-02-16 12:00:00,347,6003.0
2017-02-16 13:00:00,369,1264.0
2017-02-16 14:00:00,345,0.0
2017-02-16 15:00:00,339,6951.0
2017-02-16 16:00:00,739,948.0
2017-02-16 17:00:00,1435,0.0
2017-02-16 18:00:00,484,0.0
2017-02-16 19:00:00,380,4423.0
2017-02-16 20:00:00,279,948.0
2017-02-16 21:00:00,151,1264.0
2017-02-16 22:00:00,117,0.0
2017-02-16 23:00:00,104,0.0
2017-02-17 00:00:00,95,0.0
2017-02-17 01:00:00,136,4107.0
2017-02-17 02:00:00,123,0.0
2017-02-17 03:00:00,126,0.0
2017-02-17 04:00:00,111,0.0
2017-02-17 05:00:00,144,0.0
2017-02-17 06:00:00,157,0.0
2017-02-17 07:00:00,583,19588.0
2017-02-17 08:00:00,1106,0.0
2017-02-17 09:00:00,1309,0.0
2017-02-17 10:00:00,680,13902.0
2017-02-17 11:00:00,140,4424.0
2017-02-17 12:00:00,120,3160.0
2017-02-17 13:00:00,114,2528.0
2017-02-17 14:00:00,108,3476.0
2017-02-17 15:00:00,143,3160.0
2017-02-17 16:00:00,445,2528.0
2017-02-17 17:00:00,1797,0.0
2017-02-17 18:00:00,5349,0.0
2017-02-17 19:00:00,3026,0.0
2017-02-17 20:00:00,1554,0.0
2017-02-17 21:00:00,306,0.0
2017-02-17 22:00:00,109,0.0
2017-02-17 23:00:00,113,0.0
2017-02-18 00:00:00,116,0.0
2017-02-18 01:00:00,111,0.0
2017-02-18 02:00:00,94,0.0
2017-02-18 03:00:00,110,0.0
2017-02-18 04:00:00,106,0.0
2017-02-18 05:00:00,147,0.0
2017-02-18 06:00:00,120,0.0
2017-02-18 07:00:00,2259,0.0
2017-02-18 08:00:00,1784,8846.0
2017-02-18 09:00:00,952,6319.0
2017-02-18 10:00:00,699,0.0
2017-02-18 11:00:00,741,0.0
2017-02-18 12:00:00,729,0.0
2017-02-18 13:00:00,734,316.0
2017-02-18 14:00:00,780,2844.0
2017-02-18 15:00:00,702,3160.0
2017-02-18 16:00:00,1155,0.0
2017-02-18 17:00:00,2323,0.0
2017-02-18 18:00:00,2493,5687.0
2017-02-18 19:00:00,2065,316.0
2017-02-18 20:00:00,201,948.0
2017-02-18 21:00:00,128,0.0
2017-02-18 22:00:00,113,0.0
2017-02-18 23:00:00,117,0.0
2017-02-19 00:00:00,122,0.0
2017-02-19 01:00:00,124,632.0
2017-02-19 02:00:00,121,0.0
2017-02-19 03:00:00,110,0.0
2017-02-19 04:00:00,123,0.0
2017-02-19 05:00:00,124,0.0
2017-02-19 06:00:00,126,0.0
2017-02-19 07:00:00,784,5372.0
2017-02-19 08:00:00,1786,5056.0
2017-02-19 09:00:00,2404,3476.0
2017-02-19 10:00:00,1548,632.0
2017-02-19 11:00:00,608,2843.0
2017-02-19 12:00:00,550,4740.0
2017-02-19 13:00:00,182,3476.0
2017-02-19 14:00:00,232,3476.0
2017-02-19 15:00:00,520,1264.0
2017-02-19 16:00:00,1496,2844.0
2017-02-19 17:00:00,1613,5055.0
2017-02-19 18:00:00,1152,316.0
2017-02-19 19:00:00,995,0.0
2017-02-19 20:00:00,2450,0.0
2017-02-19 21:00:00,320,0.0
2017-02-19 22:00:00,127,0.0
2017-02-19 23:00:00,95,0.0
2017-02-20 00:00:00,107,0.0
2017-02-20 01:00:00,102,0.0
2017-02-20 02:00:00,129,0.0
2017-02-20 03:00:00,113,0.0
2017-02-20 04:00:00,102,0.0
2017-02-20 05:00:00,157,0.0
2017-02-20 06:00:00,665,0.0
2017-02-20 07:00:00,563,21800.0
2017-02-20 08:00:00,400,0.0
2017-02-20 09:00:00,341,0.0
2017-02-20 10:00:00,115,0.0
2017-02-20 11:00:00,116,8846.0
2017-02-20 12:00:00,87,0.0
2017-02-20 13:00:00,80,0.0
2017-02-20 14:00:00,226,3159.0
2017-02-20 15:00:00,441,0.0
2017-02-20 16:00:00,232,0.0
2017-02-20 17:00:00,769,0.0
2017-02-20 18:00:00,610,0.0
2017-02-20 19:00:00,1866,0.0
2017-02-20 20:00:00,482,8846.0
2017-02-20 21:00:00,409,2212.0
2017-02-20 22:00:00,440,0.0
2017-02-20 23:00:00,246,0.0
2017-02-21 00:00:00,248,948.0
2017-02-21 01:00:00,274,2528.0
2017-02-21 02:00:00,443,0.0
2017-02-21 03:00:00,109,0.0
2017-02-21 04:00:00,87,0.0
2017-02-21 05:00:00,127,0.0
2017-02-21 06:00:00,487,0.0
2017-02-21 07:00:00,652,15481.0
2017-02-21 08:00:00,246,0.0
2017-02-21 09:00:00,228,0.0
2017-02-21 10:00:00,155,0.0
2017-02-21 11:00:00,118,0.0
2017-02-21 12:00:00,104,0.0
2017-02-21 13:00:00,113,0.0
2017-02-21 14:00:00,342,0.0
2017-02-21 15:00:00,248,0.0
2017-02-21 16:00:00,742,0.0
2017-02-21 17:00:00,1034,0.0
2017-02-21 18:00:00,4133,21168.0
2017-02-21 19:00:00,436,0.0
2017-02-21 20:00:00,177,0.0
2017-02-21 21:00:00,158,0.0
2017-02-21 22:00:00,323,8530.0
2017-02-21 23:00:00,81,0.0
2017-02-22 00:00:00,85,0.0
2017-02-22 01:00:00,85,0.0
2017-02-22 02:00:00,85,0.0
2017-02-22 03:00:00,94,0.0
2017-02-22 04:00:00,93,0.0
2017-02-22 05:00:00,131,10110.0
2017-02-22 06:00:00,158,4739.0
2017-02-22 07:00:00,1694,0.0
2017-02-22 08:00:00,3891,8530.0
2017-02-22 09:00:00,1149,1580.0
2017-02-22 10:00:00,1197,4740.0
2017-02-22 11:00:00,1016,0.0
2017-02-22 12:00:00,1173,3475.0
2017-02-22 13:00:00,837,1264.0
2017-02-22 14:00:00,980,0.0
2017-02-22 15:00:00,236,7583.0
2017-02-22 16:00:00,145,3476.0
2017-02-22 17:00:00,160,2212.0
2017-02-22 18:00:00,273,4108.0
2017-02-22 19:00:00,455,1264.0
2017-02-22 20:00:00,1724,2212.0
2017-02-22 21:00:00,359,1896.0
2017-02-22 22:00:00,286,3160.0
2017-02-22 23:00:00,252,316.0
2017-02-23 00:00:00,252,0.0
2017-02-23 01:00:00,215,0.0
2017-02-23 02:00:00,206,1580.0
2017-02-23 03:00:00,202,2212.0
2017-02-23 04:00:00,175,2528.0
2017-02-23 05:00:00,161,4108.0
2017-02-23 06:00:00,174,3792.0
2017-02-23 07:00:00,456,4108.0
2017-02-23 08:00:00,350,4424.0
2017-02-23 09:00:00,355,3792.0
2017-02-23 10:00:00,144,2212.0
2017-02-23 11:00:00,134,4108.0
2017-02-23 12:00:00,93,3476.0
2017-02-23 13:00:00,139,3792.0
2017-02-23 14:00:00,117,3160.0
2017-02-23 15:00:00,115,3476.0
2017-02-23 16:00:00,910,1264.0
2017-02-23 17:00:00,1398,0.0
2017-02-23 18:00:00,1071,0.0
2017-02-23 19:00:00,1957,6319.0
2017-02-23 20:00:00,497,0.0
2017-02-23 21:00:00,1046,0.0
2017-02-23 22:00:00,1268,7583.0
2017-02-23 23:00:00,665,0.0
2017-02-24 00:00:00,249,0.0
2017-02-24 01:00:00,188,1264.0
2017-02-24 02:00:00,129,2212.0
2017-02-24 03:00:00,128,3792.0
2017-02-24 04:00:00,134,1264.0
2017-02-24 05:00:00,163,4740.0
2017-02-24 06:00:00,238,4108.0
2017-02-24 07:00:00,1283,4424.0
2017-02-24 08:00:00,1243,4424.0
2017-02-24 09:00:00,4642,3160.0
2017-02-24 10:00:00,1433,3160.0
2017-02-24 11:00:00,1051,3160.0
2017-02-24 12:00:00,912,4108.0
2017-02-24 13:00:00,513,4424.0
2017-02-24 14:00:00,653,4740.0
2017-02-24 15:00:00,533,4424.0
2017-02-24 16:00:00,1698,3792.0
2017-02-24 17:00:00,1843,3792.0
2017-02-24 18:00:00,584,6320.0
2017-02-24 19:00:00,768,2528.0
2017-02-24 20:00:00,389,1896.0
2017-02-24 21:00:00,721,2844.0
2017-02-24 22:00:00,207,2844.0
2017-02-24 23:00:00,172,0.0
2017-02-25 00:00:00,154,0.0
2017-02-25 01:00:00,122,0.0
2017-02-25 02:00:00,112,0.0
2017-02-25 03:00:00,98,2528.0
2017-02-25 04:00:00,94,2528.0
2017-02-25 05:00:00,136,4108.0
2017-02-25 06:00:00,491,3160.0
2017-02-25 07:00:00,1340,4424.0
2017-02-25 08:00:00,1342,3476.0
2017-02-25 09:00:00,123,3476.0
2017-02-25 10:00:00,131,2844.0
2017-02-25 11:00:00,94,1580.0
2017-02-25 12:00:00,921,3476.0
2017-02-25 13:00:00,727,2212.0
2017-02-25 14:00:00,246,2528.0
2017-02-25 15:00:00,921,3792.0
2017-02-25 16:00:00,1961,1580.0
2017-02-25 17:00:00,2033,632.0
2017-02-25 18:00:00,1248,3792.0
2017-02-25 19:00:00,2368,2212.0
2017-02-25 20:00:00,199,2528.0
2017-02-25 21:00:00,145,0.0
2017-02-25 22:00:00,705,2212.0
2017-02-25 23:00:00,112,0.0
2017-02-26 00:00:00,119,0.0
2017-02-26 01:00:00,138,2212.0
2017-02-26 02:00:00,108,0.0
2017-02-26 03:00:00,132,2212.0
2017-02-26 04:00:00,130,1896.0
2017-02-26 05:00:00,164,4740.0
2017-02-26 06:00:00,487,3792.0
2017-02-26 07:00:00,3358,1896.0
2017-02-26 08:00:00,5112,3160.0
2017-02-26 09:00:00,628,1896.0
2017-02-26 10:00:00,149,4108.0
2017-02-26 11:00:00,151,1264.0
2017-02-26 12:00:00,277,3160.0
2017-02-26 13:00:00,657,3160.0
2017-02-26 14:00:00,473,0.0
2017-02-26 15:00:00,578,0.0
2017-02-26 16:00:00,1274,4107.0
2017-02-26 17:00:00,1851,3792.0
2017-02-26 18:00:00,1889,2528.0
2017-02-26 19:00:00,952,1580.0
2017-02-26 20:00:00,1055,2212.0
2017-02-26 21:00:00,399,0.0
2017-02-26 22:00:00,145,2212.0
2017-02-26 23:00:00,114,0.0
2017-02-27 00:00:00,101,0.0
2017-02-27 01:00:00,133,2844.0
2017-02-27 02:00:00,123,1896.0
2017-02-27 03:00:00,121,1580.0
2017-02-27 04:00:00,107,948.0
2017-02-27 05:00:00,160,5372.0
2017-02-27 06:00:00,274,2528.0
2017-02-27 07:00:00,1567,5688.0
2017-02-27 08:00:00,105,2844.0
2017-02-27 09:00:00,117,3476.0
2017-02-27 10:00:00,122,2212.0
2017-02-27 11:00:00,99,3792.0
2017-02-27 12:00:00,125,2212.0
2017-02-27 13:00:00,545,3792.0
2017-02-27 14:00:00,349,1580.0
2017-02-27 15:00:00,531,2528.0
2017-02-27 16:00:00,1226,3160.0
2017-02-27 17:00:00,1038,948.0
2017-02-27 18:00:00,4870,3160.0
2017-02-27 19:00:00,1255,632.0
2017-02-27 20:00:00,361,2528.0
2017-02-27 21:00:00,272,3476.0
2017-02-27 22:00:00,126,1580.0
2017-02-27 23:00:00,117,316.0
2017-02-28 00:00:00,105,316.0
2017-02-28 01:00:00,138,3792.0
2017-02-28 02:00:00,128,1896.0
2017-02-28 03:00:00,129,1896.0
2017-02-28 04:00:00,120,3160.0
2017-02-28 05:00:00,166,4108.0
2017-02-28 06:00:00,587,3792.0
2017-02-28 07:00:00,549,6320.0
2017-02-28 08:00:00,153,2212.0
2017-02-28 09:00:00,151,4424.0
2017-02-28 10:00:00,151,3160.0
2017-02-28 11:00:00,125,2844.0
2017-02-28 12:00:00,146,3476.0
2017-02-28 13:00:00,141,2528.0
2017-02-28 14:00:00,113,1580.0
2017-02-28 15:00:00,118,2212.0
2017-02-28 16:00:00,144,3160.0
2017-02-28 17:00:00,880,5372.0
2017-02-28 18:00:00,3954,4740.0
2017-02-28 19:00:00,979,1896.0
2017-02-28 20:00:00,360,3792.0
2017-02-28 21:00:00,356,3792.0
2017-02-28 22:00:00,235,1580.0
2017-02-28 23:00:00,168,0.0
2017-03-01 00:00:00,79,0.0
2017-03-01 01:00:00,84,0.0
2017-03-01 02:00:00,97,3160.0
2017-03-01 03:00:00,93,2844.0
2017-03-01 04:00:00,121,2844.0
2017-03-01 05:00:00,115,3160.0
2017-03-01 06:00:00,554,3476.0
2017-03-01 07:00:00,1466,4740.0
2017-03-01 08:00:00,3794,3476.0
2017-03-01 09:00:00,1554,2844.0
2017-03-01 10:00:00,2010,3792.0
2017-03-01 11:00:00,118,2528.0
2017-03-01 12:00:00,119,3792.0
2017-03-01 13:00:00,1154,4108.0
2017-03-01 14:00:00,1315,3476.0
2017-03-01 15:00:00,938,2212.0
2017-03-01 16:00:00,1746,3792.0
2017-03-01 17:00:00,2034,2212.0
2017-03-01 18:00:00,6888,316.0
2017-03-01 19:00:00,494,4424.0
2017-03-01 20:00:00,296,2844.0
2017-03-01 21:00:00,353,2212.0
2017-03-01 22:00:00,145,2844.0
2017-03-01 23:00:00,86,0.0
2017-03-02 00:00:00,82,0.0
2017-03-02 01:00:00,147,4740.0
2017-03-02 02:00:00,128,1896.0
2017-03-02 03:00:00,113,1580.0
2017-03-02 04:00:00,135,3792.0
2017-03-02 05:00:00,162,4108.0
2017-03-02 06:00:00,229,4108.0
2017-03-02 07:00:00,938,6004.0
2017-03-02 08:00:00,539,4108.0
2017-03-02 09:00:00,159,3792.0
2017-03-02 10:00:00,151,4108.0
2017-03-02 11:00:00,157,2844.0
2017-03-02 12:00:00,146,3792.0
2017-03-02 13:00:00,133,2844.0
2017-03-02 14:00:00,145,3160.0
2017-03-02 15:00:00,228,2528.0
2017-03-02 16:00:00,432,2844.0
2017-03-02 17:00:00,1024,632.0
2017-03-02 18:00:00,753,948.0
2017-03-02 19:00:00,333,2844.0
2017-03-02 20:00:00,182,3792.0
2017-03-02 21:00:00,132,2528.0
2017-03-02 22:00:00,139,2844.0
2017-03-02 23:00:00,111,0.0
2017-03-03 00:00:00,116,2212.0
2017-03-03 01:00:00,122,948.0
2017-03-03 02:00:00,128,1896.0
2017-03-03 03:00:00,119,2212.0
2017-03-03 04:00:00,112,948.0
2017-03-03 05:00:00,167,5372.0
2017-03-03 06:00:00,368,3792.0
2017-03-03 07:00:00,5235,4108.0
2017-03-03 08:00:00,1287,3476.0
2017-03-03 09:00:00,1324,2528.0
2017-03-03 10:00:00,1965,2844.0
2017-03-03 11:00:00,1075,2844.0
2017-03-03 12:00:00,1310,4740.0
2017-03-03 13:00:00,3396,2212.0
2017-03-03 14:00:00,1353,1896.0
2017-03-03 15:00:00,1604,3476.0
2017-03-03 16:00:00,1535,4108.0
2017-03-03 17:00:00,2544,5056.0
2017-03-03 18:00:00,1845,5688.0
2017-03-03 19:00:00,842,3476.0
2017-03-03 20:00:00,1019,3160.0
2017-03-03 21:00:00,830,2528.0
2017-03-03 22:00:00,293,2528.0
2017-03-03 23:00:00,253,0.0
2017-03-04 00:00:00,208,0.0
2017-03-04 01:00:00,116,0.0
2017-03-04 02:00:00,117,632.0
2017-03-04 03:00:00,126,2212.0
2017-03-04 04:00:00,120,1896.0
2017-03-04 05:00:00,168,4740.0
2017-03-04 06:00:00,164,2528.0
2017-03-04 07:00:00,369,4108.0
2017-03-04 08:00:00,1258,6635.0
2017-03-04 09:00:00,1544,4108.0
2017-03-04 10:00:00,1283,1264.0
2017-03-04 11:00:00,1229,1264.0
2017-03-04 12:00:00,1272,6950.0
2017-03-04 13:00:00,1194,2212.0
2017-03-04 14:00:00,1153,2527.0
2017-03-04 15:00:00,1374,1896.0
2017-03-04 16:00:00,2166,4739.0
2017-03-04 17:00:00,2632,3792.0
2017-03-04 18:00:00,2176,6004.0
2017-03-04 19:00:00,1194,2528.0
2017-03-04 20:00:00,710,2212.0
2017-03-04 21:00:00,169,2528.0
2017-03-04 22:00:00,137,2844.0
2017-03-04 23:00:00,120,0.0
2017-03-05 00:00:00,104,0.0
2017-03-05 01:00:00,79,0.0
2017-03-05 02:00:00,91,0.0
2017-03-05 03:00:00,93,0.0
2017-03-05 04:00:00,103,2528.0
2017-03-05 05:00:00,126,4424.0
2017-03-05 06:00:00,2194,3792.0
2017-03-05 07:00:00,2618,2844.0
2017-03-05 08:00:00,975,1896.0
2017-03-05 09:00:00,106,0.0
2017-03-05 10:00:00,118,0.0
2017-03-05 11:00:00,100,0.0
2017-03-05 12:00:00,316,13270.0
2017-03-05 13:00:00,3783,1580.0
2017-03-05 14:00:00,678,3475.0
2017-03-05 15:00:00,296,0.0
2017-03-05 16:00:00,503,1580.0
2017-03-05 17:00:00,1855,3160.0
2017-03-05 18:00:00,4625,0.0
2017-03-05 19:00:00,736,3159.0
2017-03-05 20:00:00,237,3159.0
2017-03-05 21:00:00,341,2212.0
2017-03-05 22:00:00,200,3160.0
2017-03-05 23:00:00,128,0.0
2017-03-06 00:00:00,117,0.0
2017-03-06 01:00:00,136,1580.0
2017-03-06 02:00:00,121,2528.0
2017-03-06 03:00:00,144,0.0
2017-03-06 04:00:00,131,4423.0
2017-03-06 05:00:00,161,3475.0
2017-03-06 06:00:00,407,0.0
2017-03-06 07:00:00,244,0.0
2017-03-06 08:00:00,149,0.0
2017-03-06 09:00:00,135,15797.0
2017-03-06 10:00:00,127,4424.0
2017-03-06 11:00:00,115,2212.0
2017-03-06 12:00:00,240,3160.0
2017-03-06 13:00:00,242,2844.0
2017-03-06 14:00:00,597,1264.0
2017-03-06 15:00:00,218,1580.0
2017-03-06 16:00:00,579,2212.0
2017-03-06 17:00:00,452,0.0
2017-03-06 18:00:00,3074,3476.0
2017-03-06 19:00:00,1333,1580.0
2017-03-06 20:00:00,812,2844.0
2017-03-06 21:00:00,203,1580.0
2017-03-06 22:00:00,134,1264.0
2017-03-06 23:00:00,103,632.0
2017-03-07 00:00:00,112,316.0
2017-03-07 01:00:00,122,1580.0
2017-03-07 02:00:00,94,1264.0
2017-03-07 03:00:00,80,1580.0
2017-03-07 04:00:00,96,1896.0
2017-03-07 05:00:00,149,5056.0
2017-03-07 06:00:00,461,1264.0
2017-03-07 07:00:00,401,6635.0
2017-03-07 08:00:00,133,2844.0
2017-03-07 09:00:00,132,3792.0
2017-03-07 10:00:00,129,2528.0
2017-03-07 11:00:00,109,2844.0
2017-03-07 12:00:00,109,2527.0
2017-03-07 13:00:00,112,2528.0
2017-03-07 14:00:00,111,3160.0
2017-03-07 15:00:00,514,2212.0
2017-03-07 16:00:00,496,0.0
2017-03-07 17:00:00,798,2212.0
2017-03-07 18:00:00,4770,316.0
2017-03-07 19:00:00,503,948.0
2017-03-07 20:00:00,1073,1896.0
2017-03-07 21:00:00,721,2844.0
2017-03-07 22:00:00,256,0.0
2017-03-07 23:00:00,2197,0.0
2017-03-08 00:00:00,133,0.0
2017-03-08 01:00:00,155,2527.0
2017-03-08 02:00:00,151,1264.0
2017-03-08 03:00:00,116,632.0
2017-03-08 04:00:00,86,2527.0
2017-03-08 05:00:00,137,4423.0
2017-03-08 06:00:00,154,2844.0
2017-03-08 07:00:00,1129,5372.0
2017-03-08 08:00:00,2409,5372.0
2017-03-08 09:00:00,1123,1580.0
2017-03-08 10:00:00,561,3160.0
2017-03-08 11:00:00,203,3160.0
2017-03-08 12:00:00,600,3476.0
2017-03-08 13:00:00,155,1264.0
2017-03-08 14:00:00,169,1264.0
2017-03-08 15:00:00,527,4108.0
2017-03-08 16:00:00,929,316.0
2017-03-08 17:00:00,1148,948.0
2017-03-08 18:00:00,1798,4740.0
2017-03-08 19:00:00,1838,1896.0
2017-03-08 20:00:00,166,2212.0
2017-03-08 21:00:00,509,0.0
2017-03-08 22:00:00,123,2212.0
2017-03-08 23:00:00,116,0.0
2017-03-09 00:00:00,97,0.0
2017-03-09 01:00:00,127,2212.0
2017-03-09 02:00:00,121,2212.0
2017-03-09 03:00:00,109,632.0
2017-03-09 04:00:00,116,1896.0
2017-03-09 05:00:00,158,4424.0
2017-03-09 06:00:00,1962,2844.0
2017-03-09 07:00:00,627,3792.0
2017-03-09 08:00:00,429,2844.0
2017-03-09 09:00:00,932,4108.0
2017-03-09 10:00:00,161,2844.0
2017-03-09 11:00:00,133,3476.0
2017-03-09 12:00:00,147,2212.0
2017-03-09 13:00:00,135,2212.0
2017-03-09 14:00:00,313,0.0
2017-03-09 15:00:00,307,2528.0
2017-03-09 16:00:00,1026,1580.0
2017-03-09 17:00:00,1296,0.0
2017-03-09 18:00:00,2292,0.0
2017-03-09 19:00:00,739,1264.0
2017-03-09 20:00:00,701,0.0
2017-03-09 21:00:00,2368,1896.0
2017-03-09 22:00:00,2539,0.0
2017-03-09 23:00:00,118,0.0
2017-03-10 00:00:00,146,632.0
2017-03-10 01:00:00,155,2212.0
2017-03-10 02:00:00,126,2844.0
2017-03-10 03:00:00,300,316.0
2017-03-10 04:00:00,101,1896.0
2017-03-10 05:00:00,143,4424.0
2017-03-10 06:00:00,367,4424.0
2017-03-10 07:00:00,2206,4108.0
2017-03-10 08:00:00,1215,3160.0
2017-03-10 09:00:00,1281,3160.0
2017-03-10 10:00:00,337,2528.0
2017-03-10 11:00:00,122,1580.0
2017-03-10 12:00:00,320,5056.0
2017-03-10 13:00:00,347,3160.0
2017-03-10 14:00:00,268,632.0
2017-03-10 15:00:00,575,1264.0
2017-03-10 16:00:00,573,0.0
2017-03-10 17:00:00,2028,3791.0
2017-03-10 18:00:00,1336,1580.0
2017-03-10 19:00:00,2080,1580.0
2017-03-10 20:00:00,3139,1580.0
2017-03-10 21:00:00,451,2528.0
2017-03-10 22:00:00,155,0.0
2017-03-10 23:00:00,142,0.0
2017-03-11 00:00:00,144,316.0
2017-03-11 01:00:00,104,0.0
2017-03-11 02:00:00,137,1896.0
2017-03-11 03:00:00,111,0.0
2017-03-11 04:00:00,119,2212.0
2017-03-11 05:00:00,132,3476.0
2017-03-11 06:00:00,119,3476.0
2017-03-11 07:00:00,1685,2528.0
2017-03-11 08:00:00,1112,1580.0
2017-03-11 09:00:00,287,4108.0
2017-03-11 10:00:00,171,2212.0
2017-03-11 11:00:00,160,1580.0
2017-03-11 12:00:00,327,316.0
2017-03-11 13:00:00,288,2844.0
2017-03-11 14:00:00,332,0.0
2017-03-11 15:00:00,485,1896.0
2017-03-11 16:00:00,950,1896.0
2017-03-11 17:00:00,2288,0.0
2017-03-11 18:00:00,4054,0.0
2017-03-11 19:00:00,798,0.0
2017-03-11 20:00:00,478,4739.0
2017-03-11 21:00:00,450,0.0
2017-03-11 22:00:00,442,0.0
2017-03-11 23:00:00,451,0.0
2017-03-12 00:00:00,264,0.0
2017-03-12 01:00:00,166,0.0
2017-03-12 02:00:00,177,0.0
2017-03-12 03:00:00,187,0.0
2017-03-12 04:00:00,174,0.0
2017-03-12 05:00:00,167,0.0
2017-03-12 06:00:00,214,0.0
2017-03-12 07:00:00,1201,0.0
2017-03-12 08:00:00,952,0.0
2017-03-12 09:00:00,2628,0.0
2017-03-12 10:00:00,672,0.0
2017-03-12 11:00:00,322,25275.0
2017-03-12 12:00:00,105,316.0
2017-03-12 13:00:00,382,4740.0
2017-03-12 14:00:00,321,1896.0
2017-03-12 15:00:00,347,1264.0
2017-03-12 16:00:00,1231,6952.0
2017-03-12 17:00:00,1699,4740.0
2017-03-12 18:00:00,1938,0.0
2017-03-12 19:00:00,479,1580.0
2017-03-12 20:00:00,256,2528.0
2017-03-12 21:00:00,229,0.0
2017-03-12 22:00:00,155,948.0
2017-03-12 23:00:00,123,316.0
2017-03-13 00:00:00,119,0.0
2017-03-13 01:00:00,129,2212.0
2017-03-13 02:00:00,119,0.0
2017-03-13 03:00:00,120,2528.0
2017-03-13 04:00:00,95,1896.0
2017-03-13 05:00:00,130,3476.0
2017-03-13 06:00:00,285,2844.0
2017-03-13 07:00:00,968,4424.0
2017-03-13 08:00:00,149,3476.0
2017-03-13 09:00:00,827,1896.0
2017-03-13 10:00:00,441,2528.0
2017-03-13 11:00:00,316,2528.0
2017-03-13 12:00:00,125,2844.0
2017-03-13 13:00:00,126,1896.0
2017-03-13 14:00:00,133,1896.0
2017-03-13 15:00:00,131,316.0
2017-03-13 16:00:00,414,2528.0
2017-03-13 17:00:00,509,1896.0
2017-03-13 18:00:00,1052,0.0
2017-03-13 19:00:00,2952,1264.0
2017-03-13 20:00:00,1455,632.0
2017-03-13 21:00:00,613,2844.0
2017-03-13 22:00:00,584,1580.0
2017-03-13 23:00:00,123,0.0
2017-03-14 00:00:00,125,316.0
2017-03-14 01:00:00,105,0.0
2017-03-14 02:00:00,133,2212.0
2017-03-14 03:00:00,123,0.0
2017-03-14 04:00:00,118,2528.0
2017-03-14 05:00:00,149,3476.0
2017-03-14 06:00:00,850,3160.0
2017-03-14 07:00:00,572,5056.0
2017-03-14 08:00:00,136,2212.0
2017-03-14 09:00:00,132,2844.0
2017-03-14 10:00:00,1055,2528.0
2017-03-14 11:00:00,583,632.0
2017-03-14 12:00:00,137,1896.0
2017-03-14 13:00:00,468,6636.0
2017-03-14 14:00:00,312,0.0
2017-03-14 15:00:00,311,2528.0
2017-03-14 16:00:00,688,1580.0
2017-03-14 17:00:00,466,0.0
2017-03-14 18:00:00,517,1896.0
2017-03-14 19:00:00,609,5056.0
2017-03-14 20:00:00,333,1580.0
2017-03-14 21:00:00,305,2212.0
2017-03-14 22:00:00,314,632.0
2017-03-14 23:00:00,293,0.0
2017-03-15 00:00:00,189,316.0
2017-03-15 01:00:00,137,2212.0
2017-03-15 02:00:00,87,316.0
2017-03-15 03:00:00,102,1896.0
2017-03-15 04:00:00,99,2212.0
2017-03-15 05:00:00,117,3792.0
2017-03-15 06:00:00,159,2844.0
2017-03-15 07:00:00,1866,3160.0
2017-03-15 08:00:00,2410,4108.0
2017-03-15 09:00:00,3193,1264.0
2017-03-15 10:00:00,927,1896.0
2017-03-15 11:00:00,334,4424.0
2017-03-15 12:00:00,441,6320.0
2017-03-15 13:00:00,248,4740.0
2017-03-15 14:00:00,131,4108.0
2017-03-15 15:00:00,344,1580.0
2017-03-15 16:00:00,1033,5056.0
2017-03-15 17:00:00,1785,0.0
2017-03-15 18:00:00,578,0.0
2017-03-15 19:00:00,1654,0.0
2017-03-15 20:00:00,340,0.0
2017-03-15 21:00:00,247,0.0
2017-03-15 22:00:00,708,9478.0
2017-03-15 23:00:00,252,0.0
2017-03-16 00:00:00,503,0.0
2017-03-16 01:00:00,112,0.0
2017-03-16 02:00:00,103,0.0
2017-03-16 03:00:00,116,0.0
2017-03-16 04:00:00,88,0.0
2017-03-16 05:00:00,110,8530.0
2017-03-16 06:00:00,156,0.0
2017-03-16 07:00:00,574,0.0
2017-03-16 08:00:00,1322,10110.0
2017-03-16 09:00:00,496,948.0
2017-03-16 10:00:00,339,948.0
2017-03-16 11:00:00,440,0.0
2017-03-16 12:00:00,596,0.0
2017-03-16 13:00:00,561,0.0
2017-03-16 14:00:00,482,0.0
2017-03-16 15:00:00,534,0.0
2017-03-16 16:00:00,596,0.0
2017-03-16 17:00:00,1414,8215.0
2017-03-16 18:00:00,740,1580.0
2017-03-16 19:00:00,452,316.0
2017-03-16 20:00:00,372,2212.0
2017-03-16 21:00:00,923,1896.0
2017-03-16 22:00:00,163,1264.0
2017-03-16 23:00:00,126,0.0
2017-03-17 00:00:00,113,1896.0
2017-03-17 01:00:00,136,0.0
2017-03-17 02:00:00,146,1580.0
2017-03-17 03:00:00,131,0.0
2017-03-17 04:00:00,149,0.0
2017-03-17 05:00:00,176,9794.0
2017-03-17 06:00:00,182,948.0
2017-03-17 07:00:00,1362,6635.0
2017-03-17 08:00:00,3720,7582.0
2017-03-17 09:00:00,750,1896.0
2017-03-17 10:00:00,317,4739.0
2017-03-17 11:00:00,144,0.0
2017-03-17 12:00:00,126,0.0
2017-03-17 13:00:00,343,0.0
2017-03-17 14:00:00,546,14849.0
2017-03-17 15:00:00,595,0.0
2017-03-17 16:00:00,825,0.0
2017-03-17 17:00:00,1290,0.0
2017-03-17 18:00:00,2448,7898.0
2017-03-17 19:00:00,896,0.0
2017-03-17 20:00:00,408,0.0
2017-03-17 21:00:00,265,0.0
2017-03-17 22:00:00,820,6635.0
2017-03-17 23:00:00,797,0.0
2017-03-18 00:00:00,800,0.0
2017-03-18 01:00:00,797,0.0
2017-03-18 02:00:00,698,0.0
2017-03-18 03:00:00,93,0.0
2017-03-18 04:00:00,90,0.0
2017-03-18 05:00:00,164,0.0
2017-03-18 06:00:00,142,0.0
2017-03-18 07:00:00,1319,0.0
2017-03-18 08:00:00,2110,0.0
2017-03-18 09:00:00,593,0.0
2017-03-18 10:00:00,143,0.0
2017-03-18 11:00:00,138,0.0
2017-03-18 12:00:00,131,0.0
2017-03-18 13:00:00,327,0.0
2017-03-18 14:00:00,327,0.0
2017-03-18 15:00:00,446,0.0
2017-03-18 16:00:00,606,0.0
2017-03-18 17:00:00,3361,0.0
2017-03-18 18:00:00,1758,0.0
2017-03-18 19:00:00,1520,0.0
2017-03-18 20:00:00,1521,0.0
2017-03-18 21:00:00,308,0.0
2017-03-18 22:00:00,129,0.0
2017-03-18 23:00:00,120,0.0
2017-03-19 00:00:00,121,0.0
2017-03-19 01:00:00,103,0.0
2017-03-19 02:00:00,111,0.0
2017-03-19 03:00:00,125,0.0
2017-03-19 04:00:00,99,0.0
2017-03-19 05:00:00,159,0.0
2017-03-19 06:00:00,964,0.0
2017-03-19 07:00:00,4864,0.0
2017-03-19 08:00:00,1027,0.0
2017-03-19 09:00:00,327,71402.0
2017-03-19 10:00:00,230,0.0
2017-03-19 11:00:00,243,0.0
2017-03-19 12:00:00,233,0.0
2017-03-19 13:00:00,460,8214.0
2017-03-19 14:00:00,1214,0.0
2017-03-19 15:00:00,1288,0.0
2017-03-19 16:00:00,1691,0.0
2017-03-19 17:00:00,2065,5371.0
2017-03-19 18:00:00,1346,0.0
2017-03-19 19:00:00,4709,0.0
2017-03-20 14:00:00,282,0.0
2017-03-20 15:00:00,317,0.0
2017-03-20 16:00:00,800,0.0
2017-03-20 17:00:00,638,0.0
2017-03-20 18:00:00,1191,0.0
2017-03-20 19:00:00,985,0.0
2017-03-20 20:00:00,327,11690.0
2017-03-20 21:00:00,2424,948.0
2017-03-20 22:00:00,224,0.0
2017-03-20 23:00:00,179,0.0
2017-03-21 00:00:00,115,0.0
2017-03-21 01:00:00,125,0.0
2017-03-21 02:00:00,121,0.0
2017-03-21 03:00:00,135,0.0
2017-03-21 04:00:00,113,0.0
2017-03-21 05:00:00,164,0.0
2017-03-21 06:00:00,869,0.0
2017-03-21 07:00:00,1361,24327.0
2017-03-21 08:00:00,142,0.0
2017-03-21 09:00:00,149,0.0
2017-03-21 10:00:00,113,0.0
2017-03-21 11:00:00,136,0.0
2017-03-21 12:00:00,117,0.0
2017-03-21 13:00:00,113,0.0
2017-03-21 14:00:00,128,0.0
2017-03-21 15:00:00,450,27487.0
2017-03-21 16:00:00,384,0.0
2017-03-21 17:00:00,1327,0.0
2017-03-21 18:00:00,3500,6319.0
2017-03-21 19:00:00,1281,0.0
2017-03-21 20:00:00,815,0.0
2017-03-21 21:00:00,392,0.0
2017-03-21 22:00:00,1146,0.0
2017-03-21 23:00:00,1105,0.0
2017-03-22 00:00:00,634,0.0
2017-03-22 01:00:00,147,0.0
2017-03-22 02:00:00,147,0.0
2017-03-22 03:00:00,128,0.0
2017-03-22 04:00:00,157,0.0
2017-03-22 05:00:00,174,0.0
2017-03-22 06:00:00,159,0.0
2017-03-22 07:00:00,2458,0.0
2017-03-22 08:00:00,1398,43915.0
2017-03-22 09:00:00,129,1896.0
2017-03-22 10:00:00,133,0.0
2017-03-22 11:00:00,113,0.0
2017-03-22 12:00:00,1443,14217.0
2017-03-22 13:00:00,1512,2528.0
2017-03-22 14:00:00,369,1896.0
2017-03-22 15:00:00,420,3159.0
2017-03-22 16:00:00,1437,5372.0
2017-03-22 17:00:00,1874,1896.0
2017-03-22 18:00:00,789,0.0
2017-03-22 19:00:00,396,0.0
2017-03-22 20:00:00,183,0.0
2017-03-22 21:00:00,154,11058.0
2017-03-22 22:00:00,153,0.0
2017-03-22 23:00:00,139,0.0
2017-03-23 00:00:00,162,0.0
2017-03-23 01:00:00,86,6319.0
2017-03-23 02:00:00,109,0.0
2017-03-23 03:00:00,92,0.0
2017-03-23 04:00:00,104,0.0
2017-03-23 05:00:00,149,0.0
2017-03-23 06:00:00,1242,13269.0
2017-03-23 07:00:00,1924,2527.0
2017-03-23 08:00:00,1003,6635.0
2017-03-23 09:00:00,190,0.0
2017-03-23 10:00:00,137,7582.0
2017-03-23 11:00:00,110,0.0
2017-03-23 12:00:00,113,0.0
2017-03-23 13:00:00,118,0.0
2017-03-23 14:00:00,108,11374.0
2017-03-23 15:00:00,122,0.0
2017-03-23 16:00:00,159,0.0
2017-03-23 17:00:00,1053,7267.0
2017-03-23 18:00:00,645,0.0
2017-03-23 19:00:00,508,4107.0
2017-03-23 20:00:00,259,2528.0
2017-03-23 21:00:00,272,1580.0
2017-03-23 22:00:00,281,3160.0
2017-03-23 23:00:00,150,0.0
2017-03-24 00:00:00,127,0.0
2017-03-24 01:00:00,133,4108.0
2017-03-24 02:00:00,125,1896.0
2017-03-24 03:00:00,141,1896.0
2017-03-24 04:00:00,101,632.0
2017-03-24 05:00:00,179,3476.0
2017-03-24 06:00:00,291,5371.0
2017-03-24 07:00:00,1114,2528.0
2017-03-24 08:00:00,1097,4424.0
2017-03-24 09:00:00,1030,2528.0
2017-03-24 10:00:00,759,2212.0
2017-03-24 11:00:00,1026,1896.0
2017-03-24 12:00:00,893,3476.0
2017-03-24 13:00:00,603,948.0
2017-03-24 14:00:00,121,4107.0
2017-03-24 15:00:00,90,632.0
2017-03-24 16:00:00,9041,1580.0
2017-03-24 17:00:00,1559,2528.0
2017-03-24 18:00:00,1235,1580.0
2017-03-24 19:00:00,550,2212.0
2017-03-24 20:00:00,471,2844.0
2017-03-24 21:00:00,299,948.0
2017-03-24 22:00:00,144,1580.0
2017-03-24 23:00:00,89,0.0
2017-03-25 00:00:00,100,0.0
2017-03-25 01:00:00,80,2843.0
2017-03-25 02:00:00,112,1896.0
2017-03-25 03:00:00,80,0.0
2017-03-25 04:00:00,128,5687.0
2017-03-25 05:00:00,140,3792.0
2017-03-25 06:00:00,1933,3159.0
2017-03-25 07:00:00,2940,5371.0
2017-03-25 08:00:00,1149,1896.0
2017-03-25 09:00:00,204,316.0
2017-03-25 10:00:00,127,0.0
2017-03-25 11:00:00,101,5687.0
2017-03-25 12:00:00,108,0.0
2017-03-25 13:00:00,106,3475.0
2017-03-25 14:00:00,85,0.0
2017-03-25 15:00:00,235,5371.0
2017-03-25 16:00:00,814,3476.0
2017-03-25 17:00:00,2057,0.0
2017-03-25 18:00:00,1804,3159.0
2017-03-25 19:00:00,550,948.0
2017-03-25 20:00:00,296,0.0
2017-03-25 21:00:00,112,2212.0
2017-03-25 22:00:00,122,0.0
2017-03-25 23:00:00,121,0.0
2017-03-26 00:00:00,106,0.0
2017-03-26 01:00:00,131,3476.0
2017-03-26 02:00:00,122,0.0
2017-03-26 03:00:00,109,2843.0
2017-03-26 04:00:00,109,632.0
2017-03-26 05:00:00,148,3792.0
2017-03-26 06:00:00,511,4739.0
2017-03-26 07:00:00,1067,2212.0
2017-03-26 08:00:00,2961,3160.0
2017-03-26 09:00:00,167,2528.0
2017-03-26 10:00:00,130,2844.0
2017-03-26 11:00:00,99,1580.0
2017-03-26 12:00:00,301,3792.0
2017-03-26 13:00:00,229,6636.0
2017-03-26 14:00:00,202,2844.0
2017-03-26 15:00:00,7712,2528.0
2017-03-26 16:00:00,3295,4108.0
2017-03-26 17:00:00,283,316.0
2017-03-26 18:00:00,590,0.0
2017-03-26 19:00:00,2513,0.0
2017-03-26 20:00:00,528,9163.0
2017-03-26 21:00:00,289,0.0
2017-03-26 22:00:00,123,2212.0
2017-03-26 23:00:00,106,0.0
2017-03-27 00:00:00,93,0.0
2017-03-27 01:00:00,83,0.0
2017-03-27 02:00:00,102,3159.0
2017-03-27 03:00:00,85,0.0
2017-03-27 04:00:00,110,0.0
2017-03-27 05:00:00,296,7898.0
2017-03-27 06:00:00,346,3476.0
2017-03-27 07:00:00,290,1264.0
2017-03-27 08:00:00,534,5055.0
2017-03-27 09:00:00,339,3475.0
2017-03-27 10:00:00,212,0.0
2017-03-27 11:00:00,301,0.0
2017-03-27 12:00:00,137,0.0
2017-03-27 13:00:00,136,6951.0
2017-03-27 14:00:00,426,0.0
2017-03-27 15:00:00,741,0.0
2017-03-27 16:00:00,408,0.0
2017-03-27 17:00:00,3666,0.0
2017-03-27 18:00:00,520,0.0
2017-03-27 19:00:00,619,0.0
2017-03-27 20:00:00,381,0.0
2017-03-27 21:00:00,233,0.0
2017-03-27 22:00:00,108,0.0
2017-03-27 23:00:00,119,0.0
2017-03-28 00:00:00,88,0.0
2017-03-28 01:00:00,78,0.0
2017-03-28 02:00:00,91,16113.0
2017-03-28 03:00:00,89,0.0
2017-03-28 04:00:00,107,2843.0
2017-03-28 05:00:00,315,0.0
2017-03-28 06:00:00,386,6319.0
2017-03-28 07:00:00,112,0.0
2017-03-28 08:00:00,306,0.0
2017-03-28 09:00:00,346,0.0
2017-03-28 10:00:00,128,0.0
2017-03-28 11:00:00,115,0.0
2017-03-28 12:00:00,210,0.0
2017-03-28 13:00:00,296,0.0
2017-03-28 14:00:00,490,0.0
2017-03-28 15:00:00,1473,0.0
2017-03-28 16:00:00,1447,0.0
2017-03-28 17:00:00,3669,0.0
2017-03-28 18:00:00,464,0.0
2017-03-28 19:00:00,312,0.0
2017-03-28 20:00:00,162,0.0
2017-03-28 21:00:00,130,0.0
2017-03-28 22:00:00,119,0.0
2017-03-28 23:00:00,116,0.0
2017-03-29 00:00:00,126,0.0
2017-03-29 01:00:00,108,0.0
2017-03-29 02:00:00,127,0.0
2017-03-29 03:00:00,130,0.0
2017-03-29 04:00:00,99,0.0
2017-03-29 05:00:00,149,0.0
2017-03-29 06:00:00,1568,0.0
2017-03-29 07:00:00,1748,0.0
2017-03-29 08:00:00,1142,0.0
2017-03-29 09:00:00,281,0.0
2017-03-29 10:00:00,551,0.0
2017-03-29 11:00:00,332,0.0
2017-03-29 12:00:00,200,0.0
2017-03-29 13:00:00,184,0.0
2017-03-29 14:00:00,226,0.0
2017-03-29 15:00:00,976,0.0
2017-03-29 16:00:00,1349,0.0
2017-03-29 17:00:00,3083,0.0
2017-03-29 18:00:00,2766,0.0
2017-03-29 19:00:00,1873,0.0
2017-03-29 20:00:00,905,0.0
2017-03-29 21:00:00,872,0.0
2017-03-29 22:00:00,846,0.0
2017-03-29 23:00:00,718,0.0
2017-03-30 00:00:00,79,0.0
2017-03-30 01:00:00,83,0.0
2017-03-30 02:00:00,93,0.0
2017-03-30 03:00:00,76,0.0
2017-03-30 04:00:00,104,0.0
2017-03-30 05:00:00,148,0.0
2017-03-30 06:00:00,1237,70138.0
2017-03-30 07:00:00,1259,0.0
2017-03-30 08:00:00,175,0.0
2017-03-30 09:00:00,114,0.0
2017-03-30 10:00:00,131,0.0
2017-03-30 11:00:00,113,0.0
2017-03-30 12:00:00,108,0.0
2017-03-30 13:00:00,130,0.0
2017-03-30 14:00:00,324,0.0
2017-03-30 15:00:00,1504,0.0
2017-03-30 16:00:00,755,0.0
2017-03-30 17:00:00,352,0.0
2017-03-30 18:00:00,369,0.0
2017-03-30 19:00:00,920,0.0
2017-03-30 20:00:00,156,0.0
2017-03-30 21:00:00,115,0.0
2017-03-30 22:00:00,143,0.0
2017-03-30 23:00:00,119,0.0
2017-03-31 00:00:00,116,0.0
2017-03-31 01:00:00,130,0.0
2017-03-31 02:00:00,122,0.0
2017-03-31 03:00:00,81,0.0
2017-03-31 04:00:00,102,0.0
2017-03-31 05:00:00,308,0.0
2017-03-31 06:00:00,3612,0.0
2017-03-31 07:00:00,1436,0.0
2017-03-31 08:00:00,906,0.0
2017-03-31 09:00:00,434,0.0
2017-03-31 10:00:00,141,28118.0
2017-03-31 11:00:00,113,948.0
2017-03-31 12:00:00,87,0.0
2017-03-31 13:00:00,123,2844.0
2017-03-31 14:00:00,252,1896.0
2017-03-31 15:00:00,1674,2844.0
2017-03-31 16:00:00,1205,632.0
2017-03-31 17:00:00,3958,0.0
2017-03-31 18:00:00,418,0.0
2017-03-31 19:00:00,247,0.0
2017-03-31 20:00:00,119,0.0
2017-03-31 21:00:00,77,3475.0
2017-03-31 22:00:00,92,0.0
2017-03-31 23:00:00,98,0.0
2017-04-01 00:00:00,73,0.0
2017-04-01 01:00:00,110,0.0
2017-04-01 02:00:00,112,0.0
2017-04-01 03:00:00,105,0.0
2017-04-01 04:00:00,205,1896.0
2017-04-01 05:00:00,339,4108.0
2017-04-01 06:00:00,1499,4108.0
2017-04-01 07:00:00,589,0.0
2017-04-01 08:00:00,320,2212.0
2017-04-01 09:00:00,475,2844.0
2017-04-01 10:00:00,545,0.0
2017-04-01 11:00:00,1359,1580.0
2017-04-01 12:00:00,334,1896.0
2017-04-01 13:00:00,612,2844.0
2017-04-01 14:00:00,328,0.0
2017-04-01 15:00:00,1501,9794.0
2017-04-01 16:00:00,1267,0.0
2017-04-01 17:00:00,1458,0.0
2017-04-01 18:00:00,509,0.0
2017-04-01 19:00:00,240,0.0
2017-04-01 20:00:00,148,0.0
2017-04-01 21:00:00,132,0.0
2017-04-01 22:00:00,138,0.0
2017-04-01 23:00:00,124,0.0
2017-04-02 00:00:00,112,0.0
2017-04-02 01:00:00,92,0.0
2017-04-02 02:00:00,101,0.0
2017-04-02 03:00:00,81,0.0
2017-04-02 04:00:00,101,0.0
2017-04-02 05:00:00,282,0.0
2017-04-02 06:00:00,3092,16113.0
2017-04-02 07:00:00,1152,3160.0
2017-04-02 08:00:00,142,632.0
2017-04-02 09:00:00,132,0.0
2017-04-02 10:00:00,114,0.0
2017-04-02 11:00:00,104,0.0
2017-04-02 12:00:00,99,0.0
2017-04-02 13:00:00,446,12322.0
2017-04-02 14:00:00,1053,6951.0
2017-04-02 15:00:00,1728,3160.0
2017-04-02 16:00:00,2043,0.0
2017-04-02 17:00:00,3618,0.0
2017-04-02 18:00:00,778,0.0
2017-04-02 19:00:00,264,0.0
2017-04-02 20:00:00,247,0.0
2017-04-02 21:00:00,166,0.0
2017-04-02 22:00:00,138,0.0
2017-04-02 23:00:00,161,0.0
2017-04-03 00:00:00,1496,0.0
2017-04-03 01:00:00,112,0.0
2017-04-03 02:00:00,84,0.0
2017-04-03 03:00:00,104,0.0
2017-04-03 04:00:00,75,0.0
2017-04-03 05:00:00,214,0.0
2017-04-03 06:00:00,295,0.0
2017-04-03 07:00:00,109,0.0
2017-04-03 08:00:00,101,25591.0
2017-04-03 09:00:00,105,3160.0
2017-04-03 10:00:00,89,0.0
2017-04-03 11:00:00,88,1896.0
2017-04-03 12:00:00,647,1580.0
2017-04-03 13:00:00,1281,0.0
2017-04-03 14:00:00,319,3791.0
2017-04-03 15:00:00,1633,0.0
2017-04-03 16:00:00,697,1580.0
2017-04-03 17:00:00,4792,0.0
2017-04-03 18:00:00,1318,3475.0
2017-04-03 19:00:00,553,0.0
2017-04-03 20:00:00,183,0.0
2017-04-03 21:00:00,172,0.0
2017-04-03 22:00:00,153,0.0
2017-04-03 23:00:00,103,0.0
2017-04-04 00:00:00,129,0.0
2017-04-04 01:00:00,121,0.0
2017-04-04 02:00:00,118,316.0
2017-04-04 03:00:00,118,0.0
2017-04-04 04:00:00,136,2212.0
2017-04-04 05:00:00,168,3160.0
2017-04-04 06:00:00,325,0.0
2017-04-04 07:00:00,133,0.0
2017-04-04 08:00:00,89,10742.0
2017-04-04 09:00:00,105,0.0
2017-04-04 10:00:00,108,0.0
2017-04-04 11:00:00,87,0.0
2017-04-04 12:00:00,110,0.0
2017-04-04 13:00:00,100,0.0
2017-04-04 14:00:00,1107,0.0
2017-04-04 15:00:00,2718,0.0
2017-04-04 16:00:00,1020,0.0
2017-04-04 17:00:00,682,0.0
2017-04-04 18:00:00,1348,0.0
2017-04-04 19:00:00,750,0.0
2017-04-04 20:00:00,343,0.0
2017-04-04 21:00:00,313,0.0
2017-04-04 22:00:00,288,0.0
2017-04-04 23:00:00,1818,0.0
2017-04-05 00:00:00,117,0.0
2017-04-05 01:00:00,121,24643.0
2017-04-05 02:00:00,128,0.0
2017-04-05 03:00:00,134,0.0
2017-04-05 04:00:00,109,2527.0
2017-04-05 05:00:00,203,3476.0
2017-04-05 06:00:00,437,5055.0
2017-04-05 07:00:00,493,2528.0
2017-04-05 08:00:00,708,0.0
2017-04-05 09:00:00,618,5055.0
2017-04-05 10:00:00,335,0.0
2017-04-05 11:00:00,151,0.0
2017-04-05 12:00:00,116,0.0
2017-04-05 13:00:00,107,0.0
2017-04-05 14:00:00,683,11058.0
2017-04-05 15:00:00,3670,0.0
2017-04-05 16:00:00,3732,0.0
2017-04-05 17:00:00,657,3159.0
2017-04-05 18:00:00,702,0.0
2017-04-05 19:00:00,1200,0.0
2017-04-05 20:00:00,482,6319.0
2017-04-05 21:00:00,159,3476.0
2017-04-05 22:00:00,145,316.0
2017-04-05 23:00:00,114,0.0
2017-04-06 00:00:00,83,0.0
2017-04-06 01:00:00,131,2844.0
2017-04-06 02:00:00,96,0.0
2017-04-06 03:00:00,93,1264.0
2017-04-06 04:00:00,120,2844.0
2017-04-06 05:00:00,210,3475.0
2017-04-06 06:00:00,459,3476.0
2017-04-06 07:00:00,565,2843.0
2017-04-06 08:00:00,447,2844.0
2017-04-06 09:00:00,102,1896.0
2017-04-06 10:00:00,116,1264.0
2017-04-06 11:00:00,307,1896.0
2017-04-06 12:00:00,898,2212.0
2017-04-06 13:00:00,395,0.0
2017-04-06 14:00:00,343,1580.0
2017-04-06 15:00:00,443,1264.0
2017-04-06 16:00:00,1291,1580.0
2017-04-06 17:00:00,497,632.0
2017-04-06 18:00:00,410,1580.0
2017-04-06 19:00:00,362,1264.0
2017-04-06 20:00:00,705,2212.0
2017-04-06 21:00:00,2864,1264.0
2017-04-06 22:00:00,952,1264.0
2017-04-06 23:00:00,901,0.0
2017-04-07 00:00:00,695,0.0
2017-04-07 01:00:00,108,0.0
2017-04-07 02:00:00,119,2212.0
2017-04-07 03:00:00,126,632.0
2017-04-07 04:00:00,126,632.0
2017-04-07 05:00:00,417,5056.0
2017-04-07 06:00:00,1122,3476.0
2017-04-07 07:00:00,1555,2212.0
2017-04-07 08:00:00,814,1896.0
2017-04-07 09:00:00,433,1896.0
2017-04-07 10:00:00,417,1896.0
2017-04-07 11:00:00,1059,316.0
2017-04-07 12:00:00,1025,3476.0
2017-04-07 13:00:00,535,2212.0
2017-04-07 14:00:00,1345,0.0
2017-04-07 15:00:00,938,1896.0
2017-04-07 16:00:00,2540,3160.0
2017-04-07 17:00:00,3454,1896.0
2017-04-07 18:00:00,1812,1580.0
2017-04-07 19:00:00,498,1896.0
2017-04-07 20:00:00,186,632.0
2017-04-07 21:00:00,123,2528.0
2017-04-07 22:00:00,142,2528.0
2017-04-07 23:00:00,126,0.0
2017-04-08 00:00:00,128,0.0
2017-04-08 01:00:00,122,0.0
2017-04-08 02:00:00,139,2212.0
2017-04-08 03:00:00,132,1264.0
2017-04-08 04:00:00,130,1264.0
2017-04-08 05:00:00,585,4108.0
2017-04-08 06:00:00,1284,4424.0
2017-04-08 07:00:00,1837,1896.0
2017-04-08 08:00:00,375,316.0
