timestamp,home311_hall2851_sensor20141c20143_electric-mains_electric-combined,home311_bathroom2854_sensor20133_gas-pulse_gas
2018-03-12 14:00:00,358.0,0.0
2018-03-12 15:00:00,358.0,448.0
2018-03-12 16:00:00,828.0,9515.0
2018-03-12 17:00:00,361.0,5709.0
2018-03-12 18:00:00,2810.0,5487.0
2018-03-12 19:00:00,932.0,2126.0
2018-03-12 20:00:00,263.0,4479.0
2018-03-12 21:00:00,178.0,7949.0
2018-03-12 22:00:00,168.0,4478.0
2018-03-12 23:00:00,866.0,4811.0
2018-03-13 00:00:00,114.0,2911.0
2018-03-13 01:00:00,83.0,0.0
2018-03-13 02:00:00,144.0,112.0
2018-03-13 03:00:00,111.0,0.0
2018-03-13 04:00:00,74.0,0.0
2018-03-13 05:00:00,86.0,0.0
2018-03-13 06:00:00,102.0,7052.0
2018-03-13 07:00:00,106.0,6606.0
2018-03-13 08:00:00,166.0,7725.0
2018-03-13 09:00:00,77.0,7163.0
2018-03-13 10:00:00,1587.0,6606.0
2018-03-13 11:00:00,678.0,4143.0
2018-03-13 12:00:00,150.0,4591.0
2018-03-13 13:00:00,184.0,4368.0
2018-03-13 14:00:00,83.0,4479.0
2018-03-13 15:00:00,96.0,4364.0
2018-03-13 16:00:00,252.0,4476.0
2018-03-13 17:00:00,291.0,4477.0
2018-03-13 18:00:00,1287.0,4142.0
2018-03-13 19:00:00,1697.0,3022.0
2018-03-13 20:00:00,1806.0,3694.0
2018-03-13 21:00:00,1770.0,3246.0
2018-03-13 22:00:00,1439.0,3581.0
2018-03-13 23:00:00,1031.0,2240.0
2018-03-14 00:00:00,189.0,0.0
2018-03-14 01:00:00,152.0,0.0
2018-03-14 02:00:00,191.0,223.0
2018-03-14 03:00:00,189.0,0.0
2018-03-14 04:00:00,187.0,0.0
2018-03-14 05:00:00,182.0,112.0
2018-03-14 06:00:00,160.0,3583.0
2018-03-14 07:00:00,1462.0,7837.0
2018-03-14 08:00:00,134.0,5823.0
2018-03-14 09:00:00,501.0,4254.0
2018-03-14 10:00:00,1783.0,3246.0
2018-03-14 11:00:00,1669.0,3694.0
2018-03-14 12:00:00,1928.0,4140.0
2018-03-14 13:00:00,1306.0,2350.0
2018-03-14 14:00:00,1499.0,4255.0
2018-03-14 15:00:00,1013.0,4142.0
2018-03-14 16:00:00,1127.0,3357.0
2018-03-14 17:00:00,1833.0,3023.0
2018-03-14 18:00:00,1965.0,2463.0
2018-03-14 19:00:00,753.0,3360.0
2018-03-14 20:00:00,1174.0,3134.0
2018-03-14 21:00:00,868.0,0.0
2018-03-14 22:00:00,643.0,3575.0
2018-03-14 23:00:00,394.0,3469.0
2018-03-15 00:00:00,389.0,2909.0
2018-03-15 01:00:00,200.0,1790.0
2018-03-15 02:00:00,142.0,2576.0
2018-03-15 04:00:00,85.0,3133.0
2018-03-15 05:00:00,93.0,6267.0
2018-03-15 06:00:00,89.0,3135.0
2018-03-15 07:00:00,85.0,3248.0
2018-03-15 08:00:00,251.0,7724.0
2018-03-15 09:00:00,220.0,6491.0
2018-03-15 10:00:00,469.0,6606.0
2018-03-15 11:00:00,1107.0,6044.0
2018-03-15 12:00:00,230.0,6606.0
2018-03-15 13:00:00,193.0,5261.0
2018-03-15 14:00:00,220.0,2911.0
2018-03-15 15:00:00,67.0,112.0
2018-03-15 16:00:00,91.0,0.0
2018-03-15 17:00:00,112.0,0.0
2018-03-15 18:00:00,168.0,7502.0
2018-03-15 19:00:00,725.0,7275.0
2018-03-15 20:00:00,597.0,4252.0
2018-03-15 21:00:00,1075.0,5484.0
2018-03-15 22:00:00,764.0,4477.0
2018-03-15 23:00:00,555.0,4477.0
2018-03-16 00:00:00,483.0,3806.0
2018-03-16 01:00:00,70.0,112.0
2018-03-16 02:00:00,50.0,0.0
2018-03-16 03:00:00,77.0,0.0
2018-03-16 04:00:00,76.0,112.0
2018-03-16 05:00:00,47.0,0.0
2018-03-16 06:00:00,86.0,3583.0
2018-03-16 07:00:00,73.0,0.0
2018-03-16 08:00:00,168.0,10744.0
2018-03-16 09:00:00,1542.0,6380.0
2018-03-16 10:00:00,93.0,0.0
2018-03-16 11:00:00,71.0,4812.0
2018-03-16 12:00:00,107.0,6939.0
2018-03-16 13:00:00,165.0,4366.0
2018-03-16 14:00:00,92.0,3360.0
2018-03-16 15:00:00,119.0,6715.0
2018-03-16 16:00:00,110.0,3582.0
2018-03-16 17:00:00,117.0,6380.0
2018-03-16 18:00:00,81.0,4703.0
2018-03-16 19:00:00,107.0,5260.0
2018-03-16 20:00:00,202.0,4590.0
2018-03-16 21:00:00,184.0,3807.0
2018-03-16 22:00:00,216.0,5486.0
2018-03-16 23:00:00,178.0,4815.0
2018-03-17 00:00:00,62.0,112.0
2018-03-17 01:00:00,79.0,0.0
2018-03-17 02:00:00,79.0,0.0
2018-03-17 04:00:00,88.0,3808.0
2018-03-17 05:00:00,86.0,3472.0
2018-03-17 06:00:00,69.0,6043.0
2018-03-17 07:00:00,926.0,6381.0
2018-03-17 08:00:00,551.0,8621.0
2018-03-17 09:00:00,361.0,6830.0
2018-03-17 10:00:00,93.0,4365.0
2018-03-17 11:00:00,96.0,7504.0
2018-03-17 12:00:00,66.0,3807.0
2018-03-17 13:00:00,75.0,4254.0
2018-03-17 14:00:00,98.0,7279.0
2018-03-17 15:00:00,86.0,3695.0
2018-03-17 16:00:00,86.0,4477.0
2018-03-17 17:00:00,94.0,6718.0
2018-03-17 18:00:00,96.0,6939.0
2018-03-17 19:00:00,75.0,4364.0
2018-03-17 20:00:00,213.0,7945.0
2018-03-17 21:00:00,377.0,7162.0
2018-03-17 22:00:00,238.0,6270.0
2018-03-17 23:00:00,195.0,6044.0
2018-03-18 00:00:00,151.0,2462.0
2018-03-18 01:00:00,57.0,0.0
2018-03-18 02:00:00,81.0,0.0
2018-03-18 04:00:00,72.0,3693.0
2018-03-18 05:00:00,56.0,3359.0
2018-03-18 06:00:00,99.0,5486.0
2018-03-18 07:00:00,112.0,5038.0
2018-03-18 08:00:00,711.0,10409.0
2018-03-18 09:00:00,211.0,8398.0
2018-03-18 10:00:00,73.0,0.0
2018-03-18 11:00:00,46.0,0.0
2018-03-18 12:00:00,160.0,112.0
2018-03-18 13:00:00,3819.0,3694.0
2018-03-18 14:00:00,2173.0,672.0
2018-03-18 15:00:00,303.0,3694.0
2018-03-18 16:00:00,48.0,4030.0
2018-03-18 17:00:00,87.0,3580.0
2018-03-18 18:00:00,127.0,4031.0
2018-03-18 19:00:00,247.0,9181.0
2018-03-18 20:00:00,166.0,8172.0
2018-03-18 21:00:00,149.0,7724.0
2018-03-18 22:00:00,195.0,1456.0
2018-03-18 23:00:00,79.0,0.0
2018-03-19 00:00:00,78.0,112.0
2018-03-19 01:00:00,106.0,3471.0
2018-03-19 02:00:00,93.0,0.0
2018-03-19 04:00:00,104.0,3584.0
2018-03-19 05:00:00,85.0,3247.0
2018-03-19 06:00:00,79.0,2464.0
2018-03-19 07:00:00,102.0,3135.0
2018-03-19 08:00:00,258.0,4592.0
2018-03-19 09:00:00,53.0,3807.0
2018-03-19 10:00:00,80.0,3696.0
2018-03-19 11:00:00,85.0,3695.0
2018-03-19 12:00:00,77.0,6941.0
2018-03-19 13:00:00,1466.0,3360.0
2018-03-19 14:00:00,907.0,112.0
2018-03-19 15:00:00,94.0,3472.0
2018-03-19 16:00:00,196.0,4925.0
2018-03-19 17:00:00,145.0,5488.0
2018-03-19 18:00:00,983.0,6606.0
2018-03-19 19:00:00,967.0,7502.0
2018-03-19 20:00:00,621.0,6941.0
2018-03-19 21:00:00,767.0,6939.0
2018-03-19 22:00:00,279.0,5372.0
2018-03-19 23:00:00,272.0,5487.0
2018-03-20 00:00:00,108.0,2128.0
2018-03-20 01:00:00,86.0,0.0
2018-03-20 02:00:00,47.0,0.0
2018-03-20 04:00:00,64.0,3693.0
2018-03-20 05:00:00,75.0,782.0
2018-03-20 06:00:00,93.0,6717.0
2018-03-20 07:00:00,125.0,4926.0
2018-03-20 08:00:00,951.0,3359.0
2018-03-20 09:00:00,120.0,4591.0
2018-03-20 10:00:00,189.0,4366.0
2018-03-20 11:00:00,300.0,4142.0
2018-03-20 12:00:00,199.0,2911.0
2018-03-20 13:00:00,463.0,3022.0
2018-03-20 14:00:00,617.0,3020.0
2018-03-20 15:00:00,546.0,2911.0
2018-03-20 16:00:00,618.0,3134.0
2018-03-20 17:00:00,466.0,2909.0
2018-03-20 18:00:00,587.0,3920.0
2018-03-20 19:00:00,1491.0,5148.0
2018-03-20 20:00:00,376.0,4589.0
2018-03-20 21:00:00,261.0,4700.0
2018-03-20 22:00:00,305.0,4253.0
2018-03-20 23:00:00,1187.0,5258.0
2018-03-21 00:00:00,119.0,224.0
2018-03-21 01:00:00,76.0,0.0
2018-03-21 02:00:00,79.0,0.0
2018-03-21 04:00:00,87.0,3247.0
2018-03-21 05:00:00,65.0,112.0
2018-03-21 06:00:00,91.0,3582.0
2018-03-21 07:00:00,73.0,3919.0
2018-03-21 08:00:00,1644.0,4702.0
2018-03-21 09:00:00,63.0,5147.0
2018-03-21 10:00:00,101.0,5038.0
2018-03-21 11:00:00,65.0,4703.0
2018-03-21 12:00:00,94.0,4030.0
2018-03-21 13:00:00,64.0,2687.0
2018-03-21 14:00:00,298.0,4812.0
2018-03-21 15:00:00,375.0,3133.0
2018-03-21 16:00:00,369.0,3582.0
2018-03-21 17:00:00,83.0,5034.0
2018-03-21 18:00:00,87.0,4367.0
2018-03-21 19:00:00,428.0,5038.0
2018-03-21 20:00:00,453.0,5149.0
2018-03-21 21:00:00,1666.0,4139.0
2018-03-21 22:00:00,1320.0,4703.0
2018-03-21 23:00:00,796.0,3802.0
2018-03-22 00:00:00,118.0,4592.0
2018-03-22 01:00:00,97.0,4478.0
2018-03-22 02:00:00,115.0,2015.0
2018-03-22 04:00:00,76.0,4144.0
2018-03-22 05:00:00,111.0,4256.0
2018-03-22 06:00:00,77.0,4254.0
2018-03-22 07:00:00,112.0,4367.0
2018-03-22 08:00:00,330.0,4142.0
2018-03-22 09:00:00,149.0,4589.0
2018-03-22 10:00:00,71.0,3694.0
2018-03-22 11:00:00,106.0,4028.0
2018-03-22 12:00:00,516.0,4028.0
2018-03-22 13:00:00,404.0,4031.0
2018-03-22 14:00:00,220.0,3695.0
2018-03-22 15:00:00,207.0,4030.0
2018-03-22 16:00:00,213.0,4029.0
2018-03-22 17:00:00,230.0,3805.0
2018-03-22 18:00:00,425.0,4142.0
2018-03-22 19:00:00,718.0,4252.0
2018-03-22 20:00:00,187.0,4254.0
2018-03-22 21:00:00,191.0,4816.0
2018-03-22 22:00:00,218.0,4477.0
2018-03-22 23:00:00,236.0,4367.0
2018-03-23 00:00:00,236.0,1344.0
2018-03-23 04:00:00,236.0,112.0
2018-03-23 06:00:00,236.0,2015.0
2018-03-23 07:00:00,236.0,1119.0
2018-03-23 08:00:00,236.0,6492.0
2018-03-23 09:00:00,236.0,2800.0
2018-03-23 10:00:00,236.0,2124.0
2018-03-23 11:00:00,236.0,3580.0
2018-03-23 12:00:00,236.0,224.0
2018-03-23 13:00:00,236.0,3247.0
2018-03-23 14:00:00,236.0,670.0
2018-03-23 15:00:00,236.0,3691.0
2018-03-23 16:00:00,74.0,0.0
2018-03-23 17:00:00,62.0,3807.0
2018-03-23 18:00:00,87.0,2799.0
2018-03-23 19:00:00,101.0,4480.0
2018-03-23 20:00:00,90.0,2351.0
2018-03-23 21:00:00,123.0,4031.0
2018-03-23 22:00:00,443.0,2910.0
2018-03-23 23:00:00,271.0,4031.0
2018-03-24 00:00:00,206.0,3020.0
2018-03-24 01:00:00,92.0,0.0
2018-03-24 02:00:00,79.0,0.0
2018-03-24 03:00:00,46.0,112.0
2018-03-24 04:00:00,90.0,3806.0
2018-03-24 05:00:00,44.0,0.0
2018-03-24 06:00:00,85.0,3694.0
2018-03-24 07:00:00,61.0,3248.0
2018-03-24 08:00:00,70.0,0.0
2018-03-24 09:00:00,646.0,7835.0
2018-03-24 10:00:00,177.0,4366.0
2018-03-24 11:00:00,252.0,4926.0
2018-03-24 12:00:00,91.0,3023.0
2018-03-24 13:00:00,75.0,3582.0
2018-03-24 14:00:00,147.0,1791.0
2018-03-24 15:00:00,204.0,1344.0
2018-03-24 16:00:00,542.0,2688.0
2018-03-24 17:00:00,110.0,3806.0
2018-03-24 18:00:00,424.0,3246.0
2018-03-24 19:00:00,860.0,5931.0
2018-03-24 20:00:00,240.0,5820.0
2018-03-24 21:00:00,161.0,4592.0
2018-03-24 22:00:00,177.0,4811.0
2018-03-24 23:00:00,179.0,4476.0
2018-03-25 00:00:00,133.0,2687.0
2018-03-25 01:00:00,83.0,0.0
2018-03-25 02:00:00,65.0,0.0
2018-03-25 03:00:00,70.0,223.0
2018-03-25 04:00:00,61.0,0.0
2018-03-25 05:00:00,66.0,112.0
2018-03-25 06:00:00,97.0,7727.0
2018-03-25 07:00:00,154.0,4925.0
2018-03-25 08:00:00,104.0,4812.0
2018-03-25 09:00:00,1488.0,4701.0
2018-03-25 10:00:00,672.0,1680.0
2018-03-25 11:00:00,77.0,0.0
2018-03-25 12:00:00,238.0,336.0
2018-03-25 13:00:00,93.0,672.0
2018-03-25 14:00:00,55.0,0.0
2018-03-25 15:00:00,71.0,112.0
2018-03-25 16:00:00,242.0,5373.0
2018-03-25 17:00:00,1179.0,5710.0
2018-03-25 18:00:00,644.0,6941.0
2018-03-25 19:00:00,168.0,6266.0
2018-03-25 20:00:00,206.0,5711.0
2018-03-25 21:00:00,175.0,5263.0
2018-03-25 22:00:00,234.0,4814.0
2018-03-25 23:00:00,154.0,4142.0
2018-03-26 00:00:00,84.0,0.0
2018-03-26 01:00:00,70.0,0.0
2018-03-26 02:00:00,68.0,0.0
2018-03-26 03:00:00,85.0,112.0
2018-03-26 04:00:00,67.0,0.0
2018-03-26 05:00:00,79.0,0.0
2018-03-26 06:00:00,57.0,112.0
2018-03-26 07:00:00,420.0,8283.0
2018-03-26 08:00:00,361.0,6379.0
2018-03-26 09:00:00,896.0,3021.0
2018-03-26 10:00:00,56.0,0.0
2018-03-26 11:00:00,155.0,112.0
2018-03-26 12:00:00,68.0,447.0
2018-03-26 13:00:00,71.0,0.0
2018-03-26 14:00:00,47.0,0.0
2018-03-26 15:00:00,209.0,3918.0
2018-03-26 16:00:00,147.0,448.0
2018-03-26 17:00:00,77.0,0.0
2018-03-26 18:00:00,640.0,672.0
2018-03-26 19:00:00,722.0,6829.0
2018-03-26 20:00:00,496.0,8399.0
2018-03-26 21:00:00,469.0,6823.0
2018-03-26 22:00:00,408.0,6266.0
2018-03-26 23:00:00,235.0,7275.0
2018-03-27 00:00:00,134.0,6153.0
2018-03-27 01:00:00,79.0,0.0
2018-03-27 02:00:00,74.0,0.0
2018-03-27 04:00:00,46.0,0.0
2018-03-27 05:00:00,67.0,0.0
2018-03-27 06:00:00,57.0,112.0
2018-03-27 07:00:00,66.0,112.0
2018-03-27 08:00:00,45.0,0.0
2018-03-27 09:00:00,572.0,10521.0
2018-03-27 10:00:00,209.0,6495.0
2018-03-27 11:00:00,186.0,5152.0
2018-03-27 12:00:00,199.0,4811.0
2018-03-27 13:00:00,175.0,3694.0
2018-03-27 14:00:00,549.0,3806.0
2018-03-27 15:00:00,194.0,6495.0
2018-03-27 16:00:00,178.0,4477.0
2018-03-27 17:00:00,184.0,3920.0
2018-03-27 18:00:00,174.0,3692.0
2018-03-27 19:00:00,231.0,4031.0
2018-03-27 20:00:00,228.0,3807.0
2018-03-27 21:00:00,124.0,3693.0
2018-03-27 22:00:00,109.0,4029.0
2018-03-27 23:00:00,54.0,0.0
2018-03-28 00:00:00,70.0,0.0
2018-03-28 01:00:00,54.0,0.0
2018-03-28 02:00:00,75.0,0.0
2018-03-28 03:00:00,73.0,0.0
2018-03-28 04:00:00,55.0,112.0
2018-03-28 05:00:00,70.0,0.0
2018-03-28 06:00:00,45.0,112.0
2018-03-28 07:00:00,61.0,0.0
2018-03-28 08:00:00,810.0,7947.0
2018-03-28 09:00:00,98.0,8396.0
2018-03-28 10:00:00,106.0,5487.0
2018-03-28 11:00:00,71.0,6381.0
2018-03-28 12:00:00,105.0,6940.0
2018-03-28 13:00:00,61.0,4701.0
2018-03-28 14:00:00,276.0,4030.0
2018-03-28 15:00:00,39.0,224.0
2018-03-28 16:00:00,90.0,4590.0
2018-03-28 17:00:00,519.0,112.0
2018-03-28 18:00:00,551.0,3136.0
2018-03-28 19:00:00,147.0,2352.0
2018-03-28 20:00:00,152.0,5935.0
2018-03-28 21:00:00,131.0,2240.0
2018-03-28 22:00:00,96.0,3471.0
2018-03-28 23:00:00,73.0,0.0
2018-03-29 00:00:00,70.0,0.0
2018-03-29 01:00:00,60.0,0.0
2018-03-29 03:00:00,39.0,0.0
2018-03-29 04:00:00,60.0,112.0
2018-03-29 05:00:00,67.0,0.0
2018-03-29 06:00:00,52.0,3024.0
2018-03-29 07:00:00,73.0,112.0
2018-03-29 08:00:00,416.0,8621.0
2018-03-29 09:00:00,87.0,5599.0
2018-03-29 10:00:00,79.0,6720.0
2018-03-29 11:00:00,68.0,4030.0
2018-03-29 12:00:00,71.0,3918.0
2018-03-29 13:00:00,88.0,4031.0
2018-03-29 14:00:00,88.0,4028.0
2018-03-29 15:00:00,72.0,0.0
2018-03-29 16:00:00,68.0,3808.0
2018-03-29 19:00:00,172.0,5824.0
2018-03-29 20:00:00,127.0,6378.0
2018-03-29 21:00:00,131.0,4811.0
2018-03-29 22:00:00,96.0,5705.0
2018-03-29 23:00:00,140.0,2351.0
2018-03-30 00:00:00,81.0,0.0
2018-03-30 01:00:00,81.0,112.0
2018-03-30 02:00:00,43.0,0.0
2018-03-30 03:00:00,57.0,0.0
2018-03-30 04:00:00,58.0,112.0
2018-03-30 05:00:00,39.0,0.0
2018-03-30 06:00:00,67.0,112.0
2018-03-30 07:00:00,42.0,0.0
2018-03-30 08:00:00,354.0,8507.0
2018-03-30 09:00:00,157.0,7501.0
2018-03-30 10:00:00,104.0,6491.0
2018-03-30 11:00:00,103.0,5819.0
2018-03-30 12:00:00,77.0,6494.0
2018-03-30 13:00:00,78.0,5039.0
2018-03-30 14:00:00,84.0,4590.0
2018-03-30 15:00:00,63.0,4031.0
2018-03-30 16:00:00,72.0,3919.0
2018-03-30 17:00:00,66.0,3917.0
2018-03-30 18:00:00,194.0,4703.0
2018-03-30 19:00:00,778.0,3246.0
2018-03-30 20:00:00,300.0,5038.0
2018-03-30 21:00:00,132.0,4144.0
2018-03-30 22:00:00,100.0,4255.0
2018-03-30 23:00:00,82.0,0.0
2018-03-31 00:00:00,40.0,112.0
2018-03-31 01:00:00,62.0,0.0
2018-03-31 02:00:00,24.0,0.0
2018-03-31 03:00:00,55.0,3804.0
2018-03-31 04:00:00,71.0,0.0
2018-03-31 05:00:00,62.0,3695.0
2018-03-31 06:00:00,101.0,3918.0
2018-03-31 07:00:00,415.0,8508.0
2018-03-31 08:00:00,171.0,6155.0
2018-03-31 09:00:00,166.0,6939.0
2018-03-31 10:00:00,147.0,5600.0
2018-03-31 11:00:00,182.0,6939.0
2018-03-31 12:00:00,198.0,4253.0
2018-03-31 13:00:00,167.0,4030.0
2018-03-31 14:00:00,772.0,4143.0
2018-03-31 15:00:00,177.0,4479.0
2018-03-31 16:00:00,146.0,6606.0
2018-03-31 17:00:00,116.0,5710.0
2018-03-31 18:00:00,125.0,4030.0
2018-03-31 19:00:00,177.0,4142.0
2018-03-31 20:00:00,143.0,4255.0
2018-03-31 21:00:00,101.0,3356.0
2018-03-31 22:00:00,65.0,2910.0
2018-03-31 23:00:00,75.0,112.0
2018-04-01 00:00:00,37.0,0.0
2018-04-01 01:00:00,63.0,112.0
2018-04-01 02:00:00,52.0,0.0
2018-04-01 03:00:00,71.0,0.0
2018-04-01 04:00:00,75.0,112.0
2018-04-01 05:00:00,57.0,112.0
2018-04-01 06:00:00,56.0,0.0
2018-04-01 07:00:00,1409.0,224.0
2018-04-01 08:00:00,972.0,8174.0
2018-04-01 09:00:00,89.0,8506.0
2018-04-01 10:00:00,114.0,7949.0
2018-04-01 11:00:00,66.0,6716.0
2018-04-01 12:00:00,100.0,5821.0
2018-04-01 13:00:00,71.0,7385.0
2018-04-01 14:00:00,96.0,4589.0
2018-04-01 15:00:00,71.0,5822.0
2018-04-01 16:00:00,91.0,4591.0
2018-04-01 17:00:00,687.0,3582.0
2018-04-01 18:00:00,509.0,3806.0
2018-04-01 19:00:00,167.0,7950.0
2018-04-01 20:00:00,209.0,2909.0
2018-04-01 21:00:00,132.0,3914.0
2018-04-01 22:00:00,96.0,3579.0
2018-04-01 23:00:00,73.0,0.0
2018-04-02 00:00:00,78.0,0.0
2018-04-02 01:00:00,65.0,0.0
2018-04-02 03:00:00,44.0,0.0
2018-04-02 04:00:00,70.0,335.0
2018-04-02 05:00:00,58.0,0.0
2018-04-02 06:00:00,60.0,0.0
2018-04-02 07:00:00,1550.0,112.0
2018-04-02 08:00:00,523.0,9626.0
2018-04-02 09:00:00,113.0,10411.0
2018-04-02 10:00:00,82.0,7723.0
2018-04-02 11:00:00,85.0,7837.0
2018-04-02 12:00:00,84.0,6271.0
2018-04-02 13:00:00,72.0,7725.0
2018-04-02 14:00:00,95.0,4925.0
2018-04-02 15:00:00,57.0,5823.0
2018-04-02 16:00:00,116.0,6271.0
2018-04-02 17:00:00,130.0,9625.0
2018-04-02 18:00:00,177.0,7502.0
2018-04-02 19:00:00,241.0,7164.0
2018-04-02 20:00:00,733.0,8283.0
2018-04-02 21:00:00,118.0,5931.0
2018-04-02 22:00:00,108.0,7611.0
2018-04-02 23:00:00,59.0,0.0
2018-04-03 00:00:00,56.0,0.0
2018-04-03 01:00:00,50.0,112.0
2018-04-03 02:00:00,66.0,0.0
2018-04-03 03:00:00,1095.0,224.0
2018-04-03 04:00:00,64.0,0.0
2018-04-03 05:00:00,47.0,112.0
2018-04-03 06:00:00,46.0,112.0
2018-04-03 07:00:00,284.0,8505.0
2018-04-03 08:00:00,462.0,10858.0
2018-04-03 09:00:00,225.0,10522.0
2018-04-03 10:00:00,209.0,10186.0
2018-04-03 11:00:00,200.0,6382.0
2018-04-03 12:00:00,197.0,9179.0
2018-04-03 13:00:00,201.0,7950.0
2018-04-03 14:00:00,917.0,3247.0
2018-04-03 15:00:00,168.0,8283.0
2018-04-03 16:00:00,76.0,7836.0
2018-04-03 17:00:00,97.0,5148.0
2018-04-03 18:00:00,124.0,7388.0
2018-04-03 19:00:00,217.0,5150.0
2018-04-03 20:00:00,160.0,4254.0
2018-04-03 21:00:00,158.0,4138.0
2018-04-03 22:00:00,107.0,4032.0
2018-04-03 23:00:00,68.0,0.0
2018-04-04 00:00:00,60.0,0.0
2018-04-04 01:00:00,76.0,112.0
2018-04-04 02:00:00,41.0,0.0
2018-04-04 03:00:00,64.0,112.0
2018-04-04 04:00:00,50.0,0.0
2018-04-04 05:00:00,59.0,3694.0
2018-04-04 06:00:00,63.0,0.0
2018-04-04 07:00:00,36.0,112.0
2018-04-04 08:00:00,75.0,4927.0
2018-04-04 09:00:00,369.0,11525.0
2018-04-04 10:00:00,95.0,6717.0
2018-04-04 11:00:00,104.0,7166.0
2018-04-04 12:00:00,85.0,8170.0
2018-04-04 13:00:00,107.0,6943.0
2018-04-04 14:00:00,390.0,4477.0
2018-04-04 15:00:00,382.0,7276.0
2018-04-04 16:00:00,256.0,3693.0
2018-04-04 17:00:00,191.0,4142.0
2018-04-04 18:00:00,362.0,9851.0
2018-04-04 19:00:00,193.0,6265.0
2018-04-04 20:00:00,159.0,8504.0
2018-04-04 21:00:00,117.0,7166.0
2018-04-04 22:00:00,115.0,3696.0
2018-04-04 23:00:00,37.0,0.0
2018-04-05 00:00:00,67.0,0.0
2018-04-05 01:00:00,46.0,112.0
2018-04-05 02:00:00,53.0,0.0
2018-04-05 03:00:00,61.0,0.0
2018-04-05 04:00:00,36.0,112.0
2018-04-05 05:00:00,66.0,0.0
2018-04-05 06:00:00,46.0,0.0
2018-04-05 07:00:00,78.0,7615.0
2018-04-05 08:00:00,732.0,9737.0
2018-04-05 09:00:00,92.0,9407.0
2018-04-05 10:00:00,109.0,8168.0
2018-04-05 11:00:00,105.0,8284.0
2018-04-05 12:00:00,106.0,5821.0
2018-04-05 13:00:00,97.0,6046.0
2018-04-05 14:00:00,73.0,5596.0
2018-04-05 15:00:00,86.0,3582.0
2018-04-05 16:00:00,51.0,3134.0
2018-04-05 17:00:00,363.0,112.0
2018-04-05 18:00:00,758.0,4029.0
2018-04-05 19:00:00,333.0,4142.0
2018-04-05 20:00:00,409.0,3803.0
2018-04-05 21:00:00,163.0,10410.0
2018-04-05 22:00:00,92.0,1791.0
2018-04-05 23:00:00,48.0,0.0
2018-04-06 00:00:00,67.0,0.0
2018-04-06 01:00:00,49.0,0.0
2018-04-06 02:00:00,59.0,112.0
2018-04-06 03:00:00,58.0,0.0
2018-04-06 04:00:00,50.0,0.0
2018-04-06 05:00:00,68.0,112.0
2018-04-06 06:00:00,62.0,112.0
2018-04-06 07:00:00,79.0,0.0
2018-04-06 08:00:00,634.0,8168.0
2018-04-06 09:00:00,330.0,9179.0
2018-04-06 10:00:00,92.0,7388.0
2018-04-06 11:00:00,83.0,5598.0
2018-04-06 12:00:00,85.0,6377.0
2018-04-06 13:00:00,64.0,3917.0
2018-04-06 14:00:00,89.0,3917.0
2018-04-06 15:00:00,62.0,4255.0
2018-04-06 16:00:00,85.0,3688.0
2018-04-06 17:00:00,51.0,4367.0
2018-04-06 18:00:00,155.0,3583.0
2018-04-06 19:00:00,242.0,4703.0
2018-04-06 20:00:00,982.0,336.0
2018-04-06 21:00:00,97.0,3916.0
2018-04-06 22:00:00,109.0,3692.0
2018-04-06 23:00:00,65.0,0.0
2018-04-07 00:00:00,74.0,112.0
2018-04-07 01:00:00,80.0,0.0
2018-04-07 02:00:00,86.0,0.0
2018-04-07 03:00:00,78.0,3919.0
2018-04-07 04:00:00,48.0,0.0
2018-04-07 05:00:00,71.0,3693.0
2018-04-07 06:00:00,56.0,335.0
2018-04-07 07:00:00,880.0,3920.0
2018-04-07 08:00:00,1167.0,1792.0
2018-04-07 09:00:00,104.0,6269.0
2018-04-07 10:00:00,78.0,335.0
2018-04-07 11:00:00,841.0,8616.0
2018-04-07 12:00:00,669.0,6380.0
2018-04-07 13:00:00,193.0,5375.0
2018-04-07 14:00:00,1553.0,7831.0
2018-04-07 15:00:00,707.0,5818.0
2018-04-07 16:00:00,1350.0,7613.0
2018-04-07 17:00:00,3350.0,1008.0
2018-04-07 18:00:00,272.0,5486.0
2018-04-07 19:00:00,250.0,3807.0
2018-04-07 20:00:00,299.0,4476.0
2018-04-07 21:00:00,373.0,0.0
2018-04-07 22:00:00,1375.0,0.0
2018-04-07 23:00:00,107.0,335.0
2018-04-08 00:00:00,39.0,0.0
2018-04-08 01:00:00,76.0,0.0
2018-04-08 02:00:00,48.0,0.0
2018-04-08 03:00:00,73.0,112.0
2018-04-08 04:00:00,46.0,0.0
2018-04-08 05:00:00,77.0,560.0
2018-04-08 06:00:00,62.0,0.0
2018-04-08 07:00:00,53.0,0.0
2018-04-08 08:00:00,1148.0,10186.0
2018-04-08 09:00:00,1027.0,9180.0
2018-04-08 10:00:00,55.0,0.0
2018-04-08 11:00:00,77.0,3919.0
2018-04-08 12:00:00,160.0,4031.0
2018-04-08 13:00:00,106.0,4813.0
2018-04-08 14:00:00,68.0,3134.0
2018-04-08 15:00:00,79.0,3359.0
2018-04-08 16:00:00,96.0,4255.0
2018-04-08 17:00:00,788.0,5932.0
2018-04-08 18:00:00,593.0,1790.0
2018-04-08 19:00:00,201.0,9180.0
2018-04-08 20:00:00,166.0,7834.0
2018-04-08 21:00:00,1657.0,3916.0
2018-04-08 22:00:00,206.0,3801.0
2018-04-08 23:00:00,94.0,0.0
2018-04-09 00:00:00,65.0,0.0
2018-04-09 01:00:00,62.0,0.0
2018-04-09 02:00:00,59.0,0.0
2018-04-09 03:00:00,58.0,223.0
2018-04-09 04:00:00,62.0,0.0
2018-04-09 05:00:00,65.0,4813.0
2018-04-09 06:00:00,71.0,0.0
2018-04-09 07:00:00,297.0,9627.0
2018-04-09 08:00:00,981.0,9405.0
2018-04-09 09:00:00,174.0,6715.0
2018-04-09 10:00:00,106.0,7276.0
2018-04-09 11:00:00,106.0,5486.0
2018-04-09 12:00:00,199.0,4926.0
2018-04-09 13:00:00,216.0,6045.0
2018-04-09 14:00:00,91.0,3245.0
2018-04-09 15:00:00,84.0,3133.0
2018-04-09 16:00:00,83.0,6046.0
2018-04-09 17:00:00,639.0,3807.0
2018-04-09 18:00:00,1009.0,3808.0
2018-04-09 19:00:00,155.0,5822.0
2018-04-09 20:00:00,142.0,6153.0
2018-04-09 21:00:00,2115.0,3581.0
2018-04-09 22:00:00,162.0,3808.0
2018-04-09 23:00:00,51.0,0.0
2018-04-10 00:00:00,81.0,0.0
2018-04-10 01:00:00,82.0,0.0
2018-04-10 02:00:00,92.0,0.0
2018-04-10 03:00:00,74.0,0.0
2018-04-10 04:00:00,59.0,336.0
2018-04-10 05:00:00,65.0,0.0
2018-04-10 06:00:00,69.0,5484.0
2018-04-10 07:00:00,71.0,4479.0
2018-04-10 08:00:00,691.0,6159.0
2018-04-10 09:00:00,539.0,9174.0
2018-04-10 10:00:00,393.0,8173.0
2018-04-10 11:00:00,242.0,7503.0
2018-04-10 12:00:00,343.0,7050.0
2018-04-10 13:00:00,375.0,7500.0
2018-04-10 14:00:00,453.0,7161.0
2018-04-10 15:00:00,559.0,8058.0
2018-04-10 16:00:00,305.0,6829.0
2018-04-10 17:00:00,276.0,6717.0
2018-04-10 18:00:00,203.0,6942.0
2018-04-10 19:00:00,743.0,6157.0
2018-04-10 20:00:00,232.0,7831.0
2018-04-10 21:00:00,209.0,6715.0
2018-04-10 22:00:00,209.0,6824.0
2018-04-10 23:00:00,107.0,1120.0
2018-04-11 00:00:00,83.0,112.0
2018-04-11 01:00:00,52.0,0.0
2018-04-11 03:00:00,50.0,0.0
2018-04-11 04:00:00,70.0,112.0
2018-04-11 05:00:00,41.0,0.0
2018-04-11 06:00:00,86.0,3918.0
2018-04-11 07:00:00,2468.0,6272.0
2018-04-11 08:00:00,443.0,4702.0
2018-04-11 09:00:00,398.0,3807.0
2018-04-11 10:00:00,269.0,4143.0
2018-04-11 11:00:00,185.0,4367.0
2018-04-11 12:00:00,213.0,2911.0
2018-04-11 13:00:00,224.0,4814.0
2018-04-11 14:00:00,497.0,3582.0
2018-04-11 15:00:00,201.0,4703.0
2018-04-11 16:00:00,349.0,3472.0
2018-04-11 17:00:00,1284.0,4142.0
2018-04-11 18:00:00,704.0,4255.0
2018-04-11 19:00:00,186.0,3470.0
2018-04-11 20:00:00,199.0,3581.0
2018-04-11 21:00:00,214.0,8391.0
2018-04-11 22:00:00,147.0,3579.0
2018-04-11 23:00:00,68.0,0.0
2018-04-12 00:00:00,62.0,0.0
2018-04-12 01:00:00,67.0,0.0
2018-04-12 03:00:00,41.0,0.0
2018-04-12 04:00:00,85.0,3918.0
2018-04-12 05:00:00,52.0,4032.0
2018-04-12 06:00:00,65.0,0.0
2018-04-12 07:00:00,69.0,4814.0
2018-04-12 08:00:00,461.0,11083.0
2018-04-12 09:00:00,258.0,6832.0
2018-04-12 10:00:00,638.0,9514.0
2018-04-12 11:00:00,157.0,8062.0
2018-04-12 12:00:00,124.0,8170.0
2018-04-12 13:00:00,256.0,7947.0
2018-04-12 14:00:00,559.0,6047.0
2018-04-12 15:00:00,306.0,5263.0
2018-04-12 16:00:00,183.0,5933.0
2018-04-12 17:00:00,497.0,6043.0
2018-04-12 18:00:00,425.0,5935.0
2018-04-12 19:00:00,195.0,6158.0
2018-04-12 20:00:00,169.0,7161.0
2018-04-12 21:00:00,303.0,7942.0
2018-04-12 22:00:00,197.0,2799.0
2018-04-12 23:00:00,58.0,0.0
2018-04-13 01:00:00,58.0,112.0
2018-04-13 04:00:00,58.0,6047.0
2018-04-13 05:00:00,58.0,2238.0
2018-04-13 06:00:00,58.0,4254.0
2018-04-13 07:00:00,58.0,3584.0
2018-04-13 08:00:00,58.0,4249.0
2018-04-13 09:00:00,58.0,9741.0
2018-04-13 10:00:00,58.0,7838.0
2018-04-13 11:00:00,58.0,5484.0
2018-04-13 12:00:00,58.0,6158.0
2018-04-13 13:00:00,58.0,5149.0
2018-04-13 14:00:00,58.0,7053.0
2018-04-13 17:00:00,141.0,2015.0
2018-04-13 18:00:00,120.0,5933.0
2018-04-13 19:00:00,571.0,6382.0
2018-04-13 20:00:00,636.0,3136.0
2018-04-13 21:00:00,178.0,3694.0
2018-04-13 22:00:00,174.0,4923.0
2018-04-13 23:00:00,177.0,2350.0
2018-04-14 00:00:00,126.0,5821.0
2018-04-14 01:00:00,91.0,671.0
2018-04-14 02:00:00,76.0,0.0
2018-04-14 03:00:00,63.0,0.0
2018-04-14 04:00:00,72.0,0.0
2018-04-14 05:00:00,71.0,112.0
2018-04-14 06:00:00,63.0,0.0
2018-04-14 07:00:00,70.0,0.0
2018-04-14 08:00:00,2197.0,4478.0
2018-04-14 09:00:00,1614.0,560.0
2018-04-14 10:00:00,268.0,2351.0
2018-04-14 11:00:00,71.0,3581.0
2018-04-14 12:00:00,84.0,0.0
2018-04-14 13:00:00,75.0,3694.0
2018-04-14 14:00:00,79.0,0.0
2018-04-14 15:00:00,143.0,0.0
2018-04-14 16:00:00,192.0,3692.0
2018-04-14 17:00:00,160.0,0.0
2018-04-14 18:00:00,548.0,3583.0
2018-04-14 19:00:00,460.0,6602.0
2018-04-14 20:00:00,289.0,4927.0
2018-04-14 21:00:00,561.0,2912.0
2018-04-14 22:00:00,221.0,3471.0
2018-04-14 23:00:00,172.0,2685.0
2018-04-15 00:00:00,130.0,3582.0
2018-04-15 01:00:00,48.0,0.0
2018-04-15 02:00:00,88.0,0.0
2018-04-15 03:00:00,48.0,223.0
2018-04-15 04:00:00,74.0,0.0
2018-04-15 05:00:00,38.0,0.0
2018-04-15 06:00:00,78.0,112.0
2018-04-15 07:00:00,80.0,0.0
2018-04-15 08:00:00,1533.0,5148.0
2018-04-15 09:00:00,124.0,3023.0
2018-04-15 10:00:00,999.0,4141.0
2018-04-15 11:00:00,89.0,3693.0
2018-04-15 12:00:00,79.0,3917.0
2018-04-15 13:00:00,652.0,4927.0
2018-04-15 14:00:00,510.0,0.0
2018-04-15 15:00:00,374.0,3919.0
2018-04-15 16:00:00,169.0,336.0
2018-04-15 17:00:00,224.0,5147.0
2018-04-15 18:00:00,208.0,224.0
2018-04-15 19:00:00,443.0,4366.0
2018-04-15 20:00:00,280.0,4813.0
2018-04-15 21:00:00,259.0,224.0
2018-04-15 22:00:00,90.0,4365.0
2018-04-15 23:00:00,100.0,0.0
2018-04-16 00:00:00,77.0,0.0
2018-04-16 01:00:00,76.0,0.0
2018-04-16 02:00:00,59.0,112.0
2018-04-16 03:00:00,78.0,0.0
2018-04-16 04:00:00,61.0,112.0
2018-04-16 05:00:00,68.0,0.0
2018-04-16 06:00:00,67.0,112.0
2018-04-16 07:00:00,52.0,112.0
2018-04-16 08:00:00,465.0,5488.0
2018-04-16 09:00:00,75.0,7164.0
2018-04-16 10:00:00,2402.0,3022.0
2018-04-16 11:00:00,68.0,6044.0
2018-04-16 12:00:00,87.0,4926.0
2018-04-16 13:00:00,76.0,1005.0
2018-04-16 14:00:00,105.0,3248.0
2018-04-16 15:00:00,87.0,4029.0
2018-04-16 16:00:00,508.0,112.0
2018-04-16 17:00:00,603.0,1790.0
2018-04-16 18:00:00,152.0,2799.0
2018-04-16 19:00:00,255.0,8165.0
2018-04-16 20:00:00,176.0,4589.0
2018-04-16 21:00:00,103.0,4807.0
2018-04-16 22:00:00,141.0,5705.0
2018-04-16 23:00:00,147.0,1903.0
2018-04-17 00:00:00,77.0,447.0
2018-04-17 01:00:00,75.0,0.0
2018-04-17 02:00:00,41.0,112.0
2018-04-17 03:00:00,71.0,0.0
2018-04-17 04:00:00,44.0,0.0
2018-04-17 05:00:00,71.0,112.0
2018-04-17 06:00:00,52.0,0.0
2018-04-17 07:00:00,54.0,112.0
2018-04-17 08:00:00,849.0,8956.0
2018-04-17 09:00:00,938.0,6043.0
2018-04-17 10:00:00,2005.0,3804.0
2018-04-17 11:00:00,68.0,4142.0
2018-04-17 12:00:00,80.0,672.0
2018-04-17 13:00:00,106.0,112.0
2018-04-17 14:00:00,82.0,0.0
2018-04-17 15:00:00,65.0,0.0
2018-04-17 16:00:00,45.0,112.0
2018-04-17 17:00:00,68.0,0.0
2018-04-17 18:00:00,44.0,112.0
2018-04-17 19:00:00,73.0,3918.0
2018-04-17 20:00:00,120.0,4702.0
2018-04-17 21:00:00,117.0,3019.0
2018-04-17 22:00:00,90.0,671.0
2018-04-17 23:00:00,74.0,0.0
2018-04-18 00:00:00,47.0,223.0
2018-04-18 01:00:00,63.0,0.0
2018-04-18 02:00:00,49.0,0.0
2018-04-18 03:00:00,58.0,112.0
2018-04-18 04:00:00,58.0,0.0
2018-04-18 05:00:00,47.0,0.0
2018-04-18 06:00:00,71.0,112.0
2018-04-18 07:00:00,435.0,8841.0
2018-04-18 08:00:00,103.0,6046.0
2018-04-18 09:00:00,1392.0,1344.0
2018-04-18 10:00:00,87.0,3806.0
2018-04-18 11:00:00,523.0,3807.0
2018-04-18 12:00:00,129.0,2797.0
2018-04-18 13:00:00,440.0,1680.0
2018-04-18 14:00:00,182.0,2350.0
2018-04-18 15:00:00,171.0,1568.0
2018-04-18 16:00:00,244.0,224.0
2018-04-18 17:00:00,535.0,4479.0
2018-04-18 18:00:00,594.0,448.0
2018-04-18 19:00:00,222.0,2800.0
2018-04-18 20:00:00,223.0,0.0
2018-04-18 21:00:00,223.0,2795.0
2018-04-18 22:00:00,139.0,112.0
2018-04-18 23:00:00,82.0,112.0
2018-04-19 00:00:00,63.0,0.0
2018-04-19 01:00:00,78.0,0.0
2018-04-19 02:00:00,47.0,112.0
2018-04-19 03:00:00,86.0,0.0
2018-04-19 04:00:00,87.0,0.0
2018-04-19 05:00:00,79.0,112.0
2018-04-19 06:00:00,59.0,0.0
2018-04-19 07:00:00,344.0,336.0
2018-04-19 08:00:00,436.0,336.0
2018-04-19 09:00:00,103.0,0.0
2018-04-19 10:00:00,100.0,224.0
2018-04-19 11:00:00,181.0,224.0
2018-04-19 12:00:00,164.0,448.0
2018-04-19 13:00:00,214.0,112.0
2018-04-19 14:00:00,733.0,0.0
2018-04-19 15:00:00,780.0,0.0
2018-04-19 16:00:00,375.0,112.0
2018-04-19 17:00:00,559.0,448.0
2018-04-19 18:00:00,116.0,1008.0
2018-04-19 19:00:00,111.0,0.0
2018-04-19 20:00:00,101.0,0.0
2018-04-19 21:00:00,78.0,112.0
2018-04-19 22:00:00,88.0,0.0
2018-04-19 23:00:00,64.0,0.0
2018-04-20 00:00:00,75.0,112.0
2018-04-20 01:00:00,37.0,0.0
2018-04-20 02:00:00,75.0,0.0
2018-04-20 03:00:00,38.0,112.0
2018-04-20 04:00:00,68.0,0.0
2018-04-20 05:00:00,48.0,112.0
2018-04-20 06:00:00,54.0,0.0
2018-04-20 07:00:00,512.0,8175.0
2018-04-20 08:00:00,1726.0,5376.0
2018-04-20 09:00:00,70.0,3580.0
2018-04-20 10:00:00,89.0,3807.0
2018-04-20 11:00:00,57.0,2911.0
2018-04-20 12:00:00,85.0,3471.0
2018-04-20 13:00:00,63.0,560.0
2018-04-20 14:00:00,63.0,3024.0
2018-04-20 15:00:00,69.0,0.0
2018-04-20 16:00:00,38.0,0.0
2018-04-20 17:00:00,193.0,112.0
2018-04-20 18:00:00,205.0,560.0
2018-04-20 19:00:00,166.0,4815.0
2018-04-20 20:00:00,114.0,0.0
2018-04-20 21:00:00,75.0,112.0
2018-04-20 22:00:00,77.0,0.0
2018-04-20 23:00:00,57.0,2016.0
2018-04-21 00:00:00,74.0,0.0
2018-04-21 01:00:00,41.0,112.0
2018-04-21 02:00:00,74.0,0.0
2018-04-21 03:00:00,60.0,0.0
2018-04-21 04:00:00,61.0,112.0
2018-04-21 05:00:00,52.0,0.0
2018-04-21 06:00:00,182.0,112.0
2018-04-21 07:00:00,1298.0,3919.0
2018-04-21 08:00:00,1134.0,560.0
2018-04-21 09:00:00,504.0,4254.0
2018-04-21 10:00:00,63.0,784.0
2018-04-21 11:00:00,55.0,0.0
2018-04-21 12:00:00,195.0,448.0
2018-04-21 13:00:00,162.0,0.0
2018-04-21 14:00:00,186.0,0.0
2018-04-21 15:00:00,499.0,112.0
2018-04-21 16:00:00,384.0,224.0
2018-04-21 17:00:00,67.0,336.0
2018-04-21 18:00:00,68.0,112.0
2018-04-21 19:00:00,145.0,336.0
2018-04-21 20:00:00,118.0,0.0
2018-04-21 21:00:00,84.0,0.0
2018-04-21 22:00:00,75.0,1456.0
2018-04-21 23:00:00,48.0,0.0
2018-04-22 00:00:00,63.0,112.0
2018-04-22 01:00:00,59.0,112.0
2018-04-22 02:00:00,74.0,0.0
2018-04-22 03:00:00,56.0,0.0
2018-04-22 04:00:00,78.0,112.0
2018-04-22 05:00:00,50.0,0.0
2018-04-22 06:00:00,62.0,112.0
2018-04-22 07:00:00,2030.0,5260.0
2018-04-22 08:00:00,1095.0,3248.0
2018-04-22 09:00:00,67.0,3918.0
2018-04-22 10:00:00,548.0,3808.0
2018-04-22 11:00:00,273.0,0.0
2018-04-22 12:00:00,226.0,112.0
2018-04-22 13:00:00,180.0,2912.0
2018-04-22 14:00:00,192.0,3804.0
2018-04-22 15:00:00,160.0,0.0
2018-04-22 16:00:00,179.0,895.0
2018-04-22 17:00:00,141.0,8621.0
2018-04-22 18:00:00,86.0,5037.0
2018-04-22 19:00:00,105.0,3471.0
2018-04-22 20:00:00,81.0,3694.0
2018-04-22 21:00:00,100.0,3354.0
2018-04-22 22:00:00,59.0,3690.0
2018-04-22 23:00:00,77.0,0.0
2018-04-23 00:00:00,56.0,0.0
2018-04-23 01:00:00,76.0,335.0
2018-04-23 02:00:00,56.0,0.0
2018-04-23 03:00:00,78.0,0.0
2018-04-23 04:00:00,56.0,112.0
2018-04-23 05:00:00,82.0,0.0
2018-04-23 06:00:00,62.0,112.0
2018-04-23 07:00:00,331.0,5260.0
2018-04-23 08:00:00,59.0,448.0
2018-04-23 09:00:00,63.0,2238.0
2018-04-23 10:00:00,81.0,3694.0
2018-04-23 11:00:00,199.0,112.0
2018-04-23 12:00:00,132.0,3806.0
2018-04-23 13:00:00,67.0,0.0
2018-04-23 14:00:00,114.0,3131.0
2018-04-23 15:00:00,44.0,335.0
2018-04-23 16:00:00,338.0,3135.0
2018-04-23 17:00:00,421.0,0.0
2018-04-23 18:00:00,610.0,8733.0
2018-04-23 19:00:00,461.0,4250.0
2018-04-23 20:00:00,121.0,2910.0
2018-04-23 21:00:00,135.0,6375.0
2018-04-23 22:00:00,86.0,671.0
2018-04-23 23:00:00,75.0,0.0
2018-04-24 00:00:00,83.0,112.0
2018-04-24 01:00:00,74.0,0.0
2018-04-24 02:00:00,54.0,0.0
2018-04-24 03:00:00,57.0,0.0
2018-04-24 04:00:00,62.0,112.0
2018-04-24 05:00:00,71.0,112.0
2018-04-24 06:00:00,63.0,0.0
2018-04-24 15:00:00,143.0,0.0
2018-04-24 16:00:00,191.0,3804.0
2018-04-24 17:00:00,162.0,3472.0
2018-04-24 18:00:00,186.0,2575.0
2018-04-24 19:00:00,137.0,1232.0
2018-04-24 20:00:00,147.0,3807.0
2018-04-24 21:00:00,140.0,3804.0
2018-04-24 22:00:00,87.0,3582.0
2018-04-24 23:00:00,76.0,0.0
2018-04-25 00:00:00,48.0,0.0
2018-04-25 01:00:00,74.0,112.0
2018-04-25 02:00:00,37.0,0.0
2018-04-25 03:00:00,72.0,112.0
2018-04-25 04:00:00,39.0,0.0
2018-04-25 05:00:00,60.0,0.0
2018-04-25 06:00:00,51.0,112.0
2018-04-25 07:00:00,409.0,6381.0
2018-04-25 08:00:00,69.0,5039.0
2018-04-25 09:00:00,77.0,2799.0
2018-04-25 10:00:00,54.0,1456.0
2018-04-25 11:00:00,85.0,3806.0
2018-04-25 12:00:00,60.0,2575.0
2018-04-25 13:00:00,82.0,2573.0
2018-04-25 14:00:00,105.0,1120.0
2018-04-25 15:00:00,74.0,112.0
2018-04-25 16:00:00,74.0,1231.0
2018-04-25 17:00:00,403.0,3359.0
2018-04-25 18:00:00,418.0,336.0
2018-04-25 19:00:00,205.0,3694.0
2018-04-25 20:00:00,112.0,4029.0
2018-04-25 21:00:00,114.0,224.0
2018-04-25 22:00:00,118.0,3696.0
2018-04-25 23:00:00,57.0,0.0
2018-04-26 00:00:00,73.0,0.0
2018-04-26 01:00:00,40.0,0.0
2018-04-26 02:00:00,60.0,0.0
2018-04-26 03:00:00,54.0,223.0
2018-04-26 04:00:00,45.0,0.0
2018-04-26 05:00:00,66.0,0.0
2018-04-26 06:00:00,47.0,112.0
2018-04-26 07:00:00,84.0,7837.0
2018-04-26 08:00:00,336.0,6382.0
2018-04-26 09:00:00,86.0,6827.0
2018-04-26 10:00:00,69.0,3695.0
2018-04-26 11:00:00,69.0,3694.0
2018-04-26 12:00:00,81.0,3579.0
2018-04-26 13:00:00,73.0,112.0
2018-04-26 14:00:00,84.0,3920.0
2018-04-26 15:00:00,76.0,0.0
2018-04-26 16:00:00,63.0,0.0
2018-04-26 17:00:00,56.0,112.0
2018-04-26 18:00:00,146.0,5038.0
2018-04-26 19:00:00,104.0,3915.0
2018-04-26 20:00:00,128.0,4810.0
2018-04-26 21:00:00,282.0,6605.0
2018-04-26 22:00:00,134.0,1790.0
2018-04-26 23:00:00,37.0,0.0
2018-04-27 00:00:00,74.0,0.0
2018-04-27 01:00:00,37.0,0.0
2018-04-27 02:00:00,66.0,112.0
2018-04-27 03:00:00,54.0,0.0
2018-04-27 04:00:00,52.0,112.0
2018-04-27 05:00:00,59.0,0.0
2018-04-27 06:00:00,53.0,0.0
2018-04-27 07:00:00,667.0,7948.0
2018-04-27 08:00:00,125.0,4028.0
2018-04-27 09:00:00,81.0,2799.0
2018-04-27 10:00:00,88.0,3359.0
2018-04-27 11:00:00,256.0,2463.0
2018-04-27 12:00:00,133.0,4143.0
2018-04-27 13:00:00,56.0,2352.0
2018-04-27 14:00:00,80.0,1679.0
2018-04-27 15:00:00,49.0,224.0
2018-04-27 16:00:00,80.0,4141.0
2018-04-27 17:00:00,51.0,0.0
2018-04-27 18:00:00,188.0,3803.0
2018-04-27 19:00:00,195.0,5262.0
2018-04-27 20:00:00,158.0,6940.0
2018-04-27 21:00:00,140.0,4811.0
2018-04-27 22:00:00,86.0,112.0
2018-04-27 23:00:00,42.0,0.0
2018-04-28 00:00:00,72.0,0.0
2018-04-28 01:00:00,37.0,112.0
2018-04-28 02:00:00,74.0,0.0
2018-04-28 03:00:00,58.0,0.0
2018-04-28 04:00:00,62.0,112.0
2018-04-28 05:00:00,65.0,0.0
2018-04-28 06:00:00,83.0,112.0
2018-04-28 07:00:00,1216.0,8062.0
2018-04-28 08:00:00,431.0,8619.0
2018-04-28 09:00:00,91.0,6828.0
2018-04-28 10:00:00,96.0,6155.0
2018-04-28 11:00:00,74.0,6048.0
2018-04-28 12:00:00,89.0,4589.0
2018-04-28 13:00:00,35.0,0.0
2018-04-28 14:00:00,85.0,2686.0
2018-04-28 15:00:00,52.0,0.0
2018-04-28 16:00:00,75.0,0.0
2018-04-28 17:00:00,68.0,224.0
2018-04-28 18:00:00,704.0,1454.0
2018-04-28 19:00:00,152.0,8395.0
2018-04-28 20:00:00,116.0,2573.0
2018-04-28 21:00:00,129.0,4473.0
2018-04-28 22:00:00,86.0,112.0
2018-04-28 23:00:00,63.0,0.0
2018-04-29 00:00:00,67.0,0.0
2018-04-29 01:00:00,70.0,112.0
2018-04-29 02:00:00,77.0,0.0
2018-04-29 03:00:00,68.0,0.0
2018-04-29 04:00:00,49.0,112.0
2018-04-29 05:00:00,65.0,0.0
2018-04-29 06:00:00,66.0,112.0
2018-04-29 07:00:00,117.0,224.0
2018-04-29 08:00:00,414.0,12539.0
2018-04-29 09:00:00,69.0,6605.0
2018-04-29 10:00:00,520.0,2688.0
2018-04-29 11:00:00,155.0,6269.0
2018-04-29 12:00:00,189.0,1343.0
2018-04-29 13:00:00,170.0,3247.0
2018-04-29 14:00:00,174.0,112.0
2018-04-29 15:00:00,109.0,112.0
2018-04-29 16:00:00,59.0,0.0
2018-04-29 17:00:00,152.0,0.0
2018-04-29 18:00:00,132.0,4928.0
2018-04-29 19:00:00,93.0,7833.0
2018-04-29 20:00:00,188.0,4024.0
2018-04-29 21:00:00,174.0,4140.0
2018-04-29 22:00:00,87.0,0.0
2018-04-29 23:00:00,68.0,0.0
2018-04-30 00:00:00,57.0,0.0
2018-04-30 01:00:00,62.0,112.0
2018-04-30 02:00:00,55.0,0.0
2018-04-30 03:00:00,50.0,112.0
2018-04-30 04:00:00,67.0,0.0
2018-04-30 05:00:00,52.0,0.0
2018-04-30 06:00:00,73.0,0.0
2018-04-30 07:00:00,622.0,7053.0
2018-04-30 08:00:00,146.0,3135.0
2018-04-30 09:00:00,69.0,4029.0
2018-04-30 10:00:00,69.0,4251.0
2018-04-30 11:00:00,492.0,4478.0
2018-04-30 12:00:00,283.0,4254.0
2018-04-30 13:00:00,211.0,3917.0
2018-04-30 14:00:00,172.0,112.0
2018-04-30 15:00:00,165.0,0.0
2018-04-30 16:00:00,161.0,112.0
2018-04-30 17:00:00,270.0,336.0
2018-04-30 18:00:00,233.0,5036.0
2018-04-30 19:00:00,177.0,2687.0
2018-04-30 20:00:00,128.0,7611.0
2018-04-30 21:00:00,116.0,6605.0
2018-04-30 22:00:00,77.0,0.0
2018-04-30 23:00:00,37.0,0.0
2018-05-01 00:00:00,77.0,0.0
2018-05-01 01:00:00,57.0,112.0
2018-05-01 02:00:00,59.0,0.0
2018-05-01 03:00:00,53.0,0.0
2018-05-01 04:00:00,45.0,112.0
2018-05-01 05:00:00,66.0,0.0
2018-05-01 06:00:00,56.0,112.0
2018-05-01 07:00:00,451.0,7721.0
2018-05-01 08:00:00,59.0,3583.0
2018-05-01 09:00:00,83.0,3694.0
2018-05-01 10:00:00,51.0,3244.0
2018-05-01 11:00:00,84.0,4144.0
2018-05-01 12:00:00,308.0,3581.0
2018-05-01 13:00:00,105.0,3917.0
2018-05-01 14:00:00,81.0,0.0
2018-05-01 15:00:00,83.0,4027.0
2018-05-01 16:00:00,82.0,3805.0
2018-05-01 17:00:00,48.0,3920.0
2018-05-01 18:00:00,87.0,3915.0
2018-05-01 19:00:00,285.0,4363.0
2018-05-01 20:00:00,317.0,560.0
2018-05-01 21:00:00,417.0,3803.0
2018-05-01 22:00:00,117.0,3246.0
2018-05-01 23:00:00,78.0,3918.0
2018-05-02 00:00:00,69.0,0.0
2018-05-02 01:00:00,45.0,0.0
2018-05-02 02:00:00,77.0,112.0
2018-05-02 03:00:00,56.0,0.0
2018-05-02 04:00:00,75.0,112.0
2018-05-02 05:00:00,49.0,0.0
2018-05-02 06:00:00,59.0,0.0
2018-05-02 07:00:00,371.0,7278.0
2018-05-02 08:00:00,80.0,7053.0
2018-05-02 09:00:00,88.0,6717.0
2018-05-02 10:00:00,89.0,3471.0
2018-05-02 11:00:00,246.0,3472.0
2018-05-02 12:00:00,86.0,2574.0
2018-05-02 13:00:00,61.0,3695.0
2018-05-02 14:00:00,85.0,3581.0
2018-05-02 15:00:00,385.0,112.0
2018-05-02 16:00:00,400.0,112.0
2018-05-02 17:00:00,57.0,224.0
2018-05-02 18:00:00,68.0,4924.0
2018-05-02 19:00:00,97.0,4255.0
2018-05-02 20:00:00,122.0,2015.0
2018-05-02 21:00:00,84.0,2349.0
2018-05-02 22:00:00,78.0,4475.0
2018-05-02 23:00:00,50.0,0.0
2018-05-03 00:00:00,62.0,0.0
2018-05-03 01:00:00,43.0,0.0
2018-05-03 02:00:00,43.0,0.0
2018-05-03 04:00:00,70.0,0.0
2018-05-03 05:00:00,61.0,112.0
2018-05-03 06:00:00,77.0,112.0
2018-05-03 07:00:00,71.0,3918.0
2018-05-03 08:00:00,492.0,9516.0
2018-05-03 09:00:00,85.0,6605.0
2018-05-03 10:00:00,81.0,3918.0
2018-05-03 11:00:00,80.0,3804.0
2018-05-03 12:00:00,69.0,3583.0
2018-05-03 13:00:00,73.0,3920.0
2018-05-03 14:00:00,57.0,3582.0
2018-05-03 15:00:00,73.0,1119.0
2018-05-03 16:00:00,49.0,2351.0
2018-05-03 17:00:00,69.0,0.0
2018-05-03 18:00:00,173.0,4250.0
2018-05-03 19:00:00,145.0,4253.0
2018-05-03 20:00:00,79.0,336.0
2018-05-03 21:00:00,133.0,3581.0
2018-05-03 22:00:00,63.0,112.0
2018-05-03 23:00:00,97.0,336.0
2018-05-04 00:00:00,50.0,0.0
2018-05-04 01:00:00,72.0,0.0
2018-05-04 02:00:00,48.0,0.0
2018-05-04 04:00:00,59.0,0.0
2018-05-04 05:00:00,76.0,0.0
2018-05-04 06:00:00,43.0,0.0
2018-05-04 07:00:00,421.0,10302.0
2018-05-04 08:00:00,1962.0,6155.0
2018-05-04 09:00:00,153.0,5151.0
2018-05-04 10:00:00,64.0,4255.0
2018-05-04 11:00:00,75.0,0.0
2018-05-04 12:00:00,293.0,3024.0
2018-05-04 13:00:00,304.0,1903.0
2018-05-04 14:00:00,189.0,1903.0
2018-05-04 15:00:00,155.0,224.0
2018-05-04 16:00:00,179.0,0.0
2018-05-04 17:00:00,164.0,3918.0
2018-05-04 18:00:00,189.0,784.0
2018-05-04 19:00:00,150.0,4702.0
2018-05-04 20:00:00,515.0,560.0
2018-05-04 21:00:00,1242.0,4700.0
2018-05-04 22:00:00,267.0,2349.0
2018-05-04 23:00:00,231.0,560.0
2018-05-05 00:00:00,191.0,0.0
2018-05-05 01:00:00,158.0,112.0
2018-05-05 02:00:00,158.0,0.0
2018-05-05 03:00:00,74.0,0.0
2018-05-05 04:00:00,52.0,112.0
2018-05-05 05:00:00,71.0,0.0
2018-05-05 06:00:00,66.0,5486.0
2018-05-05 07:00:00,1794.0,784.0
2018-05-05 08:00:00,2439.0,448.0
2018-05-05 09:00:00,150.0,4367.0
2018-05-05 10:00:00,92.0,1568.0
2018-05-05 11:00:00,170.0,2128.0
2018-05-05 12:00:00,355.0,784.0
2018-05-05 13:00:00,263.0,223.0
2018-05-05 14:00:00,258.0,1006.0
2018-05-05 15:00:00,228.0,895.0
2018-05-05 16:00:00,181.0,0.0
2018-05-05 17:00:00,185.0,112.0
2018-05-05 18:00:00,152.0,0.0
2018-05-05 19:00:00,1092.0,560.0
2018-05-05 20:00:00,542.0,672.0
2018-05-05 21:00:00,412.0,1344.0
2018-05-05 22:00:00,580.0,447.0
2018-05-05 23:00:00,107.0,0.0
2018-05-06 00:00:00,89.0,112.0
2018-05-06 01:00:00,88.0,223.0
2018-05-06 02:00:00,100.0,0.0
2018-05-06 03:00:00,67.0,3918.0
2018-05-06 04:00:00,73.0,0.0
2018-05-06 05:00:00,45.0,112.0
2018-05-06 06:00:00,77.0,0.0
2018-05-06 07:00:00,1019.0,672.0
2018-05-06 08:00:00,470.0,9737.0
2018-05-06 09:00:00,87.0,3472.0
2018-05-06 10:00:00,80.0,0.0
2018-05-06 11:00:00,89.0,3360.0
2018-05-06 12:00:00,88.0,3471.0
2018-05-06 13:00:00,52.0,0.0
2018-05-06 14:00:00,81.0,335.0
2018-05-06 15:00:00,118.0,112.0
2018-05-06 16:00:00,353.0,448.0
2018-05-06 17:00:00,461.0,112.0
2018-05-06 18:00:00,565.0,112.0
2018-05-06 19:00:00,648.0,448.0
2018-05-06 20:00:00,560.0,224.0
2018-05-06 21:00:00,183.0,1792.0
2018-05-06 22:00:00,150.0,560.0
2018-05-06 23:00:00,73.0,112.0
2018-05-07 00:00:00,82.0,112.0
2018-05-07 01:00:00,61.0,0.0
2018-05-07 02:00:00,56.0,0.0
2018-05-07 03:00:00,70.0,0.0
2018-05-07 04:00:00,76.0,112.0
2018-05-07 05:00:00,74.0,0.0
2018-05-07 06:00:00,990.0,112.0
2018-05-07 07:00:00,2399.0,5037.0
2018-05-07 08:00:00,1603.0,335.0
2018-05-07 09:00:00,558.0,112.0
2018-05-07 10:00:00,71.0,0.0
2018-05-07 11:00:00,41.0,0.0
2018-05-07 12:00:00,73.0,0.0
2018-05-07 13:00:00,55.0,112.0
2018-05-07 14:00:00,87.0,672.0
2018-05-07 15:00:00,63.0,224.0
2018-05-07 16:00:00,63.0,112.0
2018-05-07 17:00:00,64.0,0.0
2018-05-07 18:00:00,56.0,0.0
2018-05-07 19:00:00,430.0,335.0
2018-05-07 20:00:00,1333.0,783.0
2018-05-07 21:00:00,505.0,1231.0
2018-05-07 22:00:00,393.0,783.0
2018-05-07 23:00:00,913.0,448.0
2018-05-08 00:00:00,121.0,448.0
2018-05-08 01:00:00,91.0,0.0
2018-05-08 03:00:00,57.0,0.0
2018-05-08 04:00:00,78.0,112.0
2018-05-08 05:00:00,47.0,0.0
2018-05-08 06:00:00,80.0,112.0
2018-05-08 07:00:00,306.0,783.0
2018-05-08 08:00:00,409.0,6267.0
2018-05-08 09:00:00,1594.0,112.0
2018-05-08 10:00:00,71.0,112.0
2018-05-08 11:00:00,59.0,0.0
2018-05-08 12:00:00,66.0,0.0
2018-05-08 13:00:00,55.0,112.0
2018-05-08 14:00:00,63.0,336.0
2018-05-08 15:00:00,174.0,448.0
2018-05-08 16:00:00,198.0,0.0
2018-05-08 17:00:00,179.0,0.0
2018-05-08 18:00:00,208.0,224.0
2018-05-08 19:00:00,162.0,336.0
2018-05-08 20:00:00,116.0,335.0
2018-05-08 21:00:00,118.0,336.0
2018-05-08 22:00:00,88.0,0.0
2018-05-08 23:00:00,76.0,223.0
2018-05-09 00:00:00,70.0,0.0
2018-05-09 01:00:00,64.0,0.0
2018-05-09 02:00:00,64.0,0.0
2018-05-09 04:00:00,76.0,0.0
2018-05-09 05:00:00,57.0,448.0
2018-05-09 06:00:00,75.0,0.0
2018-05-09 07:00:00,687.0,8844.0
2018-05-09 08:00:00,133.0,6046.0
2018-05-09 09:00:00,470.0,224.0
2018-05-09 10:00:00,278.0,336.0
2018-05-09 11:00:00,160.0,112.0
2018-05-09 12:00:00,193.0,0.0
2018-05-09 13:00:00,208.0,2798.0
2018-05-09 14:00:00,194.0,0.0
2018-05-09 15:00:00,261.0,3135.0
2018-05-09 16:00:00,209.0,0.0
2018-05-09 17:00:00,185.0,3692.0
2018-05-09 18:00:00,272.0,4031.0
2018-05-09 19:00:00,561.0,1791.0
2018-05-09 21:00:00,98.0,0.0
2018-05-09 22:00:00,98.0,0.0
2018-05-10 19:00:00,98.0,112.0
2018-05-11 01:00:00,72.0,0.0
2018-05-11 03:00:00,75.0,0.0
2018-05-11 04:00:00,80.0,0.0
2018-05-11 05:00:00,79.0,0.0
2018-05-11 06:00:00,127.0,335.0
2018-05-11 07:00:00,181.0,5711.0
2018-05-11 08:00:00,949.0,3246.0
2018-05-11 09:00:00,106.0,3246.0
2018-05-11 10:00:00,72.0,224.0
2018-05-11 11:00:00,69.0,3806.0
2018-05-11 12:00:00,70.0,0.0
2018-05-11 13:00:00,72.0,2239.0
2018-05-11 14:00:00,78.0,336.0
2018-05-11 15:00:00,63.0,3359.0
2018-05-11 16:00:00,72.0,0.0
2018-05-11 17:00:00,67.0,3470.0
2018-05-11 18:00:00,88.0,0.0
2018-05-11 19:00:00,219.0,3246.0
2018-05-11 20:00:00,433.0,336.0
2018-05-11 21:00:00,575.0,0.0
2018-05-11 22:00:00,234.0,335.0
2018-05-11 23:00:00,96.0,223.0
2018-05-12 00:00:00,145.0,336.0
2018-05-12 01:00:00,83.0,0.0
2018-05-12 02:00:00,58.0,0.0
2018-05-12 03:00:00,73.0,112.0
2018-05-12 04:00:00,57.0,0.0
2018-05-12 05:00:00,54.0,0.0
2018-05-12 06:00:00,70.0,0.0
2018-05-12 07:00:00,358.0,5594.0
2018-05-12 08:00:00,1113.0,1791.0
2018-05-12 09:00:00,1185.0,3021.0
2018-05-12 10:00:00,436.0,5036.0
2018-05-12 11:00:00,562.0,560.0
2018-05-12 12:00:00,227.0,784.0
2018-05-12 13:00:00,154.0,0.0
2018-05-12 14:00:00,191.0,0.0
2018-05-12 15:00:00,433.0,224.0
2018-05-12 16:00:00,267.0,0.0
2018-05-12 17:00:00,479.0,560.0
2018-05-12 18:00:00,1058.0,448.0
2018-05-12 19:00:00,394.0,560.0
2018-05-12 20:00:00,197.0,3134.0
2018-05-12 21:00:00,1046.0,4923.0
2018-05-12 22:00:00,150.0,0.0
2018-05-12 23:00:00,124.0,4141.0
2018-05-13 00:00:00,57.0,0.0
2018-05-13 01:00:00,76.0,0.0
2018-05-13 02:00:00,61.0,112.0
2018-05-13 03:00:00,91.0,3358.0
2018-05-13 04:00:00,48.0,0.0
2018-05-13 05:00:00,77.0,0.0
2018-05-13 06:00:00,145.0,4028.0
2018-05-13 07:00:00,718.0,559.0
2018-05-13 08:00:00,2318.0,5371.0
2018-05-13 09:00:00,114.0,0.0
2018-05-13 10:00:00,84.0,3471.0
2018-05-13 11:00:00,408.0,448.0
2018-05-13 12:00:00,418.0,784.0
2018-05-13 13:00:00,238.0,336.0
2018-05-13 14:00:00,268.0,448.0
2018-05-13 15:00:00,231.0,895.0
2018-05-13 16:00:00,192.0,112.0
2018-05-13 17:00:00,160.0,0.0
2018-05-13 18:00:00,172.0,224.0
2018-05-13 19:00:00,184.0,560.0
2018-05-13 20:00:00,330.0,336.0
2018-05-13 21:00:00,222.0,224.0
2018-05-13 22:00:00,140.0,112.0
2018-05-13 23:00:00,82.0,336.0
2018-05-14 00:00:00,79.0,3918.0
2018-05-14 01:00:00,73.0,0.0
2018-05-14 02:00:00,902.0,4030.0
2018-05-14 03:00:00,87.0,0.0
2018-05-14 04:00:00,89.0,4254.0
2018-05-14 05:00:00,86.0,112.0
2018-05-14 06:00:00,2095.0,783.0
2018-05-14 07:00:00,219.0,224.0
2018-05-14 08:00:00,625.0,1008.0
2018-05-14 09:00:00,1225.0,4924.0
2018-05-14 10:00:00,438.0,448.0
2018-05-14 11:00:00,112.0,783.0
2018-05-14 12:00:00,87.0,3021.0
2018-05-14 13:00:00,191.0,0.0
2018-05-14 14:00:00,104.0,223.0
2018-05-14 15:00:00,143.0,0.0
2018-05-14 16:00:00,229.0,448.0
2018-05-14 17:00:00,402.0,0.0
2018-05-14 18:00:00,201.0,112.0
2018-05-14 19:00:00,190.0,2909.0
2018-05-14 20:00:00,181.0,112.0
2018-05-14 21:00:00,212.0,560.0
2018-05-14 22:00:00,172.0,0.0
2018-05-14 23:00:00,105.0,0.0
2018-05-15 00:00:00,84.0,0.0
2018-05-15 01:00:00,81.0,112.0
2018-05-15 02:00:00,81.0,0.0
2018-05-15 04:00:00,124.0,223.0
2018-05-15 05:00:00,79.0,224.0
2018-05-15 06:00:00,1300.0,671.0
2018-05-15 07:00:00,669.0,5145.0
2018-05-15 08:00:00,783.0,672.0
2018-05-15 09:00:00,71.0,112.0
2018-05-15 10:00:00,89.0,224.0
2018-05-15 11:00:00,57.0,447.0
2018-05-15 12:00:00,76.0,224.0
2018-05-15 13:00:00,63.0,448.0
2018-05-15 14:00:00,84.0,3917.0
2018-05-15 15:00:00,64.0,560.0
2018-05-15 17:00:00,64.0,0.0
2018-05-15 19:00:00,64.0,0.0
2018-05-15 21:00:00,216.0,0.0
2018-05-15 22:00:00,138.0,224.0
2018-05-15 23:00:00,63.0,223.0
2018-05-16 00:00:00,77.0,0.0
2018-05-16 01:00:00,42.0,112.0
2018-05-16 02:00:00,42.0,0.0
2018-05-16 04:00:00,72.0,0.0
2018-05-16 05:00:00,1396.0,5711.0
2018-05-16 06:00:00,800.0,559.0
2018-05-16 07:00:00,64.0,671.0
2018-05-16 08:00:00,124.0,11419.0
2018-05-16 09:00:00,589.0,2126.0
2018-05-16 10:00:00,143.0,9513.0
2018-05-16 11:00:00,126.0,336.0
2018-05-16 12:00:00,236.0,1120.0
2018-05-16 13:00:00,186.0,672.0
2018-05-16 14:00:00,193.0,448.0
2018-05-16 15:00:00,235.0,0.0
2018-05-16 16:00:00,234.0,0.0
2018-05-16 17:00:00,186.0,223.0
2018-05-16 18:00:00,92.0,448.0
2018-05-16 19:00:00,79.0,0.0
2018-05-16 20:00:00,900.0,4926.0
2018-05-16 21:00:00,131.0,112.0
2018-05-16 22:00:00,91.0,448.0
2018-05-16 23:00:00,66.0,0.0
2018-05-17 00:00:00,78.0,112.0
2018-05-17 01:00:00,115.0,0.0
2018-05-17 02:00:00,115.0,0.0
2018-05-17 04:00:00,37.0,0.0
2018-05-17 05:00:00,73.0,0.0
2018-05-17 06:00:00,1842.0,336.0
2018-05-17 07:00:00,1602.0,336.0
2018-05-17 08:00:00,113.0,3583.0
2018-05-17 09:00:00,2152.0,7279.0
2018-05-17 10:00:00,156.0,0.0
2018-05-17 13:00:00,244.0,0.0
2018-05-17 14:00:00,497.0,1455.0
2018-05-17 15:00:00,165.0,0.0
2018-05-17 16:00:00,179.0,112.0
2018-05-17 17:00:00,1041.0,112.0
2018-05-17 18:00:00,612.0,1008.0
2018-05-17 19:00:00,288.0,3582.0
2018-05-17 20:00:00,293.0,8951.0
2018-05-17 21:00:00,162.0,672.0
2018-05-17 22:00:00,125.0,0.0
2018-05-17 23:00:00,192.0,336.0
2018-05-18 00:00:00,56.0,0.0
2018-05-18 01:00:00,83.0,0.0
2018-05-18 02:00:00,75.0,0.0
2018-05-18 03:00:00,74.0,112.0
2018-05-18 04:00:00,53.0,3694.0
2018-05-18 05:00:00,78.0,112.0
2018-05-18 06:00:00,50.0,0.0
2018-05-18 07:00:00,73.0,112.0
2018-05-18 08:00:00,61.0,1567.0
2018-05-18 09:00:00,2426.0,2351.0
2018-05-18 10:00:00,150.0,1008.0
2018-05-18 11:00:00,156.0,0.0
2018-05-18 12:00:00,172.0,0.0
2018-05-18 13:00:00,181.0,559.0
2018-05-18 14:00:00,292.0,0.0
2018-05-18 15:00:00,192.0,895.0
2018-05-18 16:00:00,80.0,0.0
2018-05-18 17:00:00,49.0,0.0
2018-05-18 18:00:00,84.0,0.0
2018-05-18 19:00:00,274.0,784.0
2018-05-18 20:00:00,153.0,336.0
2018-05-18 21:00:00,152.0,112.0
2018-05-18 22:00:00,190.0,0.0
2018-05-18 23:00:00,1552.0,447.0
2018-05-19 00:00:00,80.0,0.0
2018-05-19 01:00:00,78.0,0.0
2018-05-19 03:00:00,98.0,0.0
2018-05-19 04:00:00,81.0,0.0
2018-05-19 05:00:00,85.0,0.0
2018-05-19 06:00:00,80.0,0.0
2018-05-19 07:00:00,104.0,4699.0
2018-05-19 08:00:00,402.0,672.0
2018-05-19 09:00:00,86.0,3247.0
2018-05-19 10:00:00,80.0,0.0
2018-05-19 11:00:00,81.0,2016.0
2018-05-19 12:00:00,79.0,224.0
2018-05-19 13:00:00,45.0,112.0
2018-05-19 14:00:00,76.0,0.0
2018-05-19 15:00:00,50.0,112.0
2018-05-19 16:00:00,74.0,335.0
2018-05-19 17:00:00,57.0,112.0
2018-05-19 18:00:00,441.0,1118.0
2018-05-19 19:00:00,171.0,7609.0
2018-05-19 20:00:00,277.0,7827.0
2018-05-19 21:00:00,262.0,1903.0
2018-05-19 22:00:00,223.0,7829.0
2018-05-19 23:00:00,101.0,784.0
2018-05-20 00:00:00,206.0,224.0
2018-05-20 01:00:00,351.0,0.0
2018-05-20 02:00:00,351.0,0.0
2018-05-20 04:00:00,77.0,0.0
2018-05-20 05:00:00,56.0,223.0
2018-05-20 06:00:00,77.0,0.0
2018-05-20 07:00:00,421.0,336.0
2018-05-20 08:00:00,1035.0,4473.0
2018-05-20 09:00:00,1051.0,784.0
2018-05-20 10:00:00,119.0,112.0
2018-05-20 11:00:00,57.0,0.0
2018-05-20 12:00:00,74.0,0.0
2018-05-20 13:00:00,268.0,447.0
2018-05-20 14:00:00,172.0,335.0
2018-05-20 15:00:00,256.0,3359.0
2018-05-20 16:00:00,240.0,3804.0
2018-05-20 17:00:00,353.0,4365.0
2018-05-20 18:00:00,233.0,6713.0
2018-05-20 19:00:00,123.0,7163.0
2018-05-20 20:00:00,185.0,4142.0
2018-05-20 21:00:00,208.0,224.0
2018-05-20 22:00:00,112.0,112.0
2018-05-20 23:00:00,86.0,112.0
2018-05-21 00:00:00,88.0,0.0
2018-05-21 01:00:00,70.0,0.0
2018-05-21 02:00:00,91.0,0.0
2018-05-21 04:00:00,73.0,0.0
2018-05-21 05:00:00,62.0,112.0
2018-05-21 06:00:00,681.0,224.0
2018-05-21 07:00:00,399.0,224.0
2018-05-21 08:00:00,126.0,4701.0
2018-05-21 09:00:00,1925.0,335.0
2018-05-21 10:00:00,451.0,335.0
2018-05-21 11:00:00,496.0,224.0
2018-05-21 12:00:00,138.0,0.0
2018-05-21 13:00:00,194.0,224.0
2018-05-21 14:00:00,265.0,560.0
2018-05-21 15:00:00,485.0,6715.0
2018-05-21 16:00:00,802.0,5935.0
2018-05-21 17:00:00,695.0,4808.0
2018-05-21 18:00:00,406.0,4255.0
2018-05-21 19:00:00,193.0,4812.0
2018-05-21 20:00:00,98.0,4808.0
2018-05-21 21:00:00,124.0,224.0
2018-05-21 22:00:00,137.0,112.0
2018-05-21 23:00:00,51.0,0.0
2018-05-22 00:00:00,79.0,0.0
2018-05-22 01:00:00,40.0,0.0
2018-05-22 02:00:00,82.0,112.0
2018-05-22 03:00:00,78.0,0.0
2018-05-22 04:00:00,73.0,112.0
2018-05-22 05:00:00,50.0,112.0
2018-05-22 06:00:00,742.0,4476.0
2018-05-22 07:00:00,1055.0,895.0
2018-05-22 08:00:00,135.0,0.0
2018-05-22 09:00:00,88.0,448.0
2018-05-22 10:00:00,170.0,0.0
2018-05-22 11:00:00,144.0,448.0
2018-05-22 12:00:00,61.0,0.0
2018-05-22 13:00:00,128.0,0.0
2018-05-22 14:00:00,687.0,560.0
2018-05-22 15:00:00,130.0,224.0
2018-05-22 16:00:00,102.0,0.0
2018-05-22 17:00:00,106.0,0.0
2018-05-22 18:00:00,68.0,112.0
2018-05-22 19:00:00,200.0,559.0
2018-05-22 20:00:00,180.0,2797.0
2018-05-22 21:00:00,165.0,112.0
2018-05-22 22:00:00,68.0,0.0
2018-05-22 23:00:00,69.0,112.0
2018-05-23 00:00:00,66.0,0.0
2018-05-23 01:00:00,56.0,112.0
2018-05-23 02:00:00,39.0,0.0
2018-05-23 04:00:00,63.0,0.0
2018-05-23 05:00:00,40.0,112.0
2018-05-23 06:00:00,60.0,0.0
2018-05-23 07:00:00,60.0,6271.0
2018-05-23 08:00:00,405.0,6493.0
2018-05-23 09:00:00,178.0,4366.0
2018-05-23 10:00:00,104.0,112.0
2018-05-23 11:00:00,136.0,3584.0
2018-05-23 12:00:00,148.0,0.0
2018-05-23 13:00:00,135.0,2797.0
2018-05-23 14:00:00,64.0,112.0
2018-05-23 15:00:00,47.0,0.0
2018-05-23 16:00:00,113.0,112.0
2018-05-23 17:00:00,59.0,336.0
2018-05-23 18:00:00,124.0,112.0
2018-05-23 19:00:00,117.0,0.0
2018-05-23 20:00:00,128.0,3358.0
2018-05-23 21:00:00,87.0,447.0
2018-05-23 22:00:00,67.0,0.0
2018-05-23 23:00:00,52.0,0.0
2018-05-24 00:00:00,62.0,0.0
2018-05-24 01:00:00,47.0,112.0
2018-05-24 02:00:00,66.0,0.0
2018-05-24 03:00:00,46.0,112.0
2018-05-24 04:00:00,57.0,0.0
2018-05-24 05:00:00,49.0,112.0
2018-05-24 06:00:00,44.0,0.0
2018-05-24 07:00:00,1037.0,5936.0
2018-05-24 08:00:00,70.0,4589.0
2018-05-24 09:00:00,75.0,3134.0
2018-05-24 10:00:00,63.0,4029.0
2018-05-24 11:00:00,59.0,0.0
2018-05-24 12:00:00,70.0,3582.0
2018-05-24 13:00:00,57.0,112.0
2018-05-24 14:00:00,50.0,112.0
2018-05-24 15:00:00,44.0,0.0
2018-05-24 16:00:00,71.0,0.0
2018-05-24 17:00:00,53.0,112.0
2018-05-24 18:00:00,170.0,112.0
2018-05-24 19:00:00,52.0,3806.0
2018-05-24 20:00:00,98.0,336.0
2018-05-24 21:00:00,129.0,336.0
2018-05-24 22:00:00,96.0,3360.0
2018-05-24 23:00:00,55.0,0.0
2018-05-25 00:00:00,61.0,223.0
2018-05-25 01:00:00,63.0,3695.0
2018-05-25 02:00:00,63.0,0.0
2018-05-25 04:00:00,64.0,0.0
2018-05-25 05:00:00,53.0,3694.0
2018-05-25 06:00:00,653.0,0.0
2018-05-25 07:00:00,629.0,224.0
2018-05-25 20:00:00,67.0,224.0
2018-05-25 21:00:00,77.0,0.0
2018-05-25 22:00:00,48.0,335.0
2018-05-25 23:00:00,64.0,0.0
2018-05-26 00:00:00,107.0,4924.0
2018-05-26 01:00:00,75.0,0.0
2018-05-26 02:00:00,55.0,3470.0
2018-05-26 03:00:00,76.0,112.0
2018-05-26 04:00:00,87.0,3695.0
2018-05-26 05:00:00,88.0,112.0
2018-05-26 06:00:00,63.0,0.0
2018-05-26 07:00:00,1294.0,3917.0
2018-05-26 08:00:00,735.0,4479.0
2018-05-26 09:00:00,72.0,223.0
2018-05-26 10:00:00,47.0,0.0
2018-05-26 11:00:00,61.0,0.0
2018-05-26 12:00:00,45.0,2799.0
2018-05-26 13:00:00,65.0,0.0
2018-05-26 14:00:00,33.0,112.0
2018-05-26 15:00:00,70.0,896.0
2018-05-26 16:00:00,134.0,112.0
2018-05-26 17:00:00,120.0,112.0
2018-05-26 18:00:00,271.0,448.0
2018-05-26 19:00:00,173.0,3582.0
2018-05-26 20:00:00,274.0,1231.0
2018-05-26 21:00:00,393.0,2911.0
2018-05-26 22:00:00,97.0,4478.0
2018-05-26 23:00:00,111.0,336.0
2018-05-27 00:00:00,77.0,3024.0
2018-05-27 01:00:00,62.0,0.0
2018-05-27 02:00:00,69.0,0.0
2018-05-27 03:00:00,48.0,1232.0
2018-05-27 04:00:00,79.0,6382.0
2018-05-27 05:00:00,57.0,3471.0
2018-05-27 06:00:00,52.0,0.0
2018-05-27 07:00:00,683.0,3694.0
2018-05-27 08:00:00,1976.0,336.0
2018-05-27 09:00:00,477.0,5486.0
2018-05-27 10:00:00,69.0,4256.0
2018-05-27 11:00:00,435.0,224.0
2018-05-27 12:00:00,367.0,9402.0
2018-05-27 13:00:00,206.0,4140.0
2018-05-27 14:00:00,172.0,2349.0
2018-05-27 15:00:00,154.0,0.0
2018-05-27 16:00:00,1306.0,1008.0
2018-05-27 17:00:00,793.0,559.0
2018-05-27 18:00:00,443.0,224.0
2018-05-27 19:00:00,207.0,1231.0
2018-05-27 20:00:00,285.0,0.0
2018-05-27 21:00:00,189.0,448.0
2018-05-27 22:00:00,86.0,0.0
2018-05-27 23:00:00,70.0,112.0
2018-05-28 00:00:00,58.0,0.0
2018-05-28 01:00:00,52.0,112.0
2018-05-28 02:00:00,67.0,0.0
2018-05-28 03:00:00,52.0,112.0
2018-05-28 04:00:00,64.0,0.0
2018-05-28 05:00:00,41.0,112.0
2018-05-28 06:00:00,53.0,0.0
2018-05-28 07:00:00,666.0,4477.0
2018-05-28 08:00:00,166.0,223.0
2018-05-28 09:00:00,1578.0,447.0
2018-05-28 10:00:00,163.0,3472.0
2018-05-28 11:00:00,246.0,0.0
2018-05-28 12:00:00,163.0,0.0
2018-05-28 13:00:00,58.0,0.0
2018-05-28 14:00:00,50.0,3583.0
2018-05-28 15:00:00,57.0,0.0
2018-05-28 16:00:00,41.0,0.0
2018-05-28 17:00:00,69.0,112.0
2018-05-28 18:00:00,149.0,336.0
2018-05-28 19:00:00,546.0,560.0
2018-05-28 20:00:00,371.0,1008.0
2018-05-28 21:00:00,331.0,560.0
2018-05-28 22:00:00,254.0,112.0
2018-05-28 23:00:00,67.0,448.0
2018-05-29 00:00:00,66.0,0.0
2018-05-29 01:00:00,45.0,112.0
2018-05-29 02:00:00,45.0,0.0
2018-05-29 04:00:00,35.0,0.0
2018-05-29 05:00:00,55.0,112.0
2018-05-29 06:00:00,1429.0,224.0
2018-05-29 07:00:00,1881.0,4588.0
2018-05-29 08:00:00,264.0,3582.0
2018-05-29 09:00:00,3216.0,3695.0
2018-05-29 10:00:00,465.0,448.0
2018-05-29 11:00:00,237.0,112.0
2018-05-29 12:00:00,321.0,6718.0
2018-05-29 13:00:00,182.0,5035.0
2018-05-29 14:00:00,169.0,3248.0
2018-05-29 15:00:00,163.0,0.0
2018-05-29 16:00:00,163.0,0.0
2018-05-29 17:00:00,1022.0,223.0
2018-05-29 18:00:00,160.0,336.0
2018-05-29 19:00:00,49.0,0.0
2018-05-29 20:00:00,49.0,112.0
2018-05-29 21:00:00,54.0,0.0
2018-05-29 22:00:00,316.0,336.0
2018-05-29 23:00:00,45.0,0.0
2018-05-30 00:00:00,61.0,112.0
2018-05-30 01:00:00,47.0,0.0
2018-05-30 02:00:00,65.0,0.0
2018-05-30 03:00:00,47.0,112.0
2018-05-30 04:00:00,57.0,0.0
2018-05-30 05:00:00,55.0,112.0
2018-05-30 06:00:00,47.0,0.0
2018-05-30 07:00:00,414.0,5482.0
2018-05-30 08:00:00,708.0,2687.0
2018-05-30 09:00:00,1081.0,4142.0
2018-05-30 10:00:00,82.0,112.0
2018-05-30 11:00:00,181.0,3245.0
2018-05-30 12:00:00,534.0,224.0
2018-05-30 13:00:00,149.0,560.0
2018-05-30 14:00:00,180.0,3582.0
2018-05-30 15:00:00,144.0,0.0
2018-05-30 16:00:00,194.0,2797.0
2018-05-30 17:00:00,141.0,0.0
2018-05-30 18:00:00,199.0,447.0
2018-05-30 19:00:00,193.0,2910.0
2018-05-30 20:00:00,196.0,0.0
2018-05-30 21:00:00,418.0,0.0
2018-05-30 22:00:00,90.0,448.0
2018-05-30 23:00:00,49.0,0.0
2018-05-31 00:00:00,66.0,0.0
2018-05-31 01:00:00,46.0,112.0
2018-05-31 03:00:00,68.0,112.0
2018-05-31 04:00:00,58.0,0.0
2018-05-31 05:00:00,53.0,112.0
2018-05-31 06:00:00,70.0,0.0
2018-05-31 07:00:00,430.0,7052.0
2018-05-31 08:00:00,874.0,4030.0
2018-05-31 09:00:00,68.0,3916.0
2018-05-31 10:00:00,116.0,336.0
2018-05-31 11:00:00,92.0,3584.0
2018-05-31 12:00:00,128.0,336.0
2018-05-31 13:00:00,173.0,335.0
2018-05-31 14:00:00,148.0,0.0
2018-05-31 15:00:00,145.0,3354.0
2018-05-31 16:00:00,274.0,336.0
2018-05-31 17:00:00,450.0,0.0
2018-05-31 18:00:00,643.0,4367.0
2018-05-31 19:00:00,134.0,896.0
2018-05-31 20:00:00,129.0,3359.0
2018-05-31 21:00:00,134.0,112.0
2018-05-31 22:00:00,103.0,224.0
2018-05-31 23:00:00,67.0,4367.0
2018-06-01 00:00:00,61.0,1008.0
2018-06-01 01:00:00,65.0,2799.0
2018-06-01 02:00:00,65.0,0.0
2018-06-01 04:00:00,81.0,4029.0
2018-06-01 05:00:00,48.0,0.0
2018-06-01 06:00:00,65.0,3471.0
2018-06-01 07:00:00,997.0,224.0
2018-06-01 08:00:00,2161.0,4254.0
2018-06-01 09:00:00,133.0,448.0
2018-06-01 10:00:00,125.0,0.0
2018-06-01 11:00:00,156.0,0.0
2018-06-01 12:00:00,129.0,112.0
2018-06-01 13:00:00,156.0,0.0
2018-06-01 14:00:00,132.0,0.0
2018-06-01 15:00:00,153.0,112.0
2018-06-01 16:00:00,132.0,0.0
2018-06-01 17:00:00,152.0,0.0
2018-06-01 18:00:00,310.0,112.0
2018-06-01 19:00:00,280.0,7164.0
2018-06-01 20:00:00,175.0,5149.0
2018-06-01 21:00:00,129.0,1789.0
2018-06-01 22:00:00,126.0,224.0
2018-06-01 23:00:00,86.0,112.0
2018-06-02 00:00:00,84.0,112.0
2018-06-02 01:00:00,73.0,448.0
2018-06-02 03:00:00,40.0,0.0
2018-06-02 04:00:00,52.0,0.0
2018-06-02 05:00:00,57.0,0.0
2018-06-02 06:00:00,60.0,0.0
2018-06-02 07:00:00,1442.0,447.0
2018-06-02 08:00:00,214.0,560.0
2018-06-02 09:00:00,58.0,112.0
2018-06-02 10:00:00,1607.0,0.0
2018-06-02 11:00:00,1161.0,224.0
2018-06-02 12:00:00,156.0,224.0
2018-06-02 13:00:00,162.0,894.0
2018-06-02 14:00:00,86.0,0.0
2018-06-02 15:00:00,154.0,224.0
2018-06-02 16:00:00,146.0,0.0
2018-06-02 17:00:00,453.0,5822.0
2018-06-02 18:00:00,289.0,5707.0
2018-06-02 19:00:00,220.0,3691.0
2018-06-02 20:00:00,240.0,7273.0
2018-06-02 21:00:00,218.0,559.0
2018-06-02 22:00:00,169.0,0.0
2018-06-02 23:00:00,117.0,0.0
2018-06-03 00:00:00,62.0,0.0
2018-06-03 01:00:00,44.0,0.0
2018-06-03 02:00:00,64.0,112.0
2018-06-03 03:00:00,44.0,0.0
2018-06-03 04:00:00,62.0,0.0
2018-06-03 05:00:00,55.0,112.0
2018-06-03 06:00:00,60.0,112.0
2018-06-03 07:00:00,470.0,560.0
2018-06-03 08:00:00,1041.0,7388.0
2018-06-03 09:00:00,1752.0,447.0
2018-06-03 10:00:00,533.0,671.0
2018-06-03 11:00:00,1008.0,5259.0
2018-06-03 12:00:00,445.0,2687.0
2018-06-03 13:00:00,164.0,0.0
2018-06-03 14:00:00,170.0,112.0
2018-06-03 15:00:00,603.0,671.0
2018-06-03 16:00:00,504.0,894.0
2018-06-03 17:00:00,639.0,112.0
2018-06-03 18:00:00,562.0,560.0
2018-06-03 19:00:00,261.0,4028.0
2018-06-03 20:00:00,198.0,6493.0
2018-06-03 21:00:00,162.0,1120.0
2018-06-03 22:00:00,128.0,112.0
2018-06-03 23:00:00,69.0,0.0
2018-06-04 00:00:00,51.0,112.0
2018-06-04 01:00:00,63.0,0.0
2018-06-04 02:00:00,54.0,0.0
2018-06-04 03:00:00,56.0,0.0
2018-06-04 04:00:00,70.0,112.0
2018-06-04 05:00:00,62.0,0.0
2018-06-04 06:00:00,85.0,112.0
2018-06-04 07:00:00,1410.0,3581.0
2018-06-04 08:00:00,91.0,560.0
2018-06-04 09:00:00,168.0,447.0
2018-06-04 10:00:00,87.0,0.0
2018-06-04 11:00:00,209.0,1902.0
2018-06-04 12:00:00,233.0,224.0
2018-06-04 13:00:00,161.0,784.0
2018-06-04 14:00:00,156.0,0.0
2018-06-04 15:00:00,134.0,224.0
2018-06-04 16:00:00,163.0,0.0
2018-06-04 17:00:00,817.0,112.0
2018-06-04 18:00:00,832.0,3580.0
2018-06-04 19:00:00,272.0,3694.0
2018-06-04 20:00:00,262.0,3471.0
2018-06-04 21:00:00,246.0,3582.0
2018-06-04 22:00:00,150.0,3358.0
2018-06-04 23:00:00,86.0,1343.0
2018-06-05 00:00:00,66.0,112.0
2018-06-05 01:00:00,40.0,0.0
2018-06-05 02:00:00,63.0,0.0
2018-06-05 03:00:00,59.0,112.0
2018-06-05 04:00:00,63.0,0.0
2018-06-05 05:00:00,49.0,112.0
2018-06-05 06:00:00,895.0,3358.0
2018-06-05 07:00:00,1345.0,2798.0
2018-06-05 08:00:00,950.0,336.0
2018-06-05 09:00:00,84.0,560.0
2018-06-05 10:00:00,207.0,448.0
2018-06-05 11:00:00,480.0,224.0
2018-06-05 12:00:00,319.0,1231.0
2018-06-05 13:00:00,249.0,784.0
2018-06-05 14:00:00,163.0,0.0
2018-06-05 15:00:00,167.0,224.0
2018-06-05 16:00:00,157.0,0.0
2018-06-05 17:00:00,344.0,112.0
2018-06-05 18:00:00,166.0,2352.0
2018-06-05 19:00:00,184.0,2575.0
2018-06-05 20:00:00,374.0,2012.0
2018-06-05 21:00:00,434.0,4024.0
2018-06-05 22:00:00,115.0,3695.0
2018-06-05 23:00:00,100.0,1008.0
2018-06-06 00:00:00,65.0,0.0
2018-06-06 01:00:00,76.0,112.0
2018-06-06 02:00:00,59.0,0.0
2018-06-06 03:00:00,73.0,0.0
2018-06-06 04:00:00,59.0,112.0
2018-06-06 05:00:00,75.0,0.0
2018-06-06 06:00:00,61.0,336.0
2018-06-06 07:00:00,1048.0,3357.0
2018-06-06 08:00:00,135.0,2687.0
2018-06-06 09:00:00,187.0,3247.0
2018-06-06 10:00:00,1471.0,1567.0
2018-06-06 11:00:00,93.0,112.0
2018-06-06 12:00:00,163.0,0.0
2018-06-06 13:00:00,165.0,112.0
2018-06-06 14:00:00,137.0,224.0
2018-06-06 15:00:00,124.0,0.0
2018-06-06 16:00:00,66.0,224.0
2018-06-06 17:00:00,69.0,0.0
2018-06-06 18:00:00,345.0,112.0
2018-06-06 19:00:00,702.0,3357.0
2018-06-06 20:00:00,614.0,4590.0
2018-06-06 21:00:00,224.0,2459.0
2018-06-06 22:00:00,165.0,3797.0
2018-06-06 23:00:00,143.0,3910.0
2018-06-07 00:00:00,93.0,448.0
2018-06-07 01:00:00,79.0,0.0
2018-06-07 02:00:00,72.0,112.0
2018-06-07 03:00:00,55.0,0.0
2018-06-07 04:00:00,71.0,0.0
2018-06-07 05:00:00,57.0,112.0
2018-06-07 06:00:00,177.0,224.0
2018-06-07 07:00:00,1865.0,2462.0
2018-06-07 08:00:00,324.0,4365.0
2018-06-07 09:00:00,77.0,336.0
2018-06-07 10:00:00,60.0,224.0
2018-06-07 11:00:00,400.0,671.0
2018-06-07 12:00:00,107.0,1005.0
2018-06-07 13:00:00,568.0,783.0
2018-06-07 14:00:00,80.0,447.0
2018-06-07 15:00:00,60.0,224.0
2018-06-07 16:00:00,80.0,0.0
2018-06-07 17:00:00,287.0,783.0
2018-06-07 18:00:00,74.0,112.0
2018-06-07 19:00:00,85.0,224.0
2018-06-07 20:00:00,116.0,3575.0
2018-06-07 21:00:00,135.0,447.0
2018-06-07 22:00:00,134.0,224.0
2018-06-07 23:00:00,76.0,0.0
2018-06-08 00:00:00,60.0,0.0
2018-06-08 01:00:00,75.0,0.0
2018-06-08 02:00:00,56.0,0.0
2018-06-08 03:00:00,75.0,0.0
2018-06-08 04:00:00,56.0,0.0
2018-06-08 05:00:00,75.0,335.0
2018-06-08 06:00:00,57.0,0.0
2018-06-08 07:00:00,661.0,3248.0
2018-06-08 08:00:00,1420.0,783.0
2018-06-08 09:00:00,91.0,0.0
2018-06-08 10:00:00,785.0,1567.0
2018-06-08 11:00:00,504.0,672.0
2018-06-08 12:00:00,313.0,783.0
2018-06-08 13:00:00,140.0,112.0
2018-06-08 14:00:00,164.0,0.0
2018-06-08 15:00:00,146.0,224.0
2018-06-08 16:00:00,161.0,112.0
2018-06-08 17:00:00,149.0,224.0
2018-06-08 18:00:00,139.0,112.0
2018-06-08 19:00:00,278.0,2911.0
2018-06-08 20:00:00,203.0,336.0
2018-06-08 21:00:00,105.0,0.0
2018-06-08 22:00:00,96.0,112.0
2018-06-08 23:00:00,67.0,224.0
2018-06-09 00:00:00,72.0,112.0
2018-06-09 01:00:00,55.0,0.0
2018-06-09 02:00:00,82.0,672.0
2018-06-09 03:00:00,57.0,112.0
2018-06-09 04:00:00,69.0,0.0
2018-06-09 05:00:00,63.0,0.0
2018-06-09 06:00:00,86.0,896.0
2018-06-09 07:00:00,782.0,3919.0
2018-06-09 08:00:00,160.0,3244.0
2018-06-09 09:00:00,160.0,2463.0
2018-06-09 10:00:00,256.0,2239.0
2018-06-09 11:00:00,320.0,560.0
2018-06-09 12:00:00,140.0,560.0
2018-06-09 13:00:00,173.0,1232.0
2018-06-09 14:00:00,136.0,112.0
2018-06-09 15:00:00,321.0,4142.0
2018-06-09 16:00:00,223.0,3917.0
2018-06-09 17:00:00,1093.0,6605.0
2018-06-09 18:00:00,918.0,6381.0
2018-06-09 19:00:00,318.0,5373.0
2018-06-09 20:00:00,1058.0,5932.0
2018-06-09 21:00:00,1209.0,3695.0
2018-06-09 22:00:00,183.0,3248.0
2018-06-09 23:00:00,114.0,0.0
2018-06-10 00:00:00,86.0,0.0
2018-06-10 01:00:00,80.0,0.0
2018-06-10 02:00:00,74.0,335.0
2018-06-10 03:00:00,65.0,0.0
2018-06-10 04:00:00,74.0,0.0
2018-06-10 05:00:00,63.0,112.0
2018-06-10 06:00:00,613.0,448.0
2018-06-10 07:00:00,578.0,1904.0
2018-06-10 08:00:00,1149.0,5712.0
2018-06-10 09:00:00,190.0,1119.0
2018-06-10 10:00:00,218.0,6715.0
2018-06-10 11:00:00,140.0,448.0
2018-06-10 12:00:00,162.0,560.0
2018-06-10 13:00:00,146.0,224.0
2018-06-10 14:00:00,245.0,7055.0
2018-06-10 15:00:00,239.0,3243.0
2018-06-10 16:00:00,517.0,2461.0
2018-06-10 17:00:00,509.0,2350.0
2018-06-10 18:00:00,626.0,2685.0
2018-06-10 19:00:00,167.0,5595.0
2018-06-10 20:00:00,410.0,6044.0
2018-06-10 21:00:00,847.0,1786.0
2018-06-10 22:00:00,97.0,224.0
2018-06-10 23:00:00,87.0,112.0
2018-06-11 00:00:00,53.0,0.0
2018-06-11 01:00:00,67.0,0.0
2018-06-11 02:00:00,72.0,112.0
2018-06-11 03:00:00,74.0,0.0
2018-06-11 04:00:00,71.0,0.0
2018-06-11 05:00:00,1292.0,5263.0
2018-06-11 06:00:00,128.0,112.0
2018-06-11 07:00:00,61.0,0.0
2018-06-11 08:00:00,1014.0,1567.0
2018-06-11 09:00:00,61.0,0.0
2018-06-11 10:00:00,100.0,112.0
2018-06-11 11:00:00,121.0,336.0
2018-06-11 12:00:00,84.0,0.0
2018-06-11 13:00:00,82.0,336.0
2018-06-11 14:00:00,213.0,448.0
2018-06-11 15:00:00,74.0,336.0
2018-06-11 16:00:00,316.0,336.0
2018-06-11 17:00:00,811.0,0.0
2018-06-11 18:00:00,723.0,223.0
2018-06-11 19:00:00,419.0,448.0
2018-06-11 20:00:00,213.0,559.0
2018-06-11 21:00:00,2209.0,3357.0
2018-06-11 22:00:00,160.0,6043.0
2018-06-11 23:00:00,66.0,0.0
2018-06-12 00:00:00,80.0,0.0
2018-06-12 01:00:00,73.0,0.0
2018-06-12 02:00:00,76.0,0.0
2018-06-12 03:00:00,72.0,112.0
2018-06-12 04:00:00,77.0,112.0
2018-06-12 05:00:00,182.0,0.0
2018-06-12 06:00:00,657.0,783.0
2018-06-12 07:00:00,860.0,7162.0
2018-06-12 08:00:00,294.0,4811.0
2018-06-12 09:00:00,658.0,782.0
2018-06-12 10:00:00,677.0,7384.0
2018-06-12 11:00:00,313.0,783.0
2018-06-12 12:00:00,300.0,560.0
2018-06-12 13:00:00,182.0,0.0
2018-06-12 14:00:00,442.0,336.0
2018-06-12 15:00:00,163.0,336.0
2018-06-12 16:00:00,162.0,0.0
2018-06-12 17:00:00,679.0,4029.0
2018-06-12 18:00:00,680.0,0.0
2018-06-12 19:00:00,306.0,1008.0
2018-06-12 20:00:00,271.0,6265.0
2018-06-12 21:00:00,224.0,560.0
2018-06-12 22:00:00,160.0,5034.0
2018-06-12 23:00:00,149.0,3358.0
2018-06-13 00:00:00,78.0,0.0
2018-06-13 01:00:00,76.0,0.0
2018-06-13 02:00:00,59.0,0.0
2018-06-13 03:00:00,69.0,0.0
2018-06-13 04:00:00,60.0,112.0
2018-06-13 05:00:00,70.0,0.0
2018-06-13 06:00:00,69.0,0.0
2018-06-13 07:00:00,65.0,112.0
2018-06-13 08:00:00,1079.0,3694.0
2018-06-13 09:00:00,3122.0,112.0
2018-06-13 10:00:00,158.0,112.0
2018-06-13 11:00:00,46.0,0.0
2018-06-13 12:00:00,70.0,0.0
2018-06-13 13:00:00,59.0,0.0
2018-06-13 14:00:00,75.0,335.0
2018-06-13 15:00:00,281.0,784.0
2018-06-13 16:00:00,68.0,0.0
2018-06-13 17:00:00,64.0,0.0
2018-06-13 18:00:00,88.0,224.0
2018-06-13 19:00:00,395.0,782.0
2018-06-13 20:00:00,179.0,7275.0
2018-06-13 21:00:00,193.0,672.0
2018-06-13 22:00:00,162.0,224.0
2018-06-13 23:00:00,67.0,112.0
2018-06-14 00:00:00,72.0,0.0
2018-06-14 01:00:00,48.0,0.0
2018-06-14 02:00:00,67.0,112.0
2018-06-14 03:00:00,55.0,0.0
2018-06-14 04:00:00,63.0,0.0
2018-06-14 05:00:00,64.0,0.0
2018-06-14 06:00:00,67.0,223.0
2018-06-14 07:00:00,316.0,5262.0
2018-06-14 08:00:00,857.0,447.0
2018-06-14 09:00:00,2179.0,0.0
2018-06-14 10:00:00,651.0,223.0
2018-06-14 11:00:00,226.0,6381.0
2018-06-14 12:00:00,291.0,448.0
2018-06-14 13:00:00,110.0,0.0
2018-06-14 14:00:00,352.0,3134.0
2018-06-14 15:00:00,187.0,112.0
2018-06-14 16:00:00,181.0,112.0
2018-06-14 17:00:00,508.0,559.0
2018-06-14 18:00:00,562.0,223.0
2018-06-14 19:00:00,357.0,1007.0
2018-06-14 20:00:00,162.0,2462.0
2018-06-14 21:00:00,208.0,1678.0
2018-06-14 22:00:00,212.0,1456.0
2018-06-14 23:00:00,268.0,6828.0
2018-06-15 00:00:00,175.0,4030.0
2018-06-15 01:00:00,68.0,0.0
2018-06-15 02:00:00,51.0,0.0
2018-06-15 03:00:00,56.0,112.0
2018-06-15 04:00:00,52.0,112.0
2018-06-15 05:00:00,66.0,0.0
2018-06-15 06:00:00,59.0,0.0
2018-06-15 07:00:00,233.0,0.0
2018-06-15 08:00:00,1714.0,112.0
2018-06-15 09:00:00,1393.0,8172.0
2018-06-15 10:00:00,392.0,6156.0
2018-06-15 11:00:00,466.0,1456.0
2018-06-15 12:00:00,493.0,224.0
2018-06-15 13:00:00,146.0,784.0
2018-06-15 14:00:00,71.0,112.0
2018-06-15 15:00:00,68.0,0.0
2018-06-15 16:00:00,53.0,112.0
2018-06-15 17:00:00,69.0,0.0
2018-06-15 18:00:00,54.0,0.0
2018-06-15 19:00:00,65.0,112.0
2018-06-15 20:00:00,63.0,2910.0
2018-06-15 21:00:00,64.0,112.0
2018-06-15 22:00:00,58.0,0.0
2018-06-15 23:00:00,60.0,112.0
2018-06-16 00:00:00,63.0,0.0
2018-06-16 01:00:00,52.0,0.0
2018-06-16 02:00:00,68.0,112.0
2018-06-16 03:00:00,51.0,0.0
2018-06-16 04:00:00,68.0,0.0
2018-06-16 05:00:00,57.0,112.0
2018-06-16 06:00:00,60.0,0.0
2018-06-16 07:00:00,80.0,5934.0
2018-06-16 08:00:00,95.0,3583.0
2018-06-16 09:00:00,87.0,4364.0
2018-06-16 10:00:00,64.0,447.0
2018-06-16 11:00:00,69.0,3136.0
2018-06-16 12:00:00,65.0,3360.0
2018-06-16 13:00:00,63.0,0.0
2018-06-16 14:00:00,61.0,2462.0
2018-06-16 15:00:00,67.0,895.0
2018-06-16 16:00:00,61.0,3357.0
2018-06-16 17:00:00,67.0,0.0
2018-06-16 18:00:00,53.0,0.0
2018-06-16 19:00:00,79.0,3920.0
2018-06-16 20:00:00,53.0,0.0
2018-06-16 21:00:00,68.0,0.0
2018-06-16 22:00:00,57.0,0.0
2018-06-16 23:00:00,60.0,0.0
2018-06-17 00:00:00,60.0,0.0
2018-06-17 01:00:00,54.0,223.0
2018-06-17 02:00:00,93.0,224.0
2018-06-17 03:00:00,505.0,672.0
2018-06-17 04:00:00,71.0,0.0
2018-06-17 05:00:00,83.0,0.0
2018-06-17 06:00:00,71.0,0.0
2018-06-17 07:00:00,91.0,6489.0
2018-06-17 08:00:00,75.0,3582.0
2018-06-17 09:00:00,89.0,3024.0
2018-06-17 10:00:00,2010.0,3245.0
2018-06-17 11:00:00,1823.0,336.0
2018-06-17 12:00:00,245.0,3246.0
2018-06-17 13:00:00,77.0,3134.0
2018-06-17 14:00:00,54.0,0.0
2018-06-17 15:00:00,77.0,3805.0
2018-06-17 16:00:00,58.0,3245.0
2018-06-17 17:00:00,71.0,112.0
2018-06-17 18:00:00,59.0,3583.0
2018-06-17 19:00:00,68.0,0.0
2018-06-17 20:00:00,61.0,3694.0
2018-06-17 21:00:00,72.0,112.0
2018-06-17 22:00:00,123.0,448.0
2018-06-17 23:00:00,168.0,0.0
2018-06-18 00:00:00,168.0,112.0
2018-06-18 01:00:00,168.0,0.0
2018-06-18 02:00:00,168.0,0.0
2018-06-18 03:00:00,168.0,0.0
2018-06-18 04:00:00,168.0,0.0
2018-06-18 05:00:00,168.0,0.0
2018-06-18 06:00:00,168.0,335.0
2018-06-18 07:00:00,168.0,6156.0
2018-06-18 08:00:00,168.0,3246.0
2018-06-18 09:00:00,168.0,1679.0
2018-06-18 10:00:00,168.0,7054.0
2018-06-18 11:00:00,168.0,784.0
2018-06-18 12:00:00,168.0,112.0
2018-06-18 13:00:00,168.0,3807.0
2018-06-18 14:00:00,168.0,0.0
2018-06-18 15:00:00,168.0,0.0
2018-06-18 16:00:00,168.0,4143.0
2018-06-18 17:00:00,168.0,3582.0
2018-06-18 18:00:00,168.0,0.0
2018-06-19 08:00:00,83.0,1792.0
2018-06-19 09:00:00,2634.0,894.0
2018-06-19 10:00:00,60.0,3916.0
2018-06-19 11:00:00,1083.0,3022.0
2018-06-19 12:00:00,60.0,3696.0
2018-06-19 13:00:00,66.0,0.0
2018-06-19 14:00:00,59.0,3358.0
2018-06-19 15:00:00,66.0,0.0
2018-06-19 16:00:00,61.0,3918.0
2018-06-19 17:00:00,67.0,0.0
2018-06-19 18:00:00,61.0,3358.0
2018-06-19 19:00:00,75.0,3470.0
2018-06-19 20:00:00,59.0,1456.0
2018-06-19 21:00:00,70.0,1904.0
2018-06-19 22:00:00,57.0,0.0
2018-06-19 23:00:00,1939.0,560.0
2018-06-20 00:00:00,108.0,559.0
2018-06-20 01:00:00,92.0,112.0
2018-06-20 02:00:00,77.0,0.0
2018-06-20 03:00:00,92.0,112.0
2018-06-20 04:00:00,66.0,0.0
2018-06-20 05:00:00,63.0,0.0
2018-06-20 06:00:00,61.0,112.0
2018-06-20 07:00:00,71.0,6491.0
2018-06-20 08:00:00,164.0,4141.0
2018-06-20 09:00:00,2478.0,3582.0
2018-06-20 10:00:00,145.0,3358.0
2018-06-20 11:00:00,63.0,3696.0
2018-06-20 12:00:00,61.0,0.0
2018-06-20 13:00:00,65.0,3471.0
2018-06-20 14:00:00,73.0,3807.0
2018-06-20 15:00:00,54.0,0.0
2018-06-20 16:00:00,76.0,3470.0
2018-06-20 17:00:00,58.0,2576.0
2018-06-20 18:00:00,69.0,1119.0
2018-06-20 19:00:00,60.0,3582.0
2018-06-20 20:00:00,75.0,3135.0
2018-06-20 21:00:00,78.0,224.0
2018-06-20 22:00:00,72.0,0.0
2018-06-20 23:00:00,56.0,112.0
2018-06-21 00:00:00,547.0,1343.0
2018-06-21 01:00:00,101.0,0.0
2018-06-21 02:00:00,92.0,112.0
2018-06-21 03:00:00,59.0,0.0
2018-06-21 04:00:00,72.0,0.0
2018-06-21 05:00:00,67.0,112.0
2018-06-21 06:00:00,72.0,0.0
2018-06-21 07:00:00,1273.0,6045.0
2018-06-21 08:00:00,83.0,1904.0
2018-06-21 09:00:00,3306.0,2351.0
2018-06-21 10:00:00,225.0,2687.0
2018-06-21 11:00:00,59.0,3135.0
2018-06-21 12:00:00,77.0,3023.0
2018-06-21 13:00:00,56.0,1679.0
2018-06-21 14:00:00,73.0,1455.0
2018-06-21 15:00:00,52.0,0.0
2018-06-21 16:00:00,69.0,0.0
2018-06-21 17:00:00,54.0,112.0
2018-06-21 18:00:00,77.0,3696.0
2018-06-21 19:00:00,69.0,0.0
2018-06-21 20:00:00,81.0,3807.0
2018-06-21 21:00:00,65.0,0.0
2018-06-21 22:00:00,56.0,0.0
2018-06-21 23:00:00,303.0,336.0
2018-06-22 00:00:00,83.0,672.0
2018-06-22 01:00:00,81.0,0.0
2018-06-22 02:00:00,61.0,112.0
2018-06-22 03:00:00,67.0,0.0
2018-06-22 04:00:00,64.0,0.0
2018-06-22 05:00:00,59.0,112.0
2018-06-22 06:00:00,70.0,0.0
2018-06-22 07:00:00,126.0,5484.0
2018-06-22 08:00:00,3673.0,2688.0
2018-06-22 09:00:00,198.0,3358.0
2018-06-22 10:00:00,71.0,3470.0
2018-06-22 11:00:00,74.0,3247.0
2018-06-22 12:00:00,62.0,0.0
2018-06-22 13:00:00,80.0,3584.0
2018-06-22 14:00:00,61.0,0.0
2018-06-22 15:00:00,78.0,112.0
2018-06-22 16:00:00,75.0,0.0
2018-06-22 17:00:00,83.0,3807.0
2018-06-22 18:00:00,58.0,0.0
2018-06-22 19:00:00,94.0,3246.0
2018-06-22 20:00:00,297.0,0.0
2018-06-22 21:00:00,124.0,447.0
2018-06-22 22:00:00,1024.0,1343.0
2018-06-22 23:00:00,97.0,0.0
2018-06-23 00:00:00,60.0,0.0
2018-06-23 01:00:00,71.0,112.0
2018-06-23 02:00:00,51.0,0.0
2018-06-23 03:00:00,72.0,0.0
2018-06-23 04:00:00,51.0,112.0
2018-06-23 05:00:00,70.0,0.0
2018-06-23 06:00:00,76.0,894.0
2018-06-23 07:00:00,3207.0,6379.0
2018-06-23 08:00:00,104.0,5598.0
2018-06-23 09:00:00,81.0,3246.0
2018-06-23 10:00:00,64.0,3247.0
2018-06-23 11:00:00,67.0,0.0
2018-06-23 12:00:00,75.0,3247.0
2018-06-23 13:00:00,71.0,0.0
2018-06-23 14:00:00,76.0,2799.0
2018-06-23 15:00:00,53.0,0.0
2018-06-23 16:00:00,69.0,112.0
2018-06-23 17:00:00,53.0,0.0
2018-06-23 18:00:00,70.0,224.0
2018-06-23 19:00:00,61.0,3695.0
2018-06-23 20:00:00,78.0,3470.0
2018-06-23 21:00:00,50.0,0.0
2018-06-23 22:00:00,71.0,0.0
2018-06-23 23:00:00,51.0,0.0
2018-06-24 00:00:00,69.0,112.0
2018-06-24 01:00:00,50.0,0.0
2018-06-24 02:00:00,64.0,112.0
2018-06-24 03:00:00,55.0,0.0
2018-06-24 04:00:00,60.0,0.0
2018-06-24 05:00:00,59.0,112.0
2018-06-24 06:00:00,58.0,0.0
2018-06-24 07:00:00,79.0,6043.0
2018-06-24 08:00:00,90.0,2911.0
2018-06-24 09:00:00,78.0,3022.0
2018-06-24 10:00:00,73.0,224.0
2018-06-24 11:00:00,76.0,3359.0
2018-06-24 12:00:00,53.0,0.0
2018-06-24 13:00:00,69.0,0.0
2018-06-24 14:00:00,53.0,0.0
2018-06-24 15:00:00,69.0,112.0
2018-06-24 16:00:00,53.0,0.0
2018-06-24 17:00:00,69.0,112.0
2018-06-24 18:00:00,54.0,0.0
2018-06-24 19:00:00,68.0,0.0
2018-06-24 20:00:00,54.0,112.0
2018-06-24 21:00:00,68.0,0.0
2018-06-24 22:00:00,50.0,0.0
2018-06-24 23:00:00,69.0,112.0
2018-06-25 00:00:00,50.0,0.0
2018-06-25 01:00:00,71.0,0.0
2018-06-25 02:00:00,49.0,112.0
2018-06-25 03:00:00,70.0,0.0
2018-06-25 04:00:00,50.0,0.0
2018-06-25 05:00:00,72.0,112.0
2018-06-25 06:00:00,74.0,112.0
2018-06-25 07:00:00,83.0,4366.0
2018-06-25 08:00:00,67.0,0.0
2018-06-25 09:00:00,53.0,0.0
2018-06-25 10:00:00,68.0,0.0
2018-06-25 11:00:00,59.0,3022.0
2018-06-25 12:00:00,69.0,0.0
2018-06-25 13:00:00,54.0,0.0
2018-06-25 14:00:00,66.0,0.0
2018-06-25 15:00:00,58.0,223.0
2018-06-25 16:00:00,65.0,0.0
2018-06-25 17:00:00,60.0,0.0
2018-06-25 18:00:00,63.0,112.0
2018-06-25 19:00:00,59.0,0.0
2018-06-25 20:00:00,62.0,0.0
2018-06-25 21:00:00,57.0,0.0
2018-06-25 22:00:00,62.0,0.0
2018-06-25 23:00:00,56.0,0.0
2018-06-26 00:00:00,64.0,223.0
2018-06-26 01:00:00,54.0,0.0
2018-06-26 02:00:00,65.0,112.0
2018-06-26 03:00:00,70.0,0.0
2018-06-26 04:00:00,67.0,0.0
2018-06-26 05:00:00,69.0,112.0
2018-06-26 06:00:00,53.0,0.0
2018-06-26 07:00:00,84.0,4923.0
2018-06-26 08:00:00,58.0,1008.0
2018-06-26 09:00:00,70.0,0.0
2018-06-26 10:00:00,55.0,0.0
2018-06-26 11:00:00,67.0,0.0
2018-06-26 12:00:00,58.0,112.0
2018-06-26 13:00:00,65.0,0.0
2018-06-26 14:00:00,59.0,0.0
2018-06-26 15:00:00,64.0,112.0
2018-06-26 16:00:00,61.0,0.0
2018-06-26 17:00:00,61.0,112.0
2018-06-26 18:00:00,60.0,0.0
2018-06-26 19:00:00,63.0,0.0
2018-06-26 20:00:00,66.0,3806.0
2018-06-26 21:00:00,65.0,0.0
2018-06-26 22:00:00,58.0,0.0
2018-06-26 23:00:00,62.0,112.0
2018-06-27 00:00:00,77.0,0.0
2018-06-27 01:00:00,64.0,112.0
2018-06-27 02:00:00,70.0,0.0
2018-06-27 03:00:00,48.0,0.0
2018-06-27 04:00:00,70.0,112.0
2018-06-27 05:00:00,53.0,0.0
2018-06-27 06:00:00,71.0,0.0
2018-06-27 07:00:00,65.0,4924.0
2018-06-27 08:00:00,77.0,1568.0
2018-06-27 09:00:00,50.0,0.0
2018-06-27 10:00:00,76.0,3248.0
2018-06-27 11:00:00,54.0,0.0
2018-06-27 12:00:00,68.0,112.0
2018-06-27 13:00:00,56.0,0.0
2018-06-27 14:00:00,66.0,112.0
2018-06-27 15:00:00,59.0,0.0
2018-06-27 16:00:00,65.0,0.0
2018-06-27 17:00:00,60.0,112.0
2018-06-27 18:00:00,63.0,0.0
2018-06-27 19:00:00,61.0,0.0
2018-06-27 20:00:00,61.0,112.0
2018-06-27 21:00:00,78.0,0.0
2018-06-27 22:00:00,64.0,0.0
2018-06-27 23:00:00,70.0,112.0
2018-06-28 00:00:00,50.0,0.0
2018-06-28 01:00:00,67.0,112.0
2018-06-28 02:00:00,51.0,0.0
2018-06-28 03:00:00,66.0,0.0
2018-06-28 04:00:00,50.0,112.0
2018-06-28 05:00:00,65.0,0.0
2018-06-28 06:00:00,56.0,0.0
2018-06-28 07:00:00,69.0,112.0
2018-06-28 08:00:00,66.0,0.0
2018-06-28 09:00:00,56.0,0.0
2018-06-28 10:00:00,70.0,112.0
2018-06-28 11:00:00,53.0,0.0
2018-06-28 12:00:00,72.0,0.0
2018-06-28 13:00:00,512.0,8174.0
2018-06-28 14:00:00,640.0,4701.0
2018-06-28 15:00:00,504.0,672.0
2018-06-28 16:00:00,419.0,224.0
2018-06-28 17:00:00,403.0,0.0
2018-06-28 18:00:00,378.0,112.0
2018-06-28 19:00:00,302.0,560.0
2018-06-28 20:00:00,234.0,1454.0
2018-06-28 21:00:00,224.0,112.0
2018-06-28 22:00:00,252.0,4703.0
2018-06-28 23:00:00,184.0,560.0
2018-06-29 00:00:00,46.0,0.0
2018-06-29 01:00:00,46.0,112.0
2018-06-29 02:00:00,43.0,0.0
2018-06-29 03:00:00,43.0,0.0
2018-06-29 04:00:00,44.0,0.0
2018-06-29 05:00:00,105.0,5933.0
2018-06-29 06:00:00,103.0,5261.0
2018-06-29 07:00:00,163.0,3245.0
2018-06-29 08:00:00,1889.0,3020.0
2018-06-29 09:00:00,147.0,4811.0
2018-06-29 10:00:00,162.0,5150.0
2018-06-29 11:00:00,429.0,784.0
2018-06-29 12:00:00,349.0,112.0
2018-06-29 13:00:00,400.0,112.0
2018-06-29 14:00:00,229.0,447.0
2018-06-29 15:00:00,129.0,112.0
2018-06-29 16:00:00,126.0,0.0
2018-06-29 17:00:00,127.0,112.0
2018-06-29 18:00:00,288.0,4926.0
2018-06-29 19:00:00,322.0,5261.0
2018-06-29 20:00:00,246.0,5708.0
2018-06-29 21:00:00,193.0,671.0
2018-06-29 22:00:00,200.0,560.0
2018-06-29 23:00:00,128.0,0.0
2018-06-30 00:00:00,103.0,0.0
2018-06-30 01:00:00,81.0,0.0
2018-06-30 02:00:00,73.0,112.0
2018-06-30 03:00:00,64.0,0.0
2018-06-30 04:00:00,63.0,0.0
2018-06-30 09:00:00,41.0,0.0
2018-06-30 10:00:00,45.0,224.0
2018-06-30 11:00:00,40.0,0.0
2018-06-30 12:00:00,41.0,0.0
2018-06-30 13:00:00,49.0,335.0
2018-06-30 14:00:00,44.0,224.0
2018-06-30 15:00:00,40.0,0.0
2018-06-30 16:00:00,386.0,224.0
2018-06-30 17:00:00,361.0,0.0
2018-06-30 18:00:00,134.0,224.0
2018-06-30 19:00:00,81.0,0.0
2018-06-30 20:00:00,100.0,224.0
2018-06-30 21:00:00,110.0,112.0
2018-06-30 22:00:00,99.0,336.0
2018-06-30 23:00:00,71.0,0.0
