timestamp,home308_bathroom2837_sensor19960_room_humidity,home308_bedroom2834_sensor19952_room_temperature,home308_kitchen2831_sensor19936_room_humidity,home308_bathroom2830_sensor19931_room_humidity,home308_bathroom2830_sensor19930_room_light,home308_kitchen2831_sensor19972_tempprobe_hot-water-cold-pipe,home308_livingroom2828_sensor19915_room_temperature,home308_bathroom2837_sensor19980_room_light,home308_bedroom2836_sensor19956_room_temperature,home308_livingroom2828_sensor19913_room_light,home308_study2832_sensor19940_room_light,home308_study2832_sensor19942_room_temperature,home308_hall2833_sensor19945_room_light,home308_bathroom2837_sensor19961_room_temperature,home308_livingroom2828_sensor19914_room_humidity,home308_bedroom2836_sensor19959_room_light,home308_bedroom2834_sensor19950_room_light,home308_bathroom2830_sensor19932_room_temperature,home308_kitchen2831_sensor19968_tempprobe_central-heating-flow,home308_kitchen2831_sensor19973_tempprobe_hot-water-hot-pipe,home308_outside2829_sensor19926_gas-pulse_gas,home308_kitchen2831_sensor19935_room_light,home308_livingroom2828_sensor19920c19924_electric-mains_electric-combined,home308_bedroom2836_sensor19955_room_humidity,home308_study2832_sensor19941_room_humidity,home308_hall2833_sensor19947_room_temperature,home308_bedroom2834_sensor19951_room_humidity,home308_kitchen2831_sensor19967_tempprobe_central-heating-return,home308_kitchen2831_sensor19937_room_temperature,home308_hall2833_sensor19946_room_humidity
2018-03-07 13:00:00,,,596.0,625.0,432.0,,163.0,,,58.0,,,,,554.0,,,169.0,,,5372.0,96.0,358.0,,,,,,169.0,
2018-03-07 14:00:00,575.0,195.0,555.0,533.0,356.0,130.0,193.0,,192.0,47.0,149.0,240.0,41.0,177.0,461.0,1.0,184.0,186.0,634.0,300.0,8216.0,78.0,315.0,507.0,355.0,194.0,467.0,574.0,176.0,469.0
2018-03-07 15:00:00,573.0,216.0,499.0,461.0,399.0,179.0,215.0,,203.0,111.0,358.0,213.0,45.0,173.0,407.0,0.0,357.0,201.0,463.0,242.0,,53.0,199.0,483.0,401.0,211.0,420.0,474.0,188.0,417.0
2018-03-07 16:00:00,560.0,211.0,470.0,458.0,194.0,185.0,210.0,,199.0,21.0,64.0,201.0,21.0,173.0,402.0,0.0,46.0,195.0,260.0,198.0,,39.0,228.0,474.0,413.0,202.0,419.0,308.0,179.0,424.0
2018-03-07 17:00:00,547.0,209.0,479.0,447.0,37.0,186.0,211.0,,197.0,1.0,10.0,199.0,0.0,174.0,393.0,0.0,7.0,193.0,583.0,194.0,15799.0,10.0,182.0,470.0,421.0,202.0,412.0,492.0,180.0,415.0
2018-03-07 18:00:00,505.0,224.0,442.0,425.0,1.0,191.0,226.0,1.0,211.0,7.0,0.0,211.0,31.0,187.0,384.0,7.0,1.0,207.0,600.0,353.0,7900.0,20.0,401.0,445.0,404.0,220.0,392.0,540.0,195.0,389.0
2018-03-07 19:00:00,462.0,234.0,420.0,419.0,0.0,216.0,251.0,0.0,221.0,9.0,0.0,220.0,33.0,206.0,363.0,8.0,1.0,214.0,664.0,256.0,9480.0,20.0,354.0,427.0,399.0,231.0,383.0,593.0,205.0,381.0
2018-03-07 20:00:00,456.0,241.0,411.0,462.0,30.0,132.0,266.0,0.0,230.0,4.0,0.0,223.0,34.0,215.0,349.0,4.0,0.0,220.0,635.0,344.0,10743.0,20.0,923.0,422.0,419.0,238.0,379.0,547.0,214.0,401.0
2018-03-07 21:00:00,485.0,243.0,402.0,440.0,22.0,200.0,272.0,0.0,237.0,2.0,0.0,229.0,34.0,210.0,350.0,0.0,0.0,227.0,614.0,280.0,6003.0,20.0,610.0,424.0,432.0,241.0,374.0,569.0,227.0,410.0
2018-03-07 22:00:00,495.0,235.0,390.0,447.0,14.0,193.0,259.0,0.0,231.0,2.0,0.0,225.0,34.0,207.0,357.0,0.0,0.0,220.0,383.0,280.0,4107.0,20.0,457.0,428.0,428.0,233.0,388.0,375.0,217.0,410.0
2018-03-07 23:00:00,500.0,232.0,424.0,438.0,0.0,146.0,262.0,4.0,229.0,2.0,0.0,229.0,20.0,208.0,350.0,0.0,0.0,221.0,661.0,344.0,11375.0,17.0,396.0,436.0,420.0,234.0,386.0,577.0,214.0,406.0
2018-03-08 00:00:00,509.0,234.0,474.0,420.0,0.0,157.0,262.0,0.0,233.0,0.0,0.0,231.0,0.0,211.0,341.0,0.0,0.0,223.0,401.0,319.0,,1.0,120.0,439.0,408.0,236.0,383.0,440.0,207.0,392.0
2018-03-08 01:00:00,517.0,220.0,536.0,427.0,0.0,192.0,240.0,0.0,223.0,0.0,0.0,222.0,0.0,205.0,359.0,0.0,0.0,212.0,253.0,224.0,,1.0,131.0,450.0,407.0,223.0,396.0,303.0,193.0,399.0
2018-03-08 02:00:00,532.0,207.0,556.0,432.0,0.0,184.0,223.0,0.0,214.0,0.0,0.0,213.0,0.0,200.0,376.0,0.0,0.0,202.0,194.0,190.0,,1.0,120.0,460.0,410.0,212.0,406.0,242.0,182.0,405.0
2018-03-08 03:00:00,539.0,197.0,566.0,436.0,0.0,173.0,211.0,0.0,206.0,0.0,0.0,206.0,0.0,196.0,388.0,0.0,0.0,194.0,171.0,172.0,,1.0,130.0,464.0,413.0,205.0,412.0,209.0,175.0,409.0
2018-03-08 04:00:00,544.0,188.0,570.0,438.0,0.0,164.0,202.0,0.0,200.0,0.0,0.0,199.0,0.0,191.0,397.0,0.0,0.0,189.0,159.0,161.0,,1.0,116.0,469.0,416.0,198.0,416.0,189.0,168.0,412.0
2018-03-08 05:00:00,547.0,181.0,570.0,440.0,0.0,157.0,195.0,0.0,193.0,0.0,0.0,193.0,0.0,186.0,403.0,0.0,0.0,184.0,152.0,155.0,,1.0,116.0,476.0,419.0,193.0,420.0,175.0,163.0,414.0
2018-03-08 06:00:00,546.0,175.0,570.0,441.0,4.0,152.0,189.0,0.0,188.0,0.0,0.0,188.0,0.0,181.0,408.0,0.0,0.0,180.0,229.0,151.0,5055.0,1.0,144.0,481.0,422.0,188.0,423.0,194.0,159.0,416.0
2018-03-08 07:00:00,556.0,185.0,535.0,529.0,83.0,153.0,216.0,0.0,196.0,0.0,19.0,201.0,5.0,177.0,384.0,1.0,9.0,194.0,645.0,232.0,11375.0,12.0,284.0,511.0,424.0,201.0,412.0,564.0,175.0,434.0
2018-03-08 08:00:00,607.0,195.0,501.0,871.0,166.0,98.0,225.0,3.0,205.0,4.0,40.0,208.0,29.0,179.0,374.0,6.0,24.0,214.0,371.0,369.0,4424.0,35.0,313.0,516.0,430.0,208.0,437.0,372.0,182.0,494.0
2018-03-08 09:00:00,592.0,187.0,523.0,629.0,218.0,158.0,208.0,0.0,198.0,8.0,61.0,200.0,2.0,179.0,407.0,0.0,39.0,196.0,239.0,224.0,,61.0,137.0,501.0,425.0,198.0,452.0,267.0,172.0,482.0
2018-03-08 10:00:00,568.0,180.0,528.0,566.0,246.0,162.0,197.0,0.0,190.0,15.0,80.0,192.0,2.0,176.0,427.0,0.0,92.0,186.0,181.0,176.0,,65.0,147.0,494.0,434.0,191.0,444.0,216.0,165.0,454.0
2018-03-08 11:00:00,555.0,177.0,531.0,519.0,269.0,156.0,189.0,0.0,184.0,23.0,86.0,186.0,2.0,174.0,437.0,0.0,136.0,180.0,159.0,158.0,,64.0,144.0,491.0,438.0,186.0,448.0,190.0,160.0,453.0
2018-03-08 12:00:00,544.0,177.0,529.0,497.0,414.0,150.0,184.0,0.0,180.0,40.0,140.0,182.0,3.0,170.0,440.0,0.0,250.0,177.0,143.0,147.0,,86.0,138.0,491.0,440.0,182.0,446.0,171.0,156.0,451.0
2018-03-08 13:00:00,538.0,184.0,518.0,477.0,425.0,146.0,185.0,0.0,178.0,78.0,197.0,180.0,4.0,168.0,435.0,0.0,596.0,176.0,151.0,145.0,,89.0,231.0,491.0,436.0,180.0,439.0,163.0,154.0,447.0
2018-03-08 14:00:00,538.0,189.0,506.0,460.0,322.0,143.0,184.0,0.0,177.0,28.0,131.0,177.0,2.0,168.0,414.0,0.0,175.0,173.0,148.0,142.0,,63.0,109.0,485.0,431.0,178.0,427.0,156.0,152.0,431.0
2018-03-08 15:00:00,533.0,187.0,512.0,465.0,183.0,140.0,179.0,0.0,175.0,10.0,61.0,174.0,0.0,167.0,423.0,0.0,56.0,170.0,152.0,139.0,,37.0,123.0,481.0,436.0,176.0,418.0,151.0,150.0,436.0
2018-03-08 16:00:00,526.0,182.0,514.0,467.0,96.0,138.0,174.0,0.0,172.0,3.0,26.0,170.0,0.0,166.0,432.0,0.0,17.0,166.0,149.0,138.0,,17.0,109.0,480.0,439.0,174.0,417.0,147.0,148.0,436.0
2018-03-08 17:00:00,522.0,184.0,509.0,461.0,73.0,156.0,182.0,0.0,175.0,4.0,32.0,176.0,0.0,165.0,428.0,0.0,19.0,172.0,573.0,159.0,9794.0,12.0,186.0,483.0,446.0,180.0,411.0,473.0,157.0,432.0
2018-03-08 18:00:00,534.0,204.0,467.0,435.0,27.0,191.0,208.0,0.0,195.0,5.0,0.0,194.0,22.0,167.0,390.0,0.0,0.0,191.0,551.0,196.0,,8.0,231.0,463.0,419.0,201.0,386.0,522.0,181.0,405.0
2018-03-08 19:00:00,530.0,205.0,459.0,427.0,39.0,167.0,216.0,0.0,199.0,4.0,0.0,198.0,34.0,169.0,381.0,0.0,0.0,197.0,614.0,253.0,13270.0,21.0,428.0,452.0,416.0,206.0,377.0,525.0,181.0,398.0
2018-03-08 20:00:00,533.0,217.0,425.0,410.0,39.0,213.0,233.0,0.0,212.0,2.0,0.0,208.0,34.0,173.0,358.0,0.0,0.0,209.0,669.0,232.0,15797.0,21.0,398.0,435.0,403.0,221.0,361.0,593.0,199.0,378.0
2018-03-08 21:00:00,533.0,223.0,411.0,401.0,39.0,227.0,243.0,0.0,222.0,2.0,0.0,216.0,35.0,177.0,347.0,0.0,0.0,215.0,600.0,235.0,3791.0,21.0,396.0,422.0,396.0,229.0,351.0,558.0,208.0,369.0
2018-03-08 22:00:00,517.0,213.0,419.0,418.0,12.0,216.0,235.0,0.0,215.0,2.0,0.0,213.0,7.0,179.0,356.0,0.0,0.0,208.0,336.0,290.0,,21.0,269.0,420.0,391.0,220.0,373.0,357.0,196.0,378.0
2018-03-08 23:00:00,499.0,199.0,438.0,434.0,1.0,200.0,225.0,0.0,203.0,2.0,0.0,204.0,0.0,176.0,377.0,0.0,0.0,196.0,487.0,225.0,,21.0,316.0,419.0,398.0,208.0,390.0,415.0,183.0,387.0
2018-03-09 00:00:00,530.0,207.0,410.0,407.0,0.0,157.0,239.0,1.0,209.0,0.0,0.0,213.0,4.0,177.0,345.0,0.0,0.0,205.0,509.0,327.0,,18.0,204.0,425.0,388.0,220.0,382.0,503.0,197.0,373.0
2018-03-09 01:00:00,536.0,193.0,,412.0,0.0,182.0,226.0,0.0,204.0,0.0,0.0,208.0,0.0,176.0,350.0,0.0,0.0,199.0,297.0,246.0,,,109.0,436.0,387.0,211.0,372.0,319.0,,380.0
2018-03-09 02:00:00,536.0,176.0,,418.0,0.0,174.0,211.0,0.0,195.0,0.0,0.0,199.0,0.0,172.0,365.0,0.0,0.0,189.0,223.0,216.0,,,128.0,446.0,395.0,200.0,374.0,247.0,,388.0
2018-03-09 03:00:00,538.0,163.0,,424.0,0.0,168.0,199.0,0.0,188.0,0.0,0.0,191.0,0.0,168.0,379.0,0.0,0.0,181.0,195.0,186.0,,,114.0,452.0,402.0,192.0,384.0,211.0,,392.0
2018-03-09 06:00:00,538.0,140.0,,434.0,0.0,150.0,178.0,0.0,171.0,0.0,0.0,174.0,0.0,157.0,402.0,0.0,0.0,168.0,162.0,152.0,,,117.0,473.0,416.0,178.0,396.0,166.0,,395.0
2018-03-09 08:00:00,565.0,165.0,427.0,478.0,201.0,176.0,203.0,3.0,185.0,7.0,52.0,188.0,1.0,153.0,363.0,0.0,24.0,184.0,312.0,222.0,,41.0,108.0,473.0,405.0,192.0,459.0,331.0,176.0,393.0
2018-03-09 09:00:00,525.0,171.0,427.0,448.0,222.0,177.0,208.0,0.0,185.0,9.0,63.0,192.0,2.0,160.0,360.0,0.0,39.0,187.0,465.0,254.0,,42.0,165.0,456.0,403.0,198.0,440.0,438.0,180.0,386.0
2018-03-09 10:00:00,516.0,187.0,405.0,742.0,256.0,129.0,226.0,1.0,196.0,14.0,76.0,204.0,12.0,173.0,350.0,4.0,80.0,210.0,614.0,342.0,,54.0,275.0,456.0,407.0,215.0,404.0,534.0,203.0,415.0
2018-03-09 11:00:00,534.0,200.0,423.0,666.0,298.0,176.0,238.0,0.0,205.0,30.0,96.0,213.0,28.0,186.0,363.0,1.0,183.0,211.0,569.0,362.0,63819.0,65.0,208.0,478.0,438.0,225.0,395.0,529.0,211.0,423.0
2018-03-09 12:00:00,517.0,200.0,443.0,499.0,325.0,202.0,230.0,0.0,202.0,56.0,112.0,213.0,3.0,183.0,375.0,0.0,332.0,202.0,326.0,262.0,,70.0,120.0,461.0,412.0,216.0,383.0,344.0,198.0,409.0
2018-03-09 13:00:00,511.0,200.0,463.0,463.0,376.0,190.0,218.0,0.0,192.0,90.0,190.0,204.0,4.0,177.0,385.0,0.0,607.0,193.0,237.0,203.0,,68.0,114.0,461.0,410.0,204.0,375.0,263.0,183.0,413.0
2018-03-09 14:00:00,508.0,204.0,474.0,454.0,560.0,177.0,213.0,0.0,186.0,107.0,364.0,199.0,4.0,173.0,385.0,0.0,626.0,188.0,199.0,182.0,,65.0,110.0,463.0,411.0,199.0,366.0,221.0,175.0,415.0
2018-03-09 15:00:00,508.0,208.0,481.0,448.0,584.0,168.0,211.0,0.0,183.0,126.0,503.0,199.0,6.0,171.0,380.0,17.0,464.0,185.0,186.0,171.0,,55.0,122.0,461.0,408.0,196.0,370.0,198.0,170.0,414.0
2018-03-09 16:00:00,496.0,208.0,488.0,444.0,623.0,162.0,209.0,0.0,184.0,110.0,456.0,199.0,6.0,171.0,378.0,23.0,241.0,184.0,173.0,163.0,,36.0,111.0,447.0,403.0,193.0,381.0,182.0,166.0,415.0
2018-03-09 17:00:00,494.0,209.0,472.0,439.0,119.0,175.0,214.0,0.0,188.0,9.0,58.0,203.0,0.0,171.0,373.0,3.0,24.0,189.0,579.0,178.0,,16.0,166.0,446.0,407.0,200.0,384.0,473.0,174.0,404.0
2018-03-09 18:00:00,499.0,228.0,356.0,403.0,22.0,210.0,237.0,0.0,210.0,0.0,0.0,215.0,16.0,177.0,318.0,0.0,0.0,207.0,667.0,216.0,,20.0,412.0,421.0,378.0,224.0,363.0,589.0,209.0,353.0
2018-03-09 19:00:00,491.0,240.0,325.0,359.0,38.0,223.0,248.0,0.0,225.0,1.0,0.0,221.0,32.0,184.0,293.0,0.0,1.0,218.0,671.0,230.0,33489.0,21.0,468.0,398.0,355.0,235.0,336.0,588.0,218.0,319.0
2018-03-09 20:00:00,494.0,247.0,326.0,371.0,5.0,196.0,256.0,0.0,234.0,2.0,0.0,226.0,33.0,190.0,306.0,0.0,1.0,224.0,665.0,378.0,9163.0,21.0,431.0,393.0,358.0,243.0,335.0,578.0,225.0,328.0
2018-03-09 21:00:00,492.0,251.0,340.0,373.0,0.0,190.0,260.0,0.0,239.0,2.0,0.0,232.0,34.0,195.0,308.0,0.0,0.0,227.0,573.0,299.0,,21.0,376.0,389.0,362.0,248.0,336.0,528.0,226.0,331.0
2018-03-09 22:00:00,482.0,239.0,364.0,377.0,0.0,188.0,248.0,0.0,229.0,2.0,0.0,228.0,34.0,196.0,324.0,0.0,0.0,217.0,322.0,256.0,,21.0,327.0,392.0,356.0,235.0,348.0,349.0,217.0,345.0
2018-03-09 23:00:00,481.0,223.0,401.0,400.0,0.0,154.0,232.0,2.0,217.0,1.0,0.0,216.0,9.0,194.0,336.0,0.0,0.0,204.0,240.0,325.0,,11.0,287.0,404.0,362.0,220.0,363.0,273.0,189.0,360.0
2018-03-10 00:00:00,499.0,210.0,417.0,406.0,0.0,133.0,218.0,0.0,208.0,0.0,0.0,208.0,0.0,191.0,342.0,0.0,0.0,195.0,208.0,303.0,,1.0,111.0,417.0,371.0,210.0,371.0,228.0,180.0,362.0
2018-03-10 01:00:00,517.0,201.0,437.0,413.0,0.0,163.0,207.0,0.0,202.0,0.0,0.0,201.0,0.0,186.0,359.0,0.0,0.0,189.0,171.0,198.0,,1.0,122.0,436.0,381.0,202.0,377.0,200.0,173.0,372.0
2018-03-10 02:00:00,525.0,193.0,448.0,422.0,0.0,163.0,199.0,0.0,196.0,0.0,0.0,196.0,0.0,184.0,371.0,0.0,0.0,184.0,160.0,167.0,,1.0,122.0,451.0,388.0,197.0,384.0,185.0,168.0,379.0
2018-03-10 03:00:00,529.0,186.0,456.0,427.0,0.0,158.0,192.0,0.0,191.0,0.0,0.0,191.0,0.0,180.0,380.0,0.0,0.0,179.0,149.0,155.0,,1.0,117.0,468.0,394.0,191.0,389.0,174.0,164.0,385.0
2018-03-10 04:00:00,533.0,180.0,462.0,431.0,0.0,153.0,187.0,0.0,186.0,0.0,0.0,186.0,0.0,177.0,387.0,0.0,0.0,175.0,148.0,149.0,,1.0,120.0,480.0,399.0,187.0,393.0,167.0,160.0,390.0
2018-03-10 05:00:00,535.0,175.0,467.0,437.0,0.0,150.0,183.0,0.0,181.0,0.0,0.0,182.0,0.0,173.0,393.0,0.0,0.0,172.0,140.0,145.0,,1.0,107.0,489.0,404.0,182.0,398.0,161.0,157.0,395.0
2018-03-10 06:00:00,538.0,171.0,471.0,442.0,1.0,146.0,179.0,0.0,176.0,0.0,0.0,178.0,0.0,170.0,400.0,0.0,0.0,169.0,237.0,144.0,,1.0,132.0,501.0,408.0,179.0,402.0,204.0,154.0,400.0
2018-03-10 07:00:00,550.0,185.0,432.0,430.0,19.0,181.0,199.0,0.0,187.0,0.0,3.0,193.0,0.0,168.0,384.0,0.0,1.0,186.0,603.0,185.0,,3.0,170.0,508.0,408.0,198.0,395.0,579.0,182.0,393.0
2018-03-10 08:00:00,553.0,197.0,415.0,425.0,56.0,196.0,214.0,0.0,197.0,2.0,13.0,202.0,0.0,168.0,372.0,0.0,8.0,197.0,330.0,200.0,,9.0,158.0,474.0,396.0,207.0,389.0,404.0,191.0,391.0
2018-03-10 09:00:00,555.0,188.0,474.0,427.0,98.0,148.0,207.0,1.0,189.0,2.0,26.0,196.0,0.0,168.0,382.0,0.0,18.0,189.0,355.0,270.0,,17.0,356.0,473.0,403.0,197.0,400.0,366.0,177.0,411.0
2018-03-10 10:00:00,556.0,200.0,433.0,422.0,96.0,173.0,221.0,0.0,197.0,2.0,23.0,209.0,0.0,169.0,375.0,0.0,15.0,202.0,496.0,384.0,35385.0,16.0,157.0,461.0,400.0,212.0,396.0,528.0,199.0,396.0
2018-03-10 11:00:00,526.0,197.0,432.0,418.0,95.0,191.0,217.0,0.0,194.0,3.0,24.0,206.0,0.0,168.0,367.0,0.0,17.0,198.0,252.0,227.0,,19.0,119.0,439.0,389.0,205.0,396.0,336.0,188.0,394.0
2018-03-10 12:00:00,506.0,187.0,450.0,422.0,169.0,176.0,203.0,0.0,183.0,6.0,46.0,197.0,0.0,165.0,378.0,0.0,33.0,188.0,180.0,170.0,,32.0,115.0,442.0,395.0,192.0,402.0,254.0,175.0,405.0
2018-03-10 13:00:00,529.0,182.0,508.0,848.0,119.0,129.0,197.0,0.0,178.0,7.0,29.0,191.0,30.0,163.0,431.0,5.0,22.0,199.0,374.0,284.0,13272.0,26.0,1366.0,484.0,432.0,188.0,441.0,325.0,177.0,489.0
2018-03-10 14:00:00,552.0,192.0,486.0,733.0,89.0,173.0,215.0,0.0,184.0,3.0,24.0,204.0,35.0,163.0,419.0,0.0,17.0,198.0,321.0,237.0,,38.0,189.0,486.0,442.0,201.0,456.0,395.0,190.0,484.0
2018-03-10 15:00:00,533.0,186.0,498.0,588.0,76.0,175.0,204.0,0.0,177.0,2.0,20.0,200.0,35.0,162.0,417.0,0.0,13.0,189.0,201.0,180.0,,35.0,168.0,481.0,429.0,193.0,441.0,277.0,178.0,460.0
2018-03-10 16:00:00,519.0,180.0,508.0,530.0,31.0,163.0,194.0,0.0,169.0,0.0,6.0,192.0,34.0,161.0,425.0,0.0,4.0,181.0,160.0,155.0,,26.0,197.0,484.0,433.0,186.0,444.0,221.0,167.0,454.0
2018-03-10 17:00:00,510.0,174.0,510.0,506.0,6.0,153.0,186.0,0.0,162.0,0.0,0.0,185.0,34.0,159.0,430.0,0.0,0.0,175.0,152.0,145.0,,21.0,165.0,486.0,435.0,180.0,446.0,191.0,161.0,450.0
2018-03-10 18:00:00,506.0,170.0,512.0,496.0,1.0,146.0,180.0,0.0,157.0,0.0,0.0,179.0,34.0,156.0,433.0,0.0,0.0,171.0,143.0,138.0,,21.0,384.0,489.0,438.0,176.0,449.0,170.0,156.0,448.0
2018-03-10 19:00:00,520.0,174.0,507.0,495.0,13.0,147.0,198.0,0.0,161.0,5.0,0.0,185.0,37.0,155.0,440.0,0.0,0.0,178.0,511.0,275.0,15484.0,9.0,2158.0,513.0,447.0,186.0,442.0,451.0,178.0,457.0
2018-03-10 20:00:00,554.0,200.0,442.0,461.0,1.0,203.0,244.0,0.0,187.0,2.0,0.0,202.0,4.0,158.0,375.0,0.0,0.0,197.0,590.0,238.0,11060.0,21.0,1276.0,490.0,425.0,212.0,412.0,584.0,211.0,414.0
2018-03-10 21:00:00,558.0,216.0,412.0,447.0,3.0,223.0,265.0,0.0,206.0,2.0,0.0,212.0,3.0,166.0,348.0,0.0,0.0,207.0,563.0,234.0,5688.0,21.0,317.0,459.0,421.0,225.0,395.0,565.0,226.0,403.0
2018-03-10 22:00:00,555.0,212.0,425.0,455.0,1.0,211.0,248.0,0.0,205.0,3.0,0.0,214.0,27.0,172.0,356.0,0.0,0.0,203.0,283.0,215.0,,21.0,303.0,463.0,414.0,217.0,404.0,353.0,208.0,420.0
2018-03-10 23:00:00,551.0,199.0,454.0,462.0,1.0,182.0,226.0,4.0,197.0,3.0,0.0,205.0,40.0,173.0,378.0,0.0,0.0,193.0,207.0,205.0,948.0,21.0,336.0,469.0,417.0,205.0,418.0,267.0,187.0,429.0
2018-03-11 00:00:00,563.0,190.0,475.0,468.0,30.0,110.0,211.0,2.0,190.0,0.0,0.0,198.0,11.0,175.0,392.0,0.0,0.0,187.0,199.0,316.0,,2.0,224.0,476.0,418.0,196.0,429.0,232.0,174.0,430.0
2018-03-11 01:00:00,557.0,183.0,493.0,457.0,39.0,148.0,200.0,0.0,184.0,0.0,0.0,192.0,0.0,172.0,402.0,0.0,0.0,183.0,164.0,192.0,,1.0,163.0,482.0,422.0,189.0,434.0,197.0,167.0,432.0
2018-03-11 02:00:00,566.0,177.0,502.0,452.0,40.0,153.0,192.0,0.0,181.0,0.0,0.0,187.0,0.0,169.0,410.0,0.0,0.0,180.0,156.0,160.0,,1.0,178.0,504.0,424.0,184.0,435.0,178.0,161.0,434.0
2018-03-11 03:00:00,574.0,173.0,507.0,451.0,40.0,150.0,187.0,0.0,178.0,0.0,0.0,183.0,0.0,168.0,416.0,0.0,0.0,178.0,144.0,149.0,,1.0,182.0,503.0,427.0,180.0,436.0,167.0,157.0,435.0
2018-03-11 05:00:00,576.0,164.0,514.0,453.0,39.0,140.0,176.0,0.0,171.0,0.0,0.0,174.0,0.0,163.0,428.0,0.0,0.0,172.0,151.0,138.0,,1.0,139.0,537.0,433.0,172.0,442.0,150.0,149.0,440.0
2018-03-11 06:00:00,575.0,163.0,514.0,453.0,40.0,140.0,174.0,0.0,170.0,0.0,0.0,173.0,0.0,162.0,428.0,0.0,0.0,170.0,140.0,137.0,,1.0,152.0,537.0,434.0,171.0,442.0,150.0,148.0,440.0
2018-03-11 08:00:00,595.0,189.0,,441.0,190.0,188.0,219.0,0.0,194.0,1.0,52.0,198.0,0.0,164.0,373.0,0.0,41.0,192.0,276.0,192.0,,29.0,112.0,505.0,412.0,199.0,423.0,334.0,,420.0
2018-03-11 09:00:00,589.0,187.0,457.0,442.0,209.0,185.0,214.0,0.0,192.0,2.0,55.0,196.0,1.0,165.0,379.0,0.0,42.0,190.0,250.0,187.0,,35.0,190.0,503.0,412.0,196.0,423.0,303.0,181.0,424.0
2018-03-11 11:00:00,655.0,215.0,451.0,733.0,367.0,166.0,237.0,0.0,210.0,20.0,112.0,216.0,7.0,177.0,384.0,12.0,98.0,213.0,347.0,284.0,,73.0,135.0,521.0,462.0,220.0,435.0,399.0,208.0,450.0
2018-03-11 14:00:00,576.0,210.0,510.0,491.0,485.0,170.0,207.0,0.0,199.0,52.0,208.0,200.0,8.0,180.0,420.0,11.0,240.0,192.0,181.0,167.0,,67.0,119.0,498.0,442.0,197.0,435.0,211.0,175.0,451.0
2018-03-11 16:00:00,548.0,212.0,514.0,473.0,51.0,155.0,199.0,0.0,193.0,3.0,15.0,195.0,4.0,183.0,413.0,0.0,8.0,184.0,151.0,150.0,,10.0,116.0,484.0,433.0,190.0,431.0,170.0,166.0,443.0
2018-03-11 17:00:00,544.0,211.0,511.0,477.0,30.0,157.0,199.0,0.0,191.0,1.0,7.0,193.0,4.0,183.0,417.0,0.0,4.0,183.0,507.0,155.0,5688.0,7.0,155.0,484.0,438.0,190.0,429.0,387.0,168.0,444.0
2018-03-11 19:00:00,563.0,229.0,531.0,493.0,1.0,152.0,235.0,0.0,199.0,3.0,0.0,216.0,39.0,184.0,414.0,0.0,0.0,207.0,589.0,270.0,6004.0,25.0,815.0,523.0,450.0,221.0,413.0,539.0,212.0,458.0
2018-03-11 20:00:00,564.0,235.0,488.0,483.0,1.0,,244.0,0.0,202.0,3.0,0.0,224.0,39.0,184.0,403.0,0.0,0.0,212.0,589.0,,2528.0,25.0,677.0,517.0,441.0,229.0,407.0,595.0,223.0,441.0
2018-03-11 21:00:00,565.0,248.0,415.0,449.0,0.0,232.0,269.0,0.0,212.0,3.0,0.0,228.0,40.0,187.0,353.0,0.0,0.0,222.0,389.0,241.0,,25.0,306.0,489.0,427.0,240.0,393.0,453.0,232.0,409.0
2018-03-11 22:00:00,555.0,236.0,452.0,463.0,33.0,206.0,248.0,0.0,210.0,3.0,0.0,221.0,40.0,188.0,375.0,0.0,0.0,213.0,254.0,202.0,,24.0,410.0,483.0,430.0,227.0,403.0,328.0,213.0,427.0
2018-03-11 23:00:00,541.0,223.0,507.0,478.0,9.0,138.0,230.0,0.0,205.0,3.0,0.0,214.0,40.0,188.0,403.0,0.0,0.0,205.0,213.0,291.0,,24.0,333.0,481.0,439.0,215.0,416.0,263.0,194.0,446.0
2018-03-12 00:00:00,561.0,213.0,527.0,487.0,0.0,116.0,216.0,4.0,201.0,0.0,0.0,207.0,4.0,189.0,426.0,1.0,0.0,197.0,205.0,296.0,316.0,3.0,171.0,498.0,446.0,207.0,427.0,232.0,184.0,456.0
2018-03-12 01:00:00,553.0,206.0,549.0,500.0,0.0,153.0,206.0,0.0,197.0,0.0,0.0,201.0,0.0,187.0,449.0,0.0,0.0,191.0,167.0,188.0,,1.0,123.0,506.0,454.0,199.0,435.0,201.0,177.0,473.0
2018-03-12 02:00:00,560.0,199.0,560.0,509.0,0.0,159.0,198.0,0.0,193.0,0.0,0.0,196.0,0.0,184.0,463.0,0.0,0.0,187.0,159.0,158.0,,1.0,121.0,518.0,461.0,193.0,440.0,183.0,172.0,483.0
2018-03-12 03:00:00,563.0,194.0,564.0,513.0,0.0,155.0,192.0,0.0,188.0,0.0,0.0,191.0,0.0,182.0,471.0,0.0,0.0,183.0,148.0,148.0,,1.0,129.0,528.0,466.0,188.0,443.0,172.0,168.0,489.0
2018-03-12 04:00:00,567.0,189.0,565.0,513.0,0.0,151.0,187.0,0.0,184.0,0.0,0.0,187.0,0.0,179.0,476.0,0.0,0.0,179.0,148.0,145.0,,1.0,115.0,534.0,469.0,184.0,447.0,165.0,164.0,490.0
2018-03-12 05:00:00,573.0,185.0,565.0,513.0,0.0,147.0,183.0,0.0,181.0,0.0,0.0,183.0,0.0,176.0,480.0,0.0,0.0,176.0,141.0,142.0,,1.0,115.0,543.0,472.0,181.0,448.0,159.0,161.0,491.0
2018-03-12 06:00:00,577.0,181.0,571.0,513.0,1.0,145.0,179.0,0.0,178.0,0.0,0.0,179.0,0.0,174.0,485.0,0.0,0.0,173.0,237.0,141.0,6952.0,1.0,146.0,550.0,477.0,178.0,451.0,202.0,158.0,491.0
2018-03-12 07:00:00,611.0,193.0,616.0,760.0,20.0,122.0,204.0,0.0,180.0,0.0,1.0,186.0,8.0,173.0,476.0,0.0,0.0,191.0,577.0,325.0,11060.0,8.0,242.0,584.0,539.0,195.0,450.0,559.0,172.0,528.0
2018-03-12 08:00:00,621.0,204.0,536.0,618.0,50.0,175.0,215.0,0.0,187.0,1.0,12.0,195.0,0.0,173.0,440.0,0.0,7.0,196.0,349.0,255.0,,32.0,150.0,565.0,515.0,203.0,440.0,406.0,184.0,491.0
2018-03-12 09:00:00,594.0,197.0,630.0,559.0,128.0,158.0,203.0,0.0,188.0,5.0,34.0,191.0,0.0,176.0,454.0,7.0,24.0,188.0,229.0,231.0,,51.0,1487.0,553.0,498.0,194.0,449.0,286.0,176.0,525.0
2018-03-12 10:00:00,589.0,192.0,642.0,560.0,167.0,135.0,198.0,0.0,185.0,7.0,45.0,188.0,1.0,177.0,489.0,8.0,31.0,185.0,391.0,289.0,9796.0,59.0,266.0,555.0,513.0,191.0,462.0,369.0,176.0,536.0
2018-03-12 11:00:00,583.0,212.0,530.0,681.0,217.0,146.0,221.0,3.0,193.0,9.0,59.0,200.0,1.0,182.0,450.0,10.0,40.0,206.0,554.0,305.0,12956.0,69.0,337.0,550.0,510.0,212.0,437.0,559.0,201.0,499.0
2018-03-12 12:00:00,624.0,224.0,506.0,751.0,291.0,139.0,235.0,0.0,213.0,14.0,85.0,209.0,2.0,186.0,437.0,12.0,60.0,215.0,446.0,340.0,3160.0,87.0,190.0,547.0,522.0,222.0,436.0,487.0,210.0,504.0
2018-03-12 13:00:00,600.0,219.0,513.0,595.0,289.0,184.0,226.0,0.0,210.0,14.0,84.0,207.0,2.0,188.0,436.0,11.0,59.0,206.0,251.0,236.0,,86.0,133.0,521.0,500.0,212.0,438.0,323.0,198.0,486.0
2018-03-12 14:00:00,580.0,211.0,534.0,536.0,206.0,152.0,212.0,0.0,203.0,9.0,59.0,200.0,1.0,187.0,444.0,7.0,42.0,196.0,207.0,232.0,948.0,68.0,1881.0,515.0,486.0,202.0,442.0,256.0,186.0,485.0
2018-03-12 15:00:00,572.0,208.0,539.0,522.0,135.0,163.0,211.0,0.0,200.0,6.0,38.0,198.0,0.0,186.0,455.0,4.0,28.0,194.0,448.0,215.0,11060.0,54.0,1300.0,518.0,489.0,201.0,445.0,406.0,188.0,484.0
2018-03-12 16:00:00,579.0,227.0,495.0,497.0,75.0,171.0,241.0,0.0,216.0,2.0,19.0,211.0,0.0,188.0,407.0,1.0,13.0,211.0,548.0,364.0,6952.0,38.0,803.0,506.0,478.0,225.0,425.0,558.0,215.0,463.0
2018-03-12 17:00:00,585.0,234.0,464.0,484.0,28.0,157.0,249.0,0.0,224.0,0.0,4.0,219.0,2.0,192.0,383.0,0.0,2.0,219.0,529.0,272.0,8216.0,26.0,1096.0,497.0,470.0,234.0,425.0,495.0,225.0,459.0
2018-03-12 18:00:00,584.0,238.0,511.0,501.0,2.0,188.0,252.0,0.0,228.0,2.0,0.0,223.0,3.0,196.0,407.0,0.0,0.0,222.0,412.0,223.0,4424.0,21.0,581.0,495.0,483.0,240.0,430.0,433.0,231.0,501.0
2018-03-12 19:00:00,577.0,228.0,473.0,487.0,2.0,138.0,240.0,0.0,222.0,3.0,0.0,220.0,6.0,196.0,405.0,0.0,0.0,214.0,252.0,301.0,,21.0,237.0,493.0,464.0,227.0,433.0,306.0,213.0,444.0
2018-03-12 20:00:00,563.0,217.0,500.0,481.0,1.0,172.0,225.0,0.0,212.0,3.0,0.0,212.0,3.0,195.0,416.0,0.0,0.0,205.0,195.0,216.0,,21.0,211.0,488.0,460.0,215.0,439.0,247.0,198.0,448.0
2018-03-12 21:00:00,553.0,208.0,511.0,483.0,1.0,175.0,214.0,0.0,205.0,3.0,0.0,206.0,4.0,192.0,428.0,0.0,0.0,198.0,175.0,181.0,,21.0,224.0,490.0,461.0,207.0,444.0,214.0,189.0,453.0
2018-03-12 22:00:00,546.0,202.0,516.0,492.0,2.0,163.0,210.0,0.0,199.0,3.0,0.0,201.0,4.0,189.0,439.0,0.0,0.0,194.0,378.0,193.0,9164.0,21.0,256.0,495.0,466.0,203.0,447.0,323.0,184.0,456.0
2018-03-12 23:00:00,555.0,218.0,450.0,476.0,1.0,199.0,241.0,0.0,211.0,2.0,0.0,212.0,36.0,187.0,400.0,0.0,0.0,211.0,667.0,226.0,10112.0,21.0,377.0,494.0,461.0,226.0,427.0,592.0,216.0,426.0
2018-03-13 00:00:00,594.0,228.0,412.0,439.0,0.0,151.0,249.0,3.0,224.0,0.0,0.0,219.0,3.0,191.0,363.0,1.0,0.0,219.0,446.0,339.0,1264.0,2.0,156.0,480.0,432.0,235.0,412.0,453.0,220.0,395.0
2018-03-13 01:00:00,582.0,217.0,449.0,443.0,0.0,188.0,232.0,0.0,217.0,0.0,0.0,214.0,0.0,191.0,382.0,0.0,0.0,210.0,277.0,234.0,,1.0,117.0,487.0,431.0,220.0,422.0,305.0,204.0,413.0
2018-03-13 02:00:00,587.0,206.0,474.0,451.0,0.0,183.0,218.0,0.0,210.0,0.0,0.0,207.0,0.0,190.0,400.0,0.0,0.0,201.0,211.0,193.0,,1.0,136.0,493.0,439.0,210.0,430.0,246.0,192.0,425.0
2018-03-13 03:00:00,598.0,198.0,488.0,457.0,0.0,176.0,207.0,0.0,205.0,0.0,0.0,201.0,0.0,188.0,415.0,0.0,0.0,195.0,186.0,175.0,,1.0,125.0,495.0,443.0,203.0,437.0,213.0,184.0,431.0
2018-03-13 04:00:00,599.0,191.0,497.0,461.0,0.0,168.0,200.0,0.0,200.0,0.0,0.0,196.0,0.0,185.0,425.0,0.0,0.0,190.0,167.0,167.0,,1.0,116.0,502.0,447.0,198.0,441.0,193.0,178.0,436.0
2018-03-13 05:00:00,600.0,186.0,502.0,465.0,0.0,162.0,194.0,0.0,196.0,0.0,0.0,191.0,0.0,183.0,432.0,0.0,0.0,186.0,158.0,162.0,316.0,1.0,124.0,504.0,450.0,194.0,444.0,180.0,173.0,439.0
2018-03-13 06:00:00,598.0,181.0,507.0,468.0,5.0,158.0,189.0,0.0,192.0,0.0,0.0,187.0,0.0,181.0,439.0,0.0,0.0,182.0,224.0,158.0,5372.0,1.0,132.0,513.0,453.0,191.0,447.0,197.0,170.0,441.0
2018-03-13 07:00:00,610.0,192.0,485.0,722.0,47.0,130.0,210.0,0.0,201.0,0.0,9.0,196.0,22.0,180.0,428.0,0.0,5.0,199.0,622.0,309.0,11692.0,7.0,271.0,540.0,484.0,205.0,441.0,550.0,191.0,478.0
2018-03-13 08:00:00,611.0,204.0,451.0,563.0,88.0,179.0,223.0,3.0,213.0,3.0,24.0,207.0,35.0,184.0,404.0,0.0,16.0,205.0,396.0,249.0,1264.0,39.0,211.0,512.0,460.0,216.0,432.0,408.0,200.0,442.0
2018-03-13 09:00:00,613.0,197.0,492.0,941.0,204.0,105.0,212.0,1.0,207.0,8.0,56.0,201.0,13.0,186.0,413.0,4.0,43.0,211.0,269.0,358.0,2528.0,60.0,263.0,515.0,455.0,207.0,445.0,289.0,188.0,477.0
2018-03-13 10:00:00,596.0,192.0,510.0,876.0,181.0,156.0,203.0,0.0,201.0,7.0,50.0,195.0,0.0,184.0,432.0,3.0,34.0,197.0,196.0,219.0,,53.0,140.0,506.0,458.0,199.0,461.0,231.0,180.0,469.0
2018-03-13 11:00:00,582.0,188.0,516.0,775.0,191.0,162.0,195.0,0.0,195.0,7.0,50.0,190.0,0.0,182.0,442.0,3.0,32.0,188.0,170.0,175.0,,54.0,150.0,502.0,460.0,193.0,460.0,200.0,174.0,458.0
2018-03-13 12:00:00,574.0,185.0,521.0,752.0,297.0,160.0,190.0,0.0,190.0,15.0,86.0,187.0,1.0,179.0,450.0,5.0,62.0,184.0,163.0,161.0,,70.0,141.0,501.0,464.0,189.0,461.0,184.0,170.0,459.0
2018-03-13 13:00:00,565.0,185.0,522.0,746.0,427.0,155.0,186.0,0.0,187.0,42.0,157.0,184.0,3.0,177.0,456.0,8.0,189.0,181.0,150.0,154.0,,81.0,143.0,504.0,465.0,186.0,461.0,172.0,168.0,461.0
2018-03-13 14:00:00,556.0,186.0,524.0,729.0,292.0,153.0,185.0,0.0,184.0,14.0,82.0,183.0,1.0,176.0,458.0,5.0,60.0,179.0,152.0,149.0,316.0,66.0,148.0,504.0,464.0,184.0,460.0,167.0,166.0,463.0
2018-03-13 15:00:00,551.0,186.0,526.0,701.0,312.0,150.0,182.0,0.0,182.0,25.0,121.0,180.0,1.0,176.0,463.0,5.0,87.0,176.0,146.0,146.0,,63.0,134.0,506.0,465.0,182.0,459.0,161.0,164.0,466.0
2018-03-13 16:00:00,547.0,184.0,526.0,681.0,94.0,148.0,180.0,0.0,180.0,2.0,22.0,178.0,0.0,175.0,468.0,0.0,12.0,173.0,146.0,144.0,,35.0,148.0,506.0,466.0,180.0,458.0,159.0,162.0,466.0
2018-03-13 17:00:00,544.0,189.0,508.0,648.0,29.0,162.0,190.0,0.0,183.0,0.0,6.0,184.0,0.0,175.0,455.0,0.0,3.0,178.0,563.0,166.0,13904.0,26.0,193.0,508.0,473.0,189.0,454.0,464.0,175.0,458.0
2018-03-13 18:00:00,547.0,213.0,437.0,531.0,5.0,177.0,224.0,0.0,204.0,8.0,0.0,204.0,3.0,178.0,398.0,0.0,0.0,197.0,577.0,337.0,8848.0,21.0,1255.0,480.0,444.0,213.0,426.0,537.0,206.0,431.0
2018-03-13 19:00:00,558.0,226.0,427.0,505.0,12.0,209.0,247.0,0.0,218.0,8.0,0.0,216.0,3.0,184.0,398.0,0.0,0.0,208.0,654.0,257.0,11060.0,21.0,372.0,473.0,451.0,228.0,414.0,586.0,227.0,430.0
2018-03-13 20:00:00,547.0,238.0,390.0,474.0,2.0,219.0,261.0,0.0,232.0,4.0,0.0,224.0,3.0,191.0,370.0,0.0,0.0,218.0,656.0,387.0,10112.0,21.0,346.0,443.0,430.0,239.0,399.0,571.0,239.0,397.0
2018-03-13 21:00:00,544.0,245.0,374.0,461.0,5.0,227.0,270.0,0.0,241.0,3.0,0.0,231.0,37.0,197.0,361.0,0.0,0.0,223.0,624.0,305.0,6636.0,21.0,361.0,433.0,427.0,248.0,394.0,554.0,246.0,389.0
2018-03-13 22:00:00,548.0,237.0,386.0,469.0,0.0,215.0,260.0,0.0,235.0,2.0,0.0,231.0,39.0,199.0,369.0,0.0,0.0,216.0,332.0,274.0,,21.0,309.0,436.0,413.0,240.0,402.0,366.0,228.0,398.0
2018-03-13 23:00:00,535.0,222.0,390.0,463.0,5.0,197.0,242.0,0.0,221.0,2.0,0.0,220.0,39.0,197.0,386.0,0.0,0.0,205.0,244.0,219.0,316.0,21.0,319.0,444.0,413.0,225.0,415.0,282.0,205.0,407.0
2018-03-14 00:00:00,531.0,210.0,395.0,477.0,0.0,108.0,227.0,2.0,211.0,1.0,0.0,212.0,2.0,195.0,373.0,0.0,0.0,197.0,220.0,278.0,316.0,9.0,1313.0,454.0,412.0,215.0,425.0,234.0,189.0,401.0
2018-03-14 01:00:00,541.0,201.0,430.0,482.0,0.0,150.0,214.0,0.0,204.0,0.0,0.0,205.0,0.0,190.0,386.0,0.0,0.0,189.0,176.0,187.0,,1.0,1086.0,462.0,416.0,206.0,427.0,208.0,180.0,406.0
2018-03-14 02:00:00,553.0,193.0,464.0,489.0,0.0,162.0,205.0,0.0,197.0,0.0,0.0,200.0,0.0,185.0,401.0,0.0,0.0,184.0,161.0,166.0,,1.0,135.0,475.0,424.0,200.0,433.0,189.0,174.0,417.0
2018-03-14 03:00:00,563.0,186.0,478.0,493.0,0.0,160.0,197.0,0.0,191.0,0.0,0.0,195.0,0.0,180.0,411.0,0.0,0.0,179.0,153.0,158.0,,1.0,117.0,486.0,427.0,194.0,438.0,178.0,169.0,423.0
2018-03-14 04:00:00,569.0,180.0,483.0,496.0,0.0,156.0,192.0,0.0,185.0,0.0,0.0,190.0,0.0,176.0,418.0,0.0,0.0,175.0,149.0,152.0,,1.0,118.0,494.0,431.0,189.0,442.0,170.0,165.0,426.0
2018-03-14 05:00:00,570.0,174.0,487.0,498.0,0.0,152.0,186.0,0.0,180.0,0.0,0.0,186.0,0.0,171.0,423.0,0.0,0.0,171.0,144.0,147.0,,1.0,117.0,493.0,435.0,185.0,444.0,164.0,161.0,430.0
2018-03-14 06:00:00,574.0,169.0,490.0,500.0,7.0,150.0,182.0,0.0,175.0,0.0,0.0,182.0,0.0,166.0,428.0,0.0,0.0,168.0,190.0,146.0,6636.0,2.0,129.0,505.0,438.0,180.0,447.0,180.0,158.0,434.0
2018-03-14 07:00:00,592.0,182.0,430.0,630.0,80.0,143.0,209.0,0.0,185.0,0.0,15.0,197.0,6.0,163.0,394.0,1.0,9.0,188.0,553.0,257.0,10744.0,11.0,290.0,529.0,440.0,200.0,436.0,516.0,190.0,433.0
2018-03-14 08:00:00,632.0,190.0,427.0,848.0,187.0,99.0,216.0,0.0,196.0,6.0,43.0,204.0,28.0,168.0,381.0,8.0,32.0,208.0,311.0,364.0,4740.0,41.0,612.0,528.0,437.0,205.0,456.0,329.0,193.0,490.0
2018-03-14 09:00:00,591.0,185.0,480.0,713.0,223.0,146.0,204.0,0.0,189.0,10.0,62.0,196.0,2.0,173.0,397.0,0.0,44.0,194.0,205.0,243.0,,77.0,135.0,526.0,432.0,195.0,479.0,253.0,176.0,511.0
2018-03-14 10:00:00,568.0,180.0,503.0,612.0,271.0,159.0,194.0,0.0,182.0,12.0,75.0,189.0,2.0,171.0,419.0,0.0,56.0,184.0,162.0,173.0,,85.0,145.0,518.0,442.0,187.0,468.0,209.0,167.0,468.0
2018-03-14 11:00:00,560.0,177.0,514.0,566.0,251.0,155.0,187.0,0.0,177.0,10.0,67.0,184.0,1.0,168.0,433.0,0.0,46.0,178.0,154.0,155.0,316.0,79.0,142.0,517.0,453.0,182.0,467.0,187.0,162.0,462.0
2018-03-14 12:00:00,552.0,174.0,517.0,525.0,268.0,150.0,182.0,0.0,174.0,10.0,71.0,180.0,2.0,166.0,441.0,0.0,47.0,175.0,143.0,145.0,,79.0,130.0,514.0,457.0,179.0,469.0,171.0,159.0,462.0
2018-03-14 13:00:00,547.0,172.0,516.0,509.0,230.0,146.0,178.0,0.0,170.0,9.0,59.0,177.0,1.0,164.0,445.0,0.0,41.0,172.0,145.0,142.0,,71.0,143.0,512.0,458.0,175.0,471.0,163.0,156.0,459.0
2018-03-14 14:00:00,542.0,170.0,515.0,500.0,210.0,144.0,175.0,0.0,167.0,13.0,67.0,174.0,1.0,162.0,448.0,0.0,62.0,169.0,138.0,138.0,,62.0,143.0,511.0,459.0,173.0,471.0,157.0,154.0,459.0
2018-03-14 15:00:00,539.0,169.0,516.0,497.0,169.0,140.0,172.0,0.0,164.0,7.0,44.0,171.0,0.0,160.0,455.0,0.0,35.0,167.0,142.0,137.0,,57.0,132.0,511.0,460.0,170.0,471.0,154.0,152.0,460.0
2018-03-14 16:00:00,536.0,167.0,517.0,497.0,91.0,140.0,170.0,0.0,162.0,3.0,24.0,168.0,0.0,158.0,460.0,0.0,13.0,165.0,138.0,135.0,,41.0,137.0,512.0,462.0,168.0,472.0,149.0,151.0,462.0
2018-03-14 17:00:00,533.0,174.0,485.0,489.0,35.0,158.0,185.0,0.0,166.0,1.0,8.0,177.0,0.0,161.0,437.0,0.0,4.0,173.0,533.0,161.0,15168.0,27.0,209.0,514.0,468.0,179.0,463.0,454.0,170.0,454.0
2018-03-14 18:00:00,513.0,199.0,425.0,458.0,2.0,174.0,216.0,0.0,186.0,1.0,0.0,199.0,5.0,178.0,389.0,0.0,0.0,195.0,488.0,219.0,4424.0,22.0,754.0,493.0,434.0,206.0,432.0,508.0,204.0,418.0
2018-03-14 19:00:00,525.0,199.0,500.0,476.0,2.0,135.0,217.0,0.0,187.0,9.0,0.0,198.0,38.0,177.0,409.0,1.0,1.0,193.0,481.0,291.0,10744.0,24.0,1576.0,506.0,444.0,205.0,452.0,414.0,199.0,464.0
2018-03-14 20:00:00,547.0,214.0,429.0,462.0,1.0,208.0,240.0,0.0,202.0,3.0,0.0,211.0,39.0,175.0,388.0,0.0,1.0,205.0,613.0,239.0,10744.0,24.0,605.0,485.0,435.0,221.0,435.0,590.0,225.0,419.0
2018-03-14 21:00:00,555.0,229.0,377.0,447.0,2.0,226.0,255.0,0.0,217.0,3.0,0.0,216.0,39.0,179.0,368.0,0.0,1.0,215.0,611.0,274.0,10112.0,24.0,465.0,460.0,435.0,233.0,416.0,585.0,239.0,404.0
2018-03-14 22:00:00,554.0,231.0,513.0,460.0,3.0,209.0,250.0,0.0,220.0,3.0,0.0,223.0,39.0,182.0,380.0,0.0,0.0,214.0,338.0,347.0,,24.0,331.0,455.0,426.0,232.0,417.0,405.0,224.0,420.0
2018-03-14 23:00:00,574.0,218.0,562.0,487.0,41.0,151.0,232.0,6.0,209.0,3.0,0.0,215.0,4.0,183.0,415.0,0.0,0.0,204.0,218.0,289.0,316.0,24.0,371.0,470.0,433.0,216.0,436.0,285.0,204.0,456.0
2018-03-15 00:00:00,572.0,205.0,514.0,478.0,2.0,132.0,215.0,1.0,199.0,0.0,0.0,205.0,0.0,180.0,412.0,0.0,0.0,195.0,198.0,298.0,,1.0,151.0,484.0,432.0,203.0,446.0,243.0,187.0,449.0
2018-03-15 01:00:00,569.0,196.0,534.0,492.0,0.0,160.0,204.0,0.0,191.0,0.0,0.0,199.0,0.0,176.0,434.0,0.0,0.0,188.0,167.0,187.0,,1.0,121.0,496.0,442.0,195.0,451.0,208.0,179.0,468.0
2018-03-15 02:00:00,582.0,190.0,538.0,499.0,0.0,160.0,197.0,0.0,187.0,0.0,0.0,194.0,0.0,173.0,446.0,0.0,0.0,184.0,159.0,163.0,316.0,1.0,130.0,509.0,447.0,190.0,456.0,191.0,174.0,475.0
2018-03-15 04:00:00,586.0,177.0,536.0,501.0,0.0,151.0,184.0,0.0,176.0,0.0,0.0,184.0,0.0,165.0,461.0,0.0,0.0,176.0,148.0,146.0,,1.0,114.0,530.0,456.0,179.0,467.0,166.0,164.0,483.0
2018-03-15 05:00:00,586.0,172.0,535.0,502.0,0.0,148.0,180.0,0.0,170.0,0.0,0.0,180.0,0.0,162.0,464.0,0.0,0.0,173.0,142.0,143.0,,1.0,119.0,543.0,458.0,175.0,470.0,162.0,160.0,484.0
2018-03-15 06:00:00,583.0,168.0,539.0,501.0,3.0,146.0,177.0,0.0,166.0,0.0,0.0,176.0,0.0,159.0,468.0,0.0,0.0,170.0,213.0,142.0,6636.0,1.0,146.0,544.0,462.0,171.0,473.0,198.0,158.0,485.0
2018-03-15 07:00:00,623.0,180.0,546.0,760.0,67.0,124.0,203.0,4.0,176.0,0.0,11.0,191.0,18.0,159.0,442.0,1.0,6.0,193.0,561.0,324.0,12324.0,7.0,281.0,565.0,484.0,193.0,476.0,555.0,173.0,504.0
2018-03-15 08:00:00,637.0,192.0,505.0,855.0,58.0,112.0,217.0,1.0,189.0,0.0,6.0,200.0,33.0,164.0,424.0,10.0,4.0,210.0,374.0,360.0,5056.0,22.0,364.0,550.0,489.0,204.0,480.0,431.0,189.0,531.0
2018-03-15 09:00:00,621.0,185.0,534.0,725.0,57.0,139.0,203.0,0.0,183.0,7.0,12.0,193.0,14.0,165.0,441.0,5.0,10.0,194.0,218.0,254.0,,32.0,215.0,549.0,480.0,192.0,510.0,290.0,177.0,531.0
2018-03-15 10:00:00,574.0,178.0,535.0,616.0,75.0,158.0,192.0,0.0,173.0,12.0,22.0,186.0,0.0,161.0,453.0,2.0,14.0,182.0,173.0,167.0,,38.0,148.0,524.0,474.0,181.0,491.0,235.0,167.0,503.0
2018-03-15 11:00:00,558.0,172.0,531.0,568.0,82.0,153.0,184.0,0.0,165.0,12.0,23.0,180.0,0.0,156.0,458.0,3.0,14.0,175.0,,148.0,316.0,39.0,151.0,520.0,474.0,174.0,489.0,,160.0,494.0
2018-03-15 12:00:00,550.0,167.0,531.0,539.0,65.0,147.0,177.0,0.0,158.0,11.0,17.0,176.0,0.0,151.0,461.0,1.0,9.0,170.0,,141.0,,35.0,138.0,520.0,476.0,168.0,488.0,,156.0,494.0
2018-03-15 13:00:00,548.0,162.0,529.0,526.0,127.0,142.0,172.0,0.0,152.0,13.0,30.0,172.0,0.0,147.0,462.0,4.0,14.0,166.0,,136.0,,45.0,157.0,522.0,476.0,164.0,488.0,,152.0,493.0
2018-03-15 14:00:00,548.0,159.0,528.0,519.0,175.0,137.0,168.0,0.0,148.0,16.0,47.0,168.0,0.0,143.0,462.0,7.0,26.0,164.0,,134.0,,55.0,134.0,524.0,476.0,160.0,489.0,,150.0,493.0
2018-03-15 15:00:00,548.0,155.0,536.0,521.0,98.0,128.0,165.0,0.0,144.0,13.0,29.0,165.0,0.0,140.0,474.0,4.0,18.0,161.0,151.0,185.0,,41.0,155.0,527.0,479.0,157.0,491.0,150.0,147.0,503.0
2018-03-15 16:00:00,546.0,152.0,538.0,521.0,45.0,133.0,162.0,0.0,140.0,10.0,11.0,162.0,0.0,137.0,479.0,0.0,6.0,158.0,,138.0,,29.0,138.0,529.0,480.0,154.0,492.0,,145.0,504.0
2018-03-15 17:00:00,547.0,157.0,514.0,509.0,12.0,151.0,178.0,0.0,142.0,8.0,1.0,169.0,0.0,137.0,457.0,0.0,0.0,165.0,609.0,157.0,14852.0,23.0,226.0,531.0,485.0,166.0,488.0,576.0,160.0,488.0
2018-03-15 18:00:00,538.0,183.0,442.0,473.0,2.0,189.0,221.0,0.0,163.0,8.0,0.0,193.0,7.0,152.0,389.0,0.0,0.0,189.0,610.0,200.0,11376.0,21.0,314.0,511.0,451.0,199.0,457.0,572.0,196.0,437.0
2018-03-15 19:00:00,541.0,195.0,419.0,457.0,1.0,199.0,234.0,0.0,175.0,1.0,0.0,204.0,37.0,154.0,364.0,0.0,0.0,197.0,414.0,209.0,1580.0,21.0,221.0,487.0,434.0,210.0,443.0,457.0,203.0,416.0
2018-03-15 20:00:00,536.0,185.0,456.0,469.0,1.0,183.0,214.0,0.0,166.0,0.0,0.0,198.0,38.0,149.0,384.0,0.0,0.0,186.0,215.0,180.0,,21.0,195.0,490.0,426.0,194.0,453.0,291.0,183.0,433.0
2018-03-15 21:00:00,528.0,175.0,483.0,476.0,1.0,166.0,197.0,0.0,156.0,0.0,0.0,188.0,39.0,146.0,407.0,0.0,0.0,177.0,177.0,158.0,632.0,21.0,209.0,495.0,436.0,182.0,461.0,223.0,168.0,448.0
2018-03-15 22:00:00,537.0,178.0,464.0,476.0,0.0,178.0,213.0,0.0,159.0,10.0,0.0,194.0,39.0,143.0,396.0,0.0,0.0,183.0,585.0,185.0,15168.0,21.0,397.0,501.0,444.0,193.0,459.0,525.0,182.0,437.0
2018-03-15 23:00:00,562.0,201.0,402.0,447.0,0.0,207.0,251.0,0.0,181.0,3.0,0.0,210.0,40.0,145.0,344.0,0.0,0.0,203.0,595.0,220.0,11376.0,21.0,309.0,474.0,420.0,221.0,434.0,583.0,212.0,400.0
2018-03-16 00:00:00,581.0,215.0,362.0,432.0,1.0,188.0,267.0,0.0,196.0,1.0,0.0,221.0,23.0,150.0,322.0,0.0,0.0,212.0,530.0,285.0,7268.0,13.0,354.0,454.0,412.0,234.0,420.0,549.0,224.0,383.0
2018-03-16 01:00:00,575.0,209.0,390.0,434.0,0.0,177.0,249.0,0.0,191.0,0.0,0.0,220.0,0.0,153.0,341.0,0.0,0.0,206.0,274.0,251.0,,1.0,116.0,459.0,400.0,221.0,427.0,359.0,207.0,397.0
2018-03-16 02:00:00,549.0,195.0,428.0,443.0,0.0,182.0,225.0,0.0,178.0,0.0,0.0,209.0,0.0,152.0,368.0,0.0,0.0,194.0,196.0,181.0,,1.0,118.0,469.0,408.0,202.0,439.0,268.0,184.0,418.0
2018-03-16 03:00:00,540.0,185.0,450.0,450.0,0.0,172.0,208.0,0.0,168.0,0.0,0.0,199.0,0.0,150.0,389.0,0.0,0.0,186.0,166.0,161.0,,1.0,129.0,481.0,416.0,190.0,448.0,222.0,172.0,431.0
2018-03-16 04:00:00,541.0,177.0,466.0,454.0,0.0,161.0,196.0,0.0,161.0,0.0,0.0,192.0,0.0,147.0,404.0,0.0,0.0,180.0,157.0,151.0,,1.0,107.0,494.0,424.0,181.0,454.0,195.0,163.0,442.0
2018-03-16 05:00:00,538.0,170.0,476.0,457.0,0.0,153.0,188.0,0.0,155.0,0.0,0.0,187.0,0.0,144.0,413.0,0.0,0.0,175.0,146.0,144.0,,1.0,119.0,500.0,429.0,175.0,459.0,175.0,157.0,448.0
2018-03-16 06:00:00,539.0,165.0,484.0,459.0,2.0,148.0,182.0,0.0,149.0,0.0,0.0,182.0,0.0,142.0,420.0,0.0,0.0,171.0,209.0,141.0,5688.0,1.0,138.0,507.0,433.0,170.0,463.0,192.0,153.0,454.0
2018-03-16 07:00:00,580.0,175.0,450.0,697.0,44.0,128.0,209.0,0.0,158.0,0.0,8.0,194.0,16.0,140.0,388.0,1.0,4.0,189.0,554.0,304.0,12956.0,8.0,267.0,540.0,443.0,190.0,462.0,537.0,180.0,462.0
2018-03-16 08:00:00,602.0,186.0,449.0,576.0,72.0,136.0,220.0,0.0,171.0,2.0,18.0,203.0,34.0,142.0,382.0,0.0,11.0,196.0,318.0,311.0,316.0,28.0,1161.0,510.0,434.0,201.0,458.0,391.0,189.0,442.0
2018-03-16 09:00:00,566.0,177.0,480.0,511.0,76.0,156.0,204.0,0.0,162.0,2.0,18.0,194.0,33.0,142.0,398.0,0.0,10.0,185.0,199.0,199.0,,38.0,1224.0,500.0,431.0,187.0,460.0,274.0,173.0,448.0
2018-03-16 10:00:00,546.0,170.0,499.0,492.0,184.0,156.0,191.0,0.0,154.0,7.0,49.0,186.0,35.0,140.0,415.0,0.0,29.0,177.0,156.0,152.0,,63.0,189.0,500.0,438.0,177.0,465.0,216.0,163.0,457.0
2018-03-16 11:00:00,535.0,165.0,505.0,485.0,186.0,149.0,182.0,0.0,147.0,6.0,46.0,181.0,34.0,138.0,425.0,0.0,24.0,172.0,148.0,140.0,,61.0,183.0,500.0,443.0,171.0,469.0,186.0,156.0,462.0
2018-03-16 12:00:00,525.0,160.0,505.0,481.0,193.0,142.0,176.0,0.0,141.0,7.0,51.0,176.0,34.0,135.0,430.0,0.0,27.0,168.0,133.0,133.0,,58.0,174.0,499.0,446.0,166.0,470.0,166.0,152.0,464.0
2018-03-16 13:00:00,520.0,157.0,505.0,478.0,266.0,136.0,170.0,0.0,136.0,11.0,74.0,171.0,35.0,132.0,432.0,0.0,47.0,164.0,132.0,128.0,,76.0,193.0,501.0,448.0,161.0,471.0,155.0,148.0,464.0
2018-03-16 14:00:00,519.0,154.0,506.0,477.0,235.0,132.0,166.0,0.0,132.0,9.0,64.0,168.0,35.0,129.0,435.0,0.0,37.0,162.0,127.0,124.0,,72.0,164.0,504.0,449.0,157.0,472.0,147.0,145.0,468.0
2018-03-16 15:00:00,517.0,150.0,508.0,479.0,87.0,129.0,162.0,0.0,128.0,3.0,23.0,164.0,34.0,127.0,441.0,0.0,14.0,158.0,123.0,121.0,,40.0,190.0,506.0,452.0,154.0,474.0,142.0,142.0,470.0
2018-03-16 16:00:00,515.0,147.0,509.0,482.0,47.0,125.0,159.0,0.0,124.0,1.0,11.0,161.0,34.0,124.0,444.0,0.0,5.0,154.0,122.0,118.0,316.0,31.0,172.0,506.0,453.0,151.0,474.0,136.0,139.0,471.0
2018-03-16 17:00:00,521.0,152.0,479.0,472.0,21.0,151.0,175.0,0.0,128.0,0.0,3.0,168.0,35.0,122.0,422.0,0.0,0.0,162.0,500.0,152.0,15168.0,25.0,251.0,508.0,457.0,164.0,470.0,465.0,157.0,453.0
2018-03-16 18:00:00,555.0,175.0,488.0,524.0,23.0,110.0,210.0,0.0,150.0,8.0,0.0,189.0,36.0,122.0,400.0,0.0,0.0,184.0,491.0,326.0,4108.0,21.0,2053.0,498.0,444.0,192.0,458.0,489.0,184.0,458.0
2018-03-16 19:00:00,570.0,183.0,557.0,501.0,0.0,173.0,222.0,0.0,159.0,5.0,0.0,199.0,16.0,126.0,406.0,0.0,0.0,190.0,364.0,221.0,,21.0,557.0,486.0,444.0,199.0,464.0,432.0,180.0,460.0
2018-03-16 20:00:00,546.0,173.0,535.0,505.0,0.0,169.0,203.0,0.0,150.0,3.0,0.0,192.0,3.0,127.0,414.0,0.0,0.0,179.0,200.0,165.0,,21.0,307.0,488.0,437.0,183.0,464.0,280.0,169.0,469.0
2018-03-16 21:00:00,529.0,164.0,529.0,512.0,0.0,154.0,187.0,0.0,140.0,3.0,0.0,182.0,3.0,125.0,425.0,0.0,0.0,168.0,153.0,143.0,,21.0,154.0,488.0,442.0,170.0,469.0,217.0,157.0,476.0
2018-03-16 22:00:00,518.0,157.0,523.0,517.0,2.0,143.0,176.0,0.0,132.0,3.0,0.0,174.0,3.0,123.0,433.0,0.0,0.0,161.0,149.0,133.0,,21.0,164.0,490.0,446.0,162.0,473.0,182.0,150.0,479.0
2018-03-16 23:00:00,523.0,162.0,518.0,483.0,2.0,167.0,199.0,0.0,135.0,2.0,0.0,179.0,3.0,120.0,419.0,0.0,0.0,169.0,551.0,168.0,21483.0,21.0,279.0,488.0,447.0,175.0,470.0,515.0,151.0,455.0
2018-03-17 00:00:00,565.0,185.0,506.0,446.0,28.0,169.0,238.0,1.0,157.0,1.0,0.0,195.0,11.0,123.0,379.0,0.0,0.0,191.0,524.0,257.0,6951.0,25.0,319.0,473.0,445.0,200.0,445.0,551.0,170.0,431.0
2018-03-17 01:00:00,600.0,183.0,,460.0,0.0,140.0,217.0,0.0,159.0,0.0,0.0,194.0,0.0,128.0,394.0,0.0,0.0,187.0,256.0,264.0,,,120.0,495.0,461.0,191.0,452.0,345.0,,457.0
2018-03-17 02:00:00,571.0,172.0,,476.0,0.0,156.0,200.0,0.0,151.0,0.0,0.0,187.0,0.0,128.0,409.0,0.0,0.0,177.0,178.0,170.0,,,109.0,497.0,450.0,179.0,460.0,257.0,,470.0
2018-03-17 04:00:00,543.0,154.0,,481.0,0.0,135.0,173.0,0.0,134.0,0.0,0.0,172.0,0.0,122.0,431.0,0.0,0.0,161.0,125.0,125.0,,,112.0,503.0,449.0,158.0,473.0,166.0,,478.0
2018-03-17 05:00:00,538.0,147.0,,477.0,0.0,127.0,166.0,0.0,127.0,0.0,0.0,166.0,0.0,119.0,435.0,0.0,0.0,156.0,123.0,117.0,,,110.0,507.0,449.0,152.0,476.0,150.0,,478.0
2018-03-17 06:00:00,557.0,141.0,,474.0,4.0,121.0,160.0,0.0,122.0,0.0,0.0,161.0,0.0,116.0,438.0,0.0,0.0,152.0,186.0,116.0,,,140.0,521.0,450.0,147.0,478.0,171.0,,479.0
2018-03-17 07:00:00,569.0,155.0,,450.0,38.0,155.0,169.0,0.0,134.0,0.0,9.0,167.0,0.0,114.0,434.0,0.0,4.0,166.0,571.0,166.0,,,144.0,524.0,451.0,163.0,464.0,582.0,,453.0
2018-03-17 08:00:00,591.0,167.0,490.0,429.0,113.0,169.0,178.0,0.0,148.0,0.0,32.0,173.0,0.0,115.0,408.0,0.0,20.0,174.0,312.0,180.0,,17.0,116.0,502.0,432.0,171.0,443.0,390.0,150.0,426.0
2018-03-17 09:00:00,569.0,157.0,493.0,442.0,177.0,152.0,172.0,0.0,140.0,7.0,47.0,169.0,0.0,116.0,407.0,0.0,30.0,165.0,176.0,143.0,,23.0,120.0,506.0,428.0,160.0,451.0,253.0,143.0,440.0
2018-03-17 10:00:00,572.0,159.0,561.0,441.0,282.0,166.0,174.0,0.0,140.0,4.0,82.0,169.0,1.0,116.0,426.0,0.0,56.0,169.0,527.0,174.0,26539.0,46.0,361.0,514.0,437.0,163.0,452.0,523.0,149.0,457.0
2018-03-17 11:00:00,579.0,183.0,474.0,409.0,336.0,194.0,198.0,0.0,162.0,1.0,102.0,179.0,1.0,118.0,395.0,0.0,84.0,185.0,573.0,207.0,9479.0,62.0,430.0,457.0,425.0,183.0,420.0,585.0,159.0,413.0
2018-03-17 12:00:00,564.0,201.0,369.0,402.0,349.0,211.0,228.0,0.0,175.0,3.0,115.0,190.0,2.0,123.0,360.0,0.0,157.0,194.0,570.0,218.0,15798.0,50.0,240.0,418.0,416.0,197.0,403.0,581.0,200.0,403.0
2018-03-17 13:00:00,571.0,211.0,347.0,689.0,395.0,141.0,241.0,1.0,183.0,8.0,147.0,197.0,25.0,131.0,344.0,2.0,238.0,206.0,514.0,340.0,3160.0,65.0,363.0,422.0,427.0,203.0,397.0,542.0,208.0,429.0
2018-03-17 14:00:00,540.0,220.0,344.0,744.0,517.0,140.0,246.0,3.0,187.0,9.0,235.0,206.0,19.0,142.0,333.0,21.0,291.0,218.0,523.0,337.0,11058.0,62.0,294.0,407.0,440.0,210.0,397.0,547.0,214.0,412.0
2018-03-17 15:00:00,462.0,221.0,372.0,608.0,481.0,195.0,249.0,3.0,185.0,5.0,232.0,211.0,3.0,155.0,319.0,34.0,150.0,216.0,501.0,244.0,,54.0,344.0,392.0,410.0,212.0,389.0,525.0,212.0,394.0
2018-03-17 16:00:00,424.0,226.0,369.0,527.0,337.0,221.0,259.0,1.0,188.0,2.0,126.0,217.0,1.0,164.0,313.0,18.0,61.0,221.0,554.0,230.0,,45.0,1457.0,375.0,401.0,222.0,384.0,583.0,227.0,395.0
2018-03-17 17:00:00,413.0,230.0,397.0,455.0,219.0,208.0,263.0,0.0,190.0,3.0,85.0,223.0,0.0,169.0,338.0,11.0,32.0,224.0,509.0,395.0,,19.0,2920.0,377.0,413.0,233.0,409.0,546.0,242.0,431.0
2018-03-17 18:00:00,411.0,224.0,394.0,447.0,11.0,201.0,254.0,0.0,184.0,2.0,2.0,222.0,0.0,165.0,352.0,0.0,0.0,216.0,321.0,237.0,,5.0,1485.0,393.0,420.0,225.0,415.0,380.0,235.0,407.0
2018-03-17 19:00:00,412.0,207.0,410.0,547.0,27.0,119.0,234.0,0.0,168.0,2.0,0.0,213.0,13.0,155.0,349.0,0.0,0.0,203.0,226.0,301.0,,22.0,1025.0,402.0,406.0,206.0,414.0,281.0,190.0,416.0
2018-03-17 20:00:00,415.0,191.0,431.0,582.0,0.0,139.0,216.0,0.0,153.0,2.0,0.0,204.0,34.0,146.0,378.0,0.0,0.0,195.0,170.0,211.0,,7.0,377.0,415.0,410.0,193.0,426.0,225.0,187.0,444.0
2018-03-17 21:00:00,410.0,178.0,433.0,532.0,0.0,154.0,205.0,0.0,140.0,2.0,0.0,196.0,35.0,137.0,410.0,0.0,0.0,183.0,147.0,155.0,,24.0,273.0,411.0,411.0,181.0,431.0,191.0,166.0,439.0
2018-03-17 22:00:00,413.0,167.0,426.0,466.0,0.0,146.0,197.0,0.0,129.0,2.0,0.0,188.0,34.0,129.0,412.0,0.0,0.0,175.0,141.0,135.0,,21.0,309.0,430.0,414.0,172.0,440.0,170.0,154.0,453.0
2018-03-17 23:00:00,436.0,159.0,370.0,458.0,0.0,139.0,193.0,3.0,122.0,1.0,0.0,183.0,32.0,124.0,413.0,2.0,0.0,171.0,318.0,157.0,,21.0,355.0,450.0,415.0,167.0,444.0,293.0,156.0,437.0
2018-03-18 00:00:00,520.0,165.0,,466.0,0.0,127.0,205.0,0.0,133.0,0.0,0.0,188.0,0.0,123.0,339.0,1.0,0.0,180.0,323.0,233.0,,,135.0,474.0,403.0,178.0,428.0,391.0,,390.0
2018-03-18 01:00:00,483.0,158.0,,457.0,0.0,143.0,193.0,0.0,128.0,0.0,0.0,186.0,0.0,119.0,346.0,0.0,0.0,174.0,177.0,144.0,,,120.0,463.0,396.0,169.0,431.0,251.0,,398.0
2018-03-18 02:00:00,485.0,151.0,,453.0,0.0,135.0,181.0,0.0,122.0,0.0,0.0,180.0,0.0,116.0,357.0,0.0,0.0,166.0,148.0,125.0,,,116.0,466.0,398.0,161.0,434.0,200.0,,407.0
2018-03-18 04:00:00,511.0,136.0,,457.0,0.0,116.0,162.0,0.0,109.0,0.0,0.0,165.0,0.0,107.0,375.0,0.0,0.0,152.0,174.0,109.0,,,150.0,492.0,403.0,145.0,440.0,178.0,,419.0
2018-03-18 05:00:00,527.0,140.0,,466.0,0.0,140.0,174.0,0.0,112.0,0.0,0.0,167.0,0.0,103.0,360.0,0.0,0.0,158.0,362.0,141.0,,,140.0,511.0,401.0,153.0,436.0,379.0,,406.0
2018-03-18 06:00:00,542.0,145.0,,450.0,18.0,145.0,181.0,0.0,118.0,0.0,5.0,171.0,0.0,103.0,348.0,0.0,0.0,161.0,313.0,143.0,,,171.0,513.0,395.0,158.0,427.0,317.0,,395.0
2018-03-18 07:00:00,564.0,160.0,,433.0,107.0,174.0,203.0,0.0,132.0,0.0,39.0,178.0,0.0,104.0,326.0,0.0,11.0,172.0,546.0,176.0,,,147.0,502.0,392.0,174.0,410.0,568.0,,379.0
2018-03-18 08:00:00,573.0,170.0,368.0,391.0,253.0,169.0,209.0,0.0,143.0,2.0,92.0,182.0,1.0,108.0,314.0,0.0,34.0,178.0,283.0,162.0,,,157.0,483.0,383.0,180.0,400.0,323.0,170.0,372.0
2018-03-18 09:00:00,567.0,173.0,342.0,388.0,362.0,183.0,213.0,0.0,147.0,10.0,114.0,185.0,2.0,111.0,318.0,0.0,47.0,183.0,560.0,184.0,94781.0,67.0,415.0,470.0,385.0,184.0,398.0,556.0,193.0,372.0
2018-03-18 10:00:00,538.0,190.0,334.0,372.0,410.0,202.0,233.0,0.0,165.0,13.0,135.0,195.0,3.0,131.0,304.0,6.0,63.0,197.0,554.0,202.0,,75.0,311.0,443.0,377.0,199.0,382.0,575.0,205.0,360.0
2018-03-18 11:00:00,514.0,199.0,,798.0,422.0,118.0,239.0,0.0,177.0,12.0,141.0,200.0,36.0,150.0,313.0,7.0,66.0,214.0,485.0,362.0,30646.0,66.0,418.0,451.0,392.0,205.0,387.0,458.0,,422.0
2018-03-18 12:00:00,572.0,206.0,321.0,601.0,426.0,171.0,243.0,0.0,185.0,14.0,154.0,206.0,38.0,147.0,340.0,8.0,86.0,213.0,559.0,293.0,4424.0,66.0,351.0,466.0,427.0,212.0,411.0,580.0,220.0,416.0
2018-03-18 13:00:00,547.0,219.0,314.0,499.0,404.0,212.0,253.0,0.0,198.0,15.0,158.0,214.0,36.0,148.0,299.0,9.0,115.0,216.0,571.0,233.0,,88.0,1794.0,411.0,386.0,225.0,381.0,576.0,223.0,352.0
2018-03-18 14:00:00,532.0,226.0,335.0,461.0,314.0,139.0,260.0,0.0,205.0,13.0,115.0,222.0,36.0,152.0,295.0,7.0,96.0,218.0,519.0,376.0,20852.0,67.0,1326.0,396.0,372.0,234.0,373.0,540.0,231.0,347.0
2018-03-18 15:00:00,512.0,221.0,362.0,396.0,226.0,119.0,249.0,0.0,203.0,15.0,53.0,220.0,36.0,155.0,300.0,3.0,30.0,214.0,313.0,332.0,,63.0,2003.0,397.0,367.0,224.0,376.0,384.0,215.0,352.0
2018-03-18 16:00:00,520.0,203.0,423.0,419.0,129.0,146.0,225.0,2.0,189.0,13.0,26.0,210.0,35.0,154.0,347.0,1.0,17.0,201.0,187.0,213.0,,43.0,1517.0,433.0,381.0,204.0,394.0,256.0,191.0,400.0
2018-03-18 17:00:00,512.0,191.0,460.0,436.0,67.0,102.0,213.0,0.0,178.0,9.0,5.0,203.0,37.0,156.0,376.0,0.0,2.0,196.0,358.0,295.0,,25.0,544.0,451.0,394.0,196.0,406.0,347.0,185.0,421.0
2018-03-18 18:00:00,493.0,196.0,414.0,423.0,13.0,143.0,224.0,0.0,180.0,9.0,0.0,206.0,38.0,164.0,361.0,0.0,0.0,202.0,533.0,270.0,,23.0,514.0,457.0,393.0,208.0,405.0,533.0,202.0,395.0
2018-03-18 19:00:00,461.0,210.0,354.0,394.0,26.0,207.0,243.0,0.0,192.0,8.0,0.0,216.0,38.0,177.0,331.0,0.0,0.0,214.0,560.0,225.0,36649.0,22.0,561.0,424.0,381.0,227.0,387.0,581.0,223.0,357.0
2018-03-18 20:00:00,452.0,214.0,363.0,387.0,1.0,207.0,248.0,0.0,195.0,8.0,0.0,222.0,39.0,171.0,325.0,0.0,0.0,216.0,353.0,203.0,,22.0,882.0,396.0,374.0,230.0,386.0,439.0,217.0,357.0
2018-03-18 21:00:00,439.0,203.0,359.0,391.0,1.0,196.0,239.0,0.0,183.0,3.0,0.0,217.0,39.0,165.0,340.0,0.0,0.0,210.0,454.0,191.0,,22.0,527.0,402.0,377.0,216.0,399.0,455.0,208.0,378.0
2018-03-18 22:00:00,447.0,207.0,318.0,381.0,1.0,207.0,247.0,0.0,184.0,2.0,0.0,220.0,39.0,160.0,329.0,0.0,0.0,213.0,349.0,200.0,,22.0,326.0,396.0,371.0,223.0,393.0,432.0,221.0,367.0
2018-03-18 23:00:00,438.0,194.0,,393.0,3.0,187.0,231.0,0.0,172.0,2.0,0.0,213.0,40.0,157.0,342.0,0.0,0.0,202.0,209.0,238.0,,,286.0,413.0,372.0,207.0,408.0,294.0,,384.0
2018-03-19 00:00:00,487.0,182.0,,395.0,6.0,112.0,215.0,3.0,162.0,0.0,0.0,204.0,13.0,155.0,345.0,1.0,0.0,191.0,195.0,216.0,,20.0,428.0,431.0,374.0,193.0,408.0,237.0,,381.0
2018-03-19 01:00:00,470.0,173.0,,395.0,0.0,131.0,201.0,0.0,154.0,0.0,0.0,196.0,0.0,150.0,353.0,0.0,0.0,183.0,158.0,147.0,,,106.0,438.0,381.0,183.0,414.0,195.0,,392.0
2018-03-19 02:00:00,470.0,167.0,,397.0,0.0,140.0,192.0,0.0,149.0,0.0,0.0,191.0,0.0,146.0,361.0,0.0,0.0,178.0,151.0,137.0,,,138.0,449.0,384.0,176.0,418.0,175.0,,397.0
2018-03-19 04:00:00,488.0,154.0,,400.0,0.0,124.0,175.0,0.0,137.0,0.0,0.0,177.0,0.0,139.0,374.0,0.0,0.0,166.0,126.0,153.0,,,113.0,474.0,392.0,161.0,425.0,147.0,,406.0
2018-03-19 05:00:00,487.0,150.0,,401.0,0.0,125.0,169.0,0.0,133.0,0.0,0.0,172.0,0.0,136.0,378.0,0.0,0.0,161.0,124.0,124.0,,,114.0,484.0,394.0,156.0,427.0,140.0,,408.0
2018-03-19 06:00:00,490.0,146.0,,403.0,21.0,125.0,163.0,0.0,129.0,0.0,4.0,167.0,0.0,133.0,382.0,0.0,1.0,157.0,184.0,117.0,,,121.0,493.0,396.0,151.0,428.0,165.0,,412.0
2018-03-19 07:00:00,535.0,159.0,390.0,667.0,123.0,115.0,189.0,0.0,141.0,0.0,31.0,175.0,17.0,133.0,359.0,0.0,15.0,175.0,535.0,297.0,34753.0,9.0,282.0,526.0,403.0,170.0,427.0,528.0,171.0,443.0
2018-03-19 08:00:00,540.0,172.0,380.0,493.0,214.0,153.0,202.0,0.0,156.0,9.0,56.0,187.0,35.0,137.0,340.0,0.0,34.0,182.0,276.0,210.0,,21.0,134.0,486.0,390.0,181.0,416.0,366.0,172.0,402.0
2018-03-19 09:00:00,513.0,168.0,402.0,443.0,247.0,149.0,193.0,0.0,154.0,11.0,64.0,183.0,35.0,139.0,350.0,6.0,46.0,175.0,392.0,195.0,3159.0,21.0,232.0,465.0,389.0,174.0,415.0,389.0,165.0,401.0
2018-03-19 10:00:00,518.0,190.0,364.0,411.0,290.0,173.0,222.0,0.0,172.0,19.0,87.0,200.0,36.0,142.0,323.0,8.0,100.0,189.0,566.0,333.0,19273.0,28.0,263.0,442.0,375.0,199.0,392.0,575.0,197.0,370.0
2018-03-19 11:00:00,528.0,213.0,342.0,385.0,307.0,196.0,243.0,0.0,191.0,31.0,100.0,215.0,37.0,149.0,297.0,9.0,175.0,204.0,563.0,230.0,3159.0,30.0,298.0,417.0,361.0,218.0,373.0,581.0,216.0,348.0
2018-03-19 12:00:00,529.0,229.0,347.0,645.0,452.0,145.0,253.0,0.0,206.0,46.0,148.0,224.0,38.0,158.0,317.0,9.0,236.0,215.0,544.0,327.0,17693.0,36.0,857.0,411.0,375.0,228.0,369.0,553.0,225.0,382.0
2018-03-19 13:00:00,537.0,243.0,351.0,431.0,406.0,198.0,257.0,0.0,215.0,90.0,201.0,231.0,39.0,166.0,316.0,9.0,620.0,217.0,399.0,234.0,,32.0,201.0,412.0,369.0,232.0,366.0,471.0,226.0,368.0
2018-03-19 14:00:00,527.0,243.0,386.0,410.0,566.0,178.0,240.0,1.0,210.0,115.0,383.0,224.0,40.0,171.0,326.0,9.0,505.0,207.0,221.0,198.0,,31.0,242.0,420.0,367.0,218.0,377.0,306.0,200.0,373.0
2018-03-19 15:00:00,527.0,238.0,425.0,414.0,700.0,124.0,229.0,0.0,206.0,150.0,544.0,218.0,19.0,175.0,335.0,3.0,403.0,199.0,182.0,281.0,,25.0,138.0,433.0,370.0,207.0,370.0,241.0,183.0,383.0
2018-03-19 16:00:00,501.0,231.0,444.0,408.0,945.0,150.0,223.0,0.0,202.0,211.0,636.0,217.0,8.0,177.0,338.0,0.0,283.0,196.0,158.0,175.0,,18.0,124.0,425.0,367.0,201.0,363.0,200.0,173.0,386.0
2018-03-19 17:00:00,482.0,230.0,394.0,392.0,593.0,156.0,229.0,0.0,203.0,74.0,302.0,222.0,11.0,179.0,317.0,0.0,111.0,204.0,514.0,212.0,,13.0,272.0,415.0,352.0,207.0,356.0,458.0,187.0,366.0
2018-03-19 18:00:00,474.0,243.0,377.0,380.0,35.0,143.0,247.0,0.0,217.0,4.0,6.0,230.0,0.0,184.0,300.0,0.0,3.0,213.0,471.0,333.0,,20.0,940.0,397.0,343.0,224.0,344.0,496.0,211.0,356.0
2018-03-19 19:00:00,471.0,236.0,406.0,399.0,0.0,184.0,238.0,0.0,215.0,7.0,0.0,224.0,22.0,188.0,331.0,5.0,0.0,207.0,475.0,221.0,35386.0,22.0,1503.0,403.0,355.0,219.0,354.0,439.0,206.0,372.0
2018-03-19 20:00:00,477.0,244.0,363.0,404.0,4.0,195.0,258.0,0.0,224.0,7.0,0.0,236.0,34.0,190.0,321.0,8.0,1.0,213.0,637.0,239.0,7584.0,22.0,598.0,399.0,354.0,237.0,350.0,588.0,227.0,354.0
2018-03-19 21:00:00,480.0,252.0,328.0,385.0,0.0,162.0,268.0,0.0,234.0,7.0,0.0,240.0,35.0,195.0,314.0,0.0,0.0,221.0,542.0,356.0,8531.0,22.0,393.0,390.0,348.0,246.0,343.0,522.0,236.0,336.0
2018-03-19 22:00:00,473.0,242.0,356.0,382.0,0.0,195.0,256.0,0.0,225.0,7.0,0.0,236.0,35.0,196.0,317.0,0.0,0.0,216.0,290.0,245.0,,22.0,341.0,394.0,344.0,234.0,353.0,336.0,213.0,355.0
2018-03-19 23:00:00,467.0,224.0,384.0,391.0,0.0,181.0,236.0,0.0,211.0,7.0,0.0,224.0,36.0,192.0,330.0,0.0,0.0,204.0,215.0,184.0,,22.0,343.0,402.0,353.0,218.0,363.0,254.0,192.0,365.0
2018-03-20 00:00:00,485.0,210.0,404.0,389.0,0.0,113.0,221.0,6.0,202.0,3.0,0.0,213.0,13.0,190.0,336.0,2.0,0.0,195.0,197.0,319.0,316.0,9.0,292.0,411.0,356.0,207.0,370.0,214.0,179.0,363.0
2018-03-20 01:00:00,492.0,198.0,418.0,390.0,0.0,135.0,210.0,0.0,194.0,0.0,0.0,203.0,0.0,184.0,343.0,0.0,0.0,187.0,177.0,242.0,,1.0,116.0,419.0,364.0,198.0,374.0,189.0,170.0,367.0
2018-03-20 02:00:00,496.0,190.0,433.0,397.0,0.0,145.0,203.0,0.0,188.0,0.0,0.0,198.0,0.0,180.0,352.0,0.0,0.0,183.0,170.0,174.0,,1.0,128.0,429.0,370.0,192.0,377.0,175.0,165.0,375.0
2018-03-20 04:00:00,507.0,170.0,453.0,408.0,0.0,140.0,187.0,0.0,176.0,0.0,0.0,183.0,0.0,168.0,368.0,0.0,0.0,172.0,158.0,142.0,,1.0,113.0,456.0,382.0,180.0,381.0,155.0,154.0,387.0
2018-03-20 05:00:00,512.0,162.0,458.0,411.0,0.0,136.0,182.0,0.0,171.0,0.0,0.0,178.0,0.0,164.0,373.0,0.0,0.0,168.0,151.0,138.0,316.0,1.0,114.0,465.0,387.0,176.0,383.0,149.0,151.0,390.0
2018-03-20 06:00:00,517.0,156.0,462.0,415.0,35.0,135.0,177.0,0.0,166.0,0.0,8.0,173.0,0.0,159.0,377.0,0.0,3.0,164.0,146.0,134.0,,3.0,119.0,470.0,391.0,172.0,386.0,145.0,147.0,392.0
2018-03-20 07:00:00,534.0,151.0,464.0,643.0,157.0,91.0,174.0,0.0,163.0,1.0,39.0,170.0,5.0,155.0,382.0,0.0,20.0,167.0,316.0,313.0,9163.0,19.0,206.0,490.0,401.0,169.0,391.0,221.0,147.0,435.0
2018-03-20 08:00:00,568.0,164.0,403.0,609.0,249.0,156.0,201.0,0.0,178.0,9.0,65.0,189.0,2.0,154.0,358.0,0.0,34.0,181.0,528.0,243.0,3160.0,52.0,1241.0,500.0,400.0,190.0,380.0,495.0,179.0,418.0
2018-03-20 09:00:00,571.0,165.0,425.0,480.0,292.0,168.0,200.0,0.0,181.0,12.0,79.0,194.0,3.0,155.0,362.0,0.0,57.0,181.0,287.0,188.0,,58.0,1156.0,486.0,389.0,188.0,385.0,306.0,172.0,403.0
2018-03-20 10:00:00,554.0,159.0,456.0,666.0,292.0,120.0,188.0,0.0,175.0,15.0,86.0,184.0,25.0,154.0,366.0,11.0,100.0,182.0,222.0,276.0,4423.0,65.0,201.0,474.0,387.0,179.0,393.0,233.0,161.0,411.0
2018-03-20 11:00:00,534.0,159.0,493.0,900.0,308.0,101.0,181.0,0.0,171.0,27.0,101.0,177.0,11.0,154.0,398.0,3.0,173.0,177.0,189.0,319.0,,39.0,229.0,475.0,416.0,175.0,429.0,201.0,155.0,445.0
2018-03-20 12:00:00,521.0,163.0,504.0,658.0,317.0,135.0,178.0,0.0,165.0,51.0,126.0,173.0,3.0,152.0,423.0,0.0,323.0,167.0,163.0,191.0,,34.0,117.0,469.0,420.0,172.0,410.0,178.0,151.0,449.0
2018-03-20 13:00:00,515.0,173.0,481.0,508.0,448.0,145.0,178.0,0.0,162.0,80.0,205.0,170.0,4.0,150.0,398.0,0.0,529.0,164.0,165.0,157.0,,72.0,110.0,469.0,410.0,170.0,406.0,165.0,148.0,423.0
2018-03-20 14:00:00,508.0,185.0,490.0,473.0,603.0,140.0,182.0,0.0,160.0,99.0,373.0,170.0,5.0,150.0,395.0,0.0,499.0,165.0,150.0,142.0,,67.0,119.0,465.0,411.0,171.0,399.0,156.0,146.0,425.0
2018-03-20 15:00:00,504.0,194.0,493.0,462.0,719.0,138.0,188.0,0.0,160.0,129.0,553.0,174.0,6.0,150.0,386.0,0.0,400.0,165.0,147.0,137.0,,57.0,113.0,464.0,408.0,171.0,394.0,150.0,146.0,423.0
2018-03-20 16:00:00,502.0,200.0,494.0,451.0,975.0,135.0,192.0,0.0,162.0,163.0,661.0,180.0,7.0,153.0,376.0,0.0,292.0,168.0,146.0,134.0,,43.0,110.0,469.0,403.0,173.0,391.0,145.0,145.0,419.0
2018-03-20 17:00:00,493.0,212.0,453.0,439.0,675.0,158.0,207.0,0.0,170.0,70.0,326.0,195.0,4.0,163.0,358.0,0.0,116.0,183.0,557.0,154.0,15798.0,32.0,186.0,469.0,393.0,187.0,380.0,479.0,169.0,403.0
2018-03-20 18:00:00,472.0,233.0,371.0,405.0,23.0,196.0,234.0,2.0,192.0,7.0,5.0,216.0,25.0,182.0,316.0,0.0,1.0,200.0,540.0,298.0,9795.0,15.0,791.0,442.0,364.0,213.0,361.0,512.0,203.0,360.0
2018-03-20 19:00:00,468.0,238.0,355.0,404.0,25.0,175.0,241.0,0.0,205.0,8.0,0.0,222.0,37.0,184.0,340.0,2.0,0.0,204.0,647.0,347.0,10744.0,22.0,2403.0,421.0,362.0,224.0,356.0,568.0,207.0,378.0
2018-03-20 20:00:00,498.0,246.0,431.0,428.0,0.0,208.0,235.0,0.0,221.0,8.0,0.0,233.0,38.0,188.0,455.0,0.0,1.0,212.0,662.0,256.0,10112.0,22.0,984.0,423.0,383.0,238.0,367.0,584.0,228.0,400.0
2018-03-20 21:00:00,508.0,250.0,400.0,409.0,0.0,224.0,232.0,0.0,231.0,8.0,0.0,238.0,39.0,191.0,443.0,0.0,1.0,215.0,663.0,230.0,9480.0,22.0,542.0,415.0,380.0,245.0,365.0,589.0,240.0,384.0
2018-03-20 22:00:00,509.0,251.0,467.0,416.0,6.0,222.0,232.0,0.0,237.0,8.0,0.0,240.0,39.0,194.0,435.0,0.0,1.0,218.0,660.0,333.0,8532.0,21.0,396.0,408.0,373.0,250.0,361.0,590.0,235.0,367.0
2018-03-20 23:00:00,509.0,251.0,572.0,434.0,1.0,235.0,234.0,0.0,241.0,8.0,0.0,240.0,40.0,195.0,431.0,0.0,1.0,222.0,665.0,298.0,8532.0,21.0,356.0,403.0,374.0,252.0,366.0,600.0,225.0,374.0
2018-03-21 00:00:00,529.0,246.0,483.0,413.0,0.0,157.0,247.0,3.0,241.0,1.0,0.0,238.0,6.0,198.0,377.0,1.0,0.0,223.0,443.0,345.0,316.0,5.0,184.0,408.0,369.0,248.0,362.0,452.0,219.0,364.0
2018-03-21 01:00:00,530.0,227.0,506.0,430.0,0.0,188.0,234.0,0.0,228.0,0.0,0.0,227.0,0.0,195.0,383.0,0.0,0.0,211.0,281.0,237.0,,1.0,113.0,424.0,378.0,229.0,372.0,306.0,202.0,390.0
2018-03-21 02:00:00,533.0,216.0,512.0,438.0,0.0,190.0,225.0,0.0,220.0,0.0,0.0,220.0,0.0,193.0,387.0,0.0,0.0,204.0,238.0,204.0,,1.0,132.0,432.0,385.0,221.0,377.0,264.0,194.0,400.0
2018-03-21 04:00:00,523.0,185.0,518.0,438.0,0.0,166.0,200.0,0.0,199.0,0.0,0.0,199.0,0.0,181.0,400.0,0.0,0.0,187.0,180.0,167.0,,1.0,112.0,454.0,399.0,200.0,392.0,190.0,173.0,414.0
2018-03-21 05:00:00,531.0,177.0,519.0,439.0,0.0,160.0,193.0,0.0,192.0,0.0,0.0,192.0,0.0,177.0,406.0,0.0,0.0,183.0,174.0,160.0,,1.0,123.0,462.0,403.0,194.0,403.0,178.0,168.0,417.0
2018-03-21 06:00:00,534.0,170.0,518.0,440.0,36.0,155.0,187.0,0.0,186.0,0.0,8.0,187.0,0.0,173.0,411.0,0.0,4.0,179.0,239.0,156.0,5372.0,2.0,127.0,467.0,407.0,189.0,405.0,199.0,163.0,418.0
2018-03-21 07:00:00,558.0,175.0,520.0,718.0,171.0,120.0,214.0,1.0,193.0,1.0,36.0,200.0,21.0,171.0,385.0,0.0,23.0,198.0,611.0,333.0,12008.0,14.0,302.0,500.0,414.0,203.0,404.0,540.0,178.0,444.0
2018-03-21 08:00:00,571.0,184.0,457.0,505.0,272.0,150.0,225.0,1.0,205.0,12.0,65.0,214.0,36.0,174.0,356.0,8.0,42.0,205.0,376.0,296.0,,37.0,230.0,482.0,388.0,214.0,390.0,389.0,186.0,394.0
2018-03-21 09:00:00,517.0,175.0,467.0,456.0,318.0,154.0,210.0,0.0,196.0,14.0,78.0,204.0,36.0,175.0,376.0,9.0,53.0,196.0,248.0,244.0,,19.0,260.0,458.0,389.0,203.0,393.0,273.0,178.0,400.0
2018-03-21 10:00:00,531.0,166.0,488.0,863.0,318.0,93.0,199.0,0.0,189.0,16.0,90.0,195.0,35.0,172.0,395.0,8.0,61.0,208.0,220.0,359.0,7900.0,14.0,311.0,479.0,418.0,195.0,410.0,221.0,171.0,511.0
2018-03-21 11:00:00,567.0,163.0,518.0,818.0,372.0,117.0,192.0,1.0,186.0,20.0,116.0,190.0,19.0,170.0,408.0,4.0,70.0,190.0,184.0,313.0,,18.0,164.0,504.0,426.0,190.0,442.0,194.0,166.0,488.0
2018-03-21 12:00:00,524.0,159.0,515.0,672.0,323.0,142.0,186.0,0.0,181.0,18.0,99.0,184.0,1.0,167.0,426.0,0.0,68.0,179.0,169.0,204.0,,15.0,114.0,480.0,428.0,185.0,418.0,178.0,162.0,440.0
2018-03-21 13:00:00,505.0,157.0,524.0,570.0,416.0,150.0,182.0,0.0,176.0,26.0,133.0,181.0,2.0,163.0,443.0,0.0,98.0,174.0,168.0,164.0,632.0,19.0,120.0,475.0,436.0,181.0,416.0,168.0,160.0,446.0
2018-03-21 14:00:00,501.0,156.0,520.0,564.0,391.0,116.0,178.0,0.0,172.0,25.0,130.0,177.0,1.0,160.0,440.0,0.0,93.0,171.0,164.0,249.0,,17.0,106.0,472.0,435.0,177.0,421.0,162.0,157.0,437.0
2018-03-21 15:00:00,501.0,155.0,510.0,585.0,420.0,131.0,175.0,0.0,169.0,35.0,166.0,175.0,1.0,158.0,435.0,0.0,112.0,168.0,160.0,185.0,,16.0,121.0,469.0,433.0,174.0,425.0,157.0,156.0,433.0
2018-03-21 16:00:00,500.0,154.0,503.0,583.0,285.0,140.0,173.0,0.0,166.0,24.0,109.0,173.0,0.0,156.0,434.0,0.0,66.0,165.0,156.0,153.0,,10.0,109.0,468.0,432.0,172.0,431.0,154.0,154.0,433.0
2018-03-21 17:00:00,506.0,160.0,507.0,581.0,71.0,157.0,186.0,0.0,169.0,3.0,20.0,179.0,0.0,154.0,417.0,0.0,11.0,170.0,564.0,160.0,14220.0,4.0,173.0,473.0,432.0,182.0,431.0,461.0,161.0,424.0
2018-03-21 18:00:00,523.0,182.0,454.0,528.0,13.0,195.0,221.0,0.0,189.0,1.0,1.0,206.0,3.0,157.0,363.0,0.0,0.0,190.0,536.0,191.0,4424.0,1.0,152.0,457.0,401.0,211.0,407.0,509.0,188.0,385.0
2018-03-21 19:00:00,523.0,178.0,494.0,484.0,40.0,118.0,219.0,0.0,189.0,8.0,0.0,205.0,36.0,159.0,375.0,0.0,0.0,189.0,493.0,318.0,7900.0,19.0,2285.0,453.0,402.0,207.0,412.0,427.0,188.0,426.0
2018-03-21 20:00:00,537.0,191.0,505.0,471.0,2.0,176.0,247.0,0.0,201.0,8.0,0.0,220.0,39.0,161.0,357.0,0.0,0.0,202.0,651.0,342.0,12007.0,22.0,752.0,453.0,398.0,227.0,407.0,562.0,206.0,397.0
2018-03-21 21:00:00,548.0,210.0,433.0,431.0,1.0,219.0,267.0,0.0,215.0,7.0,0.0,230.0,38.0,168.0,329.0,0.0,1.0,212.0,641.0,244.0,8532.0,22.0,399.0,437.0,383.0,238.0,423.0,563.0,216.0,374.0
2018-03-21 22:00:00,538.0,213.0,,435.0,1.0,219.0,259.0,0.0,218.0,8.0,0.0,229.0,38.0,174.0,339.0,0.0,1.0,209.0,373.0,219.0,,,305.0,427.0,380.0,234.0,418.0,389.0,,384.0
2018-03-21 23:00:00,542.0,200.0,454.0,455.0,0.0,148.0,236.0,7.0,208.0,4.0,0.0,216.0,23.0,177.0,363.0,1.0,0.0,196.0,261.0,303.0,,3.0,265.0,438.0,390.0,217.0,427.0,282.0,196.0,403.0
2018-03-22 00:00:00,546.0,186.0,469.0,460.0,0.0,153.0,218.0,0.0,199.0,0.0,0.0,207.0,0.0,176.0,378.0,0.0,0.0,188.0,218.0,256.0,,1.0,118.0,454.0,401.0,206.0,431.0,234.0,186.0,409.0
2018-03-22 01:00:00,544.0,176.0,479.0,463.0,0.0,168.0,206.0,0.0,193.0,0.0,0.0,200.0,0.0,173.0,391.0,0.0,0.0,183.0,194.0,190.0,,1.0,125.0,468.0,408.0,198.0,440.0,205.0,180.0,413.0
2018-03-22 02:00:00,556.0,169.0,485.0,466.0,0.0,165.0,200.0,0.0,189.0,0.0,0.0,195.0,0.0,171.0,400.0,0.0,0.0,179.0,188.0,174.0,,1.0,110.0,474.0,413.0,194.0,446.0,193.0,176.0,416.0
2018-03-22 04:00:00,570.0,157.0,496.0,469.0,0.0,160.0,186.0,0.0,180.0,0.0,0.0,185.0,0.0,165.0,416.0,0.0,0.0,172.0,172.0,159.0,,1.0,112.0,497.0,422.0,185.0,456.0,172.0,168.0,422.0
2018-03-22 05:00:00,555.0,152.0,499.0,469.0,0.0,155.0,182.0,0.0,176.0,0.0,0.0,181.0,0.0,162.0,420.0,0.0,0.0,169.0,170.0,156.0,,1.0,119.0,502.0,424.0,182.0,457.0,166.0,165.0,422.0
2018-03-22 06:00:00,553.0,147.0,503.0,470.0,28.0,155.0,178.0,0.0,173.0,0.0,6.0,177.0,0.0,159.0,423.0,0.0,2.0,166.0,235.0,154.0,4423.0,1.0,131.0,506.0,427.0,179.0,459.0,191.0,162.0,424.0
2018-03-22 07:00:00,597.0,157.0,504.0,823.0,132.0,121.0,205.0,0.0,182.0,0.0,26.0,192.0,19.0,158.0,403.0,0.0,15.0,191.0,599.0,339.0,9794.0,5.0,881.0,544.0,438.0,195.0,463.0,536.0,177.0,465.0
2018-03-22 08:00:00,621.0,173.0,491.0,738.0,232.0,122.0,221.0,0.0,196.0,6.0,56.0,210.0,35.0,160.0,393.0,12.0,37.0,201.0,374.0,380.0,,39.0,2350.0,516.0,425.0,210.0,482.0,373.0,192.0,454.0
2018-03-22 09:00:00,612.0,175.0,526.0,763.0,309.0,119.0,208.0,1.0,193.0,16.0,82.0,203.0,22.0,164.0,425.0,21.0,58.0,197.0,261.0,260.0,,50.0,1671.0,519.0,435.0,205.0,539.0,282.0,189.0,486.0
2018-03-22 10:00:00,578.0,171.0,526.0,593.0,383.0,165.0,199.0,1.0,187.0,21.0,106.0,195.0,3.0,168.0,436.0,21.0,82.0,187.0,216.0,190.0,,60.0,175.0,514.0,443.0,196.0,495.0,235.0,182.0,479.0
2018-03-22 11:00:00,560.0,166.0,522.0,530.0,417.0,175.0,192.0,1.0,182.0,22.0,113.0,190.0,3.0,167.0,440.0,24.0,83.0,184.0,198.0,180.0,,62.0,168.0,510.0,442.0,190.0,480.0,213.0,177.0,474.0
2018-03-22 12:00:00,550.0,162.0,514.0,510.0,314.0,166.0,187.0,1.0,178.0,17.0,88.0,186.0,2.0,166.0,438.0,18.0,63.0,181.0,186.0,191.0,,52.0,132.0,506.0,443.0,185.0,474.0,197.0,173.0,468.0
2018-03-22 13:00:00,541.0,160.0,495.0,496.0,323.0,128.0,183.0,1.0,175.0,19.0,102.0,182.0,4.0,164.0,434.0,21.0,73.0,176.0,173.0,246.0,,53.0,129.0,502.0,441.0,182.0,470.0,182.0,169.0,453.0
2018-03-22 14:00:00,535.0,158.0,501.0,489.0,344.0,157.0,180.0,1.0,172.0,23.0,112.0,179.0,2.0,162.0,440.0,22.0,83.0,174.0,174.0,185.0,,57.0,107.0,500.0,442.0,179.0,470.0,178.0,167.0,459.0
2018-03-22 15:00:00,533.0,157.0,502.0,489.0,272.0,163.0,177.0,0.0,170.0,31.0,126.0,177.0,1.0,161.0,444.0,15.0,91.0,171.0,172.0,168.0,,38.0,120.0,500.0,444.0,176.0,468.0,175.0,166.0,458.0
2018-03-22 16:00:00,531.0,155.0,504.0,490.0,88.0,161.0,175.0,0.0,167.0,4.0,25.0,174.0,0.0,159.0,444.0,3.0,14.0,168.0,171.0,162.0,,15.0,114.0,500.0,445.0,174.0,467.0,171.0,164.0,456.0
2018-03-22 17:00:00,531.0,163.0,500.0,485.0,30.0,177.0,192.0,0.0,171.0,1.0,7.0,183.0,0.0,162.0,424.0,0.0,3.0,177.0,582.0,176.0,22434.0,5.0,161.0,503.0,447.0,187.0,462.0,490.0,174.0,440.0
2018-03-22 18:00:00,539.0,189.0,464.0,468.0,29.0,166.0,225.0,1.0,191.0,5.0,0.0,208.0,34.0,171.0,375.0,0.0,1.0,200.0,495.0,343.0,3160.0,21.0,401.0,484.0,417.0,213.0,449.0,494.0,196.0,406.0
2018-03-22 19:00:00,542.0,190.0,473.0,462.0,1.0,188.0,219.0,0.0,192.0,8.0,0.0,206.0,37.0,170.0,390.0,0.0,1.0,195.0,435.0,252.0,8216.0,19.0,1449.0,474.0,413.0,208.0,458.0,397.0,194.0,423.0
2018-03-22 20:00:00,563.0,206.0,555.0,473.0,1.0,200.0,240.0,0.0,205.0,8.0,0.0,219.0,37.0,170.0,389.0,5.0,1.0,208.0,637.0,310.0,10428.0,19.0,1262.0,480.0,418.0,226.0,468.0,567.0,205.0,430.0
2018-03-22 21:00:00,577.0,223.0,,442.0,1.0,179.0,263.0,0.0,222.0,6.0,0.0,230.0,38.0,174.0,352.0,7.0,1.0,219.0,627.0,386.0,10428.0,,404.0,455.0,406.0,241.0,431.0,575.0,,391.0
2018-03-22 22:00:00,577.0,235.0,,431.0,3.0,219.0,277.0,0.0,232.0,2.0,0.0,238.0,38.0,180.0,334.0,7.0,1.0,227.0,619.0,268.0,8216.0,,404.0,442.0,396.0,251.0,414.0,579.0,,377.0
2018-03-22 23:00:00,569.0,234.0,,438.0,1.0,228.0,267.0,0.0,232.0,3.0,0.0,237.0,39.0,185.0,343.0,7.0,1.0,223.0,352.0,232.0,,,306.0,437.0,394.0,243.0,412.0,395.0,,390.0
2018-03-23 06:00:00,,,,,,,,,,,,,,,,,,,,,6004.0,,,,,,,,,
2018-03-23 07:00:00,,,,,,,,,,,,,,,,,,,,,12640.0,,,,,,,,,
2018-03-23 09:00:00,,,,,,,,,,,,,,,,,,,,,2528.0,,,,,,,,,
2018-03-23 13:00:00,,,,,,,,,,,,,,,,,,,,,1264.0,,,,,,,,,
2018-03-23 16:00:00,521.0,194.0,508.0,475.0,898.0,155.0,195.0,0.0,178.0,112.0,499.0,191.0,6.0,169.0,427.0,0.0,185.0,182.0,165.0,157.0,,50.0,102.0,497.0,433.0,186.0,430.0,165.0,168.0,453.0
2018-03-23 17:00:00,529.0,201.0,509.0,469.0,873.0,172.0,210.0,1.0,183.0,108.0,418.0,202.0,31.0,169.0,411.0,0.0,155.0,194.0,565.0,184.0,14220.0,37.0,210.0,497.0,429.0,199.0,425.0,468.0,168.0,440.0
2018-03-23 18:00:00,554.0,221.0,435.0,438.0,49.0,176.0,239.0,0.0,207.0,2.0,7.0,221.0,0.0,176.0,357.0,0.0,5.0,210.0,511.0,347.0,5372.0,23.0,1396.0,478.0,400.0,224.0,402.0,493.0,213.0,405.0
2018-03-23 19:00:00,556.0,225.0,425.0,456.0,1.0,215.0,253.0,0.0,216.0,3.0,0.0,227.0,6.0,182.0,364.0,0.0,0.0,215.0,650.0,239.0,1264.0,23.0,431.0,468.0,409.0,234.0,395.0,569.0,228.0,407.0
2018-03-23 20:00:00,555.0,236.0,392.0,436.0,1.0,236.0,274.0,0.0,232.0,2.0,0.0,237.0,34.0,189.0,337.0,0.0,0.0,226.0,599.0,269.0,,24.0,447.0,445.0,397.0,249.0,383.0,559.0,239.0,380.0
2018-03-23 21:00:00,542.0,228.0,414.0,450.0,7.0,227.0,261.0,0.0,229.0,2.0,0.0,234.0,23.0,192.0,349.0,0.0,0.0,220.0,351.0,275.0,,24.0,384.0,442.0,399.0,241.0,390.0,369.0,225.0,393.0
2018-03-23 22:00:00,524.0,212.0,444.0,475.0,0.0,206.0,241.0,0.0,218.0,2.0,0.0,223.0,0.0,191.0,375.0,0.0,0.0,207.0,257.0,214.0,,23.0,336.0,446.0,405.0,225.0,401.0,283.0,210.0,410.0
2018-03-23 23:00:00,521.0,202.0,472.0,477.0,4.0,184.0,237.0,0.0,212.0,2.0,0.0,219.0,5.0,188.0,386.0,0.0,0.0,205.0,508.0,265.0,,23.0,409.0,453.0,414.0,221.0,406.0,432.0,200.0,419.0
2018-03-24 00:00:00,565.0,215.0,381.0,426.0,0.0,162.0,259.0,4.0,224.0,0.0,0.0,234.0,12.0,191.0,335.0,0.0,0.0,222.0,534.0,330.0,,1.0,279.0,450.0,389.0,240.0,393.0,502.0,225.0,372.0
2018-03-24 01:00:00,571.0,207.0,414.0,423.0,0.0,191.0,246.0,0.0,221.0,0.0,0.0,228.0,0.0,191.0,348.0,0.0,0.0,215.0,309.0,256.0,,1.0,124.0,451.0,390.0,230.0,401.0,329.0,212.0,384.0
2018-03-24 02:00:00,570.0,194.0,445.0,430.0,0.0,195.0,229.0,0.0,213.0,0.0,0.0,218.0,0.0,188.0,366.0,0.0,0.0,206.0,242.0,207.0,,1.0,121.0,466.0,400.0,218.0,410.0,263.0,198.0,397.0
2018-03-24 03:00:00,585.0,185.0,461.0,437.0,0.0,187.0,217.0,0.0,206.0,0.0,0.0,210.0,0.0,185.0,380.0,0.0,0.0,199.0,207.0,189.0,,1.0,111.0,481.0,407.0,211.0,418.0,228.0,190.0,405.0
2018-03-24 04:00:00,589.0,177.0,471.0,442.0,0.0,179.0,208.0,0.0,201.0,0.0,0.0,204.0,0.0,182.0,390.0,0.0,0.0,193.0,193.0,179.0,,1.0,124.0,493.0,413.0,205.0,424.0,206.0,183.0,409.0
2018-03-24 05:00:00,591.0,171.0,479.0,444.0,0.0,172.0,201.0,0.0,196.0,0.0,0.0,199.0,0.0,178.0,397.0,0.0,0.0,189.0,183.0,172.0,,1.0,122.0,501.0,416.0,200.0,426.0,191.0,178.0,412.0
2018-03-24 06:00:00,588.0,164.0,485.0,446.0,34.0,167.0,196.0,0.0,191.0,0.0,8.0,194.0,0.0,175.0,403.0,0.0,3.0,186.0,251.0,167.0,,3.0,125.0,496.0,420.0,196.0,429.0,210.0,174.0,415.0
2018-03-24 07:00:00,607.0,176.0,459.0,436.0,156.0,194.0,223.0,0.0,200.0,0.0,37.0,209.0,0.0,173.0,374.0,0.0,19.0,202.0,650.0,192.0,,14.0,171.0,524.0,413.0,215.0,416.0,579.0,194.0,393.0
2018-03-24 08:00:00,619.0,189.0,412.0,410.0,263.0,211.0,238.0,0.0,212.0,1.0,58.0,220.0,1.0,176.0,349.0,0.0,30.0,215.0,396.0,206.0,,26.0,180.0,507.0,391.0,225.0,406.0,411.0,212.0,379.0
2018-03-24 09:00:00,603.0,179.0,431.0,418.0,289.0,197.0,223.0,0.0,205.0,1.0,74.0,211.0,2.0,176.0,360.0,0.0,58.0,207.0,262.0,193.0,,38.0,157.0,505.0,395.0,213.0,414.0,292.0,194.0,391.0
2018-03-24 10:00:00,557.0,173.0,436.0,427.0,316.0,180.0,210.0,0.0,198.0,2.0,98.0,202.0,2.0,173.0,366.0,0.0,123.0,197.0,202.0,177.0,,60.0,709.0,488.0,392.0,204.0,418.0,232.0,186.0,398.0
2018-03-24 11:00:00,533.0,172.0,453.0,440.0,301.0,135.0,203.0,1.0,191.0,23.0,97.0,197.0,2.0,171.0,386.0,1.0,188.0,191.0,209.0,268.0,,50.0,149.0,477.0,402.0,198.0,425.0,210.0,178.0,415.0
2018-03-24 12:00:00,516.0,174.0,461.0,432.0,302.0,142.0,198.0,0.0,186.0,34.0,97.0,192.0,10.0,170.0,391.0,1.0,172.0,187.0,195.0,235.0,,38.0,187.0,471.0,406.0,194.0,425.0,198.0,173.0,418.0
2018-03-24 13:00:00,520.0,178.0,526.0,711.0,436.0,113.0,195.0,0.0,183.0,82.0,203.0,189.0,38.0,170.0,413.0,7.0,507.0,192.0,195.0,301.0,,60.0,1191.0,477.0,446.0,192.0,425.0,182.0,173.0,450.0
2018-03-24 14:00:00,545.0,188.0,547.0,875.0,463.0,111.0,200.0,2.0,182.0,76.0,252.0,191.0,38.0,170.0,439.0,2.0,348.0,196.0,195.0,298.0,,45.0,335.0,501.0,474.0,194.0,424.0,178.0,175.0,473.0
2018-03-24 15:00:00,584.0,193.0,542.0,934.0,627.0,112.0,202.0,0.0,186.0,115.0,427.0,193.0,40.0,171.0,426.0,1.0,307.0,195.0,205.0,318.0,,52.0,232.0,527.0,496.0,195.0,424.0,204.0,173.0,478.0
2018-03-24 16:00:00,542.0,196.0,542.0,700.0,859.0,147.0,202.0,0.0,184.0,148.0,531.0,194.0,41.0,171.0,435.0,0.0,227.0,185.0,182.0,201.0,,48.0,170.0,503.0,449.0,194.0,417.0,185.0,171.0,461.0
2018-03-24 17:00:00,527.0,199.0,521.0,556.0,788.0,155.0,203.0,0.0,182.0,96.0,375.0,197.0,40.0,171.0,423.0,0.0,136.0,186.0,174.0,170.0,,46.0,177.0,500.0,438.0,193.0,414.0,172.0,169.0,451.0
2018-03-24 18:00:00,517.0,196.0,489.0,517.0,79.0,133.0,196.0,0.0,180.0,9.0,14.0,191.0,33.0,170.0,401.0,0.0,10.0,180.0,168.0,191.0,,15.0,260.0,492.0,420.0,192.0,411.0,164.0,165.0,427.0
2018-03-24 19:00:00,525.0,190.0,496.0,504.0,0.0,140.0,192.0,0.0,177.0,6.0,0.0,184.0,34.0,169.0,417.0,0.0,0.0,174.0,305.0,182.0,68875.0,20.0,730.0,488.0,432.0,190.0,411.0,244.0,164.0,424.0
2018-03-24 20:00:00,536.0,202.0,447.0,480.0,2.0,189.0,231.0,0.0,190.0,2.0,0.0,203.0,37.0,169.0,370.0,0.0,0.0,193.0,656.0,193.0,,20.0,1838.0,485.0,425.0,214.0,396.0,583.0,193.0,402.0
2018-03-24 21:00:00,549.0,220.0,396.0,474.0,11.0,219.0,263.0,0.0,210.0,3.0,0.0,223.0,39.0,174.0,330.0,0.0,0.0,210.0,629.0,216.0,20852.0,20.0,414.0,461.0,404.0,238.0,377.0,573.0,229.0,376.0
2018-03-24 22:00:00,542.0,217.0,407.0,440.0,44.0,216.0,258.0,0.0,211.0,2.0,0.0,230.0,39.0,178.0,335.0,0.0,0.0,212.0,366.0,213.0,,20.0,389.0,452.0,388.0,236.0,376.0,388.0,217.0,377.0
2018-03-24 23:00:00,531.0,201.0,434.0,447.0,23.0,197.0,237.0,0.0,202.0,3.0,0.0,218.0,39.0,177.0,356.0,0.0,0.0,202.0,275.0,196.0,,20.0,361.0,457.0,394.0,221.0,389.0,280.0,201.0,393.0
2018-03-25 00:00:00,532.0,199.0,420.0,444.0,1.0,204.0,244.0,0.0,202.0,3.0,0.0,222.0,39.0,175.0,351.0,0.0,0.0,202.0,551.0,202.0,,20.0,353.0,461.0,398.0,227.0,389.0,500.0,213.0,385.0
2018-03-25 01:00:00,551.0,196.0,420.0,431.0,4.0,142.0,240.0,2.0,202.0,2.0,0.0,224.0,12.0,176.0,350.0,0.0,0.0,207.0,330.0,334.0,,12.0,301.0,460.0,387.0,224.0,390.0,348.0,203.0,385.0
2018-03-25 02:00:00,561.0,183.0,444.0,433.0,0.0,155.0,224.0,0.0,196.0,0.0,0.0,213.0,0.0,174.0,361.0,0.0,0.0,198.0,257.0,282.0,,1.0,130.0,470.0,395.0,212.0,394.0,270.0,190.0,391.0
2018-03-25 03:00:00,553.0,173.0,460.0,440.0,0.0,174.0,211.0,0.0,190.0,0.0,0.0,204.0,0.0,171.0,376.0,0.0,0.0,190.0,211.0,200.0,,1.0,122.0,478.0,403.0,205.0,400.0,223.0,182.0,396.0
2018-03-25 04:00:00,560.0,165.0,470.0,444.0,0.0,170.0,202.0,0.0,186.0,0.0,0.0,197.0,0.0,168.0,386.0,0.0,0.0,185.0,193.0,176.0,,1.0,122.0,486.0,410.0,199.0,405.0,200.0,175.0,400.0
2018-03-25 05:00:00,562.0,158.0,477.0,448.0,2.0,165.0,195.0,0.0,181.0,0.0,0.0,191.0,0.0,164.0,395.0,0.0,0.0,181.0,179.0,167.0,,1.0,108.0,495.0,415.0,194.0,412.0,185.0,170.0,404.0
2018-03-25 06:00:00,559.0,152.0,479.0,452.0,61.0,160.0,190.0,0.0,178.0,0.0,14.0,186.0,0.0,161.0,400.0,0.0,7.0,177.0,264.0,162.0,,5.0,119.0,501.0,419.0,190.0,416.0,219.0,167.0,411.0
2018-03-25 07:00:00,581.0,166.0,434.0,434.0,161.0,193.0,222.0,0.0,190.0,0.0,42.0,204.0,0.0,159.0,363.0,0.0,23.0,195.0,652.0,189.0,,10.0,142.0,520.0,410.0,211.0,401.0,578.0,198.0,388.0
2018-03-25 08:00:00,610.0,178.0,408.0,415.0,215.0,209.0,235.0,0.0,203.0,1.0,56.0,215.0,1.0,161.0,343.0,0.0,29.0,206.0,393.0,203.0,,11.0,127.0,508.0,388.0,220.0,394.0,407.0,209.0,376.0
2018-03-25 09:00:00,593.0,168.0,432.0,419.0,280.0,194.0,219.0,0.0,196.0,1.0,78.0,206.0,1.0,162.0,359.0,0.0,62.0,196.0,264.0,191.0,,18.0,121.0,501.0,392.0,208.0,404.0,289.0,191.0,388.0
2018-03-25 10:00:00,580.0,162.0,457.0,431.0,351.0,173.0,207.0,0.0,190.0,3.0,109.0,198.0,2.0,162.0,376.0,0.0,120.0,190.0,217.0,208.0,,24.0,222.0,492.0,400.0,199.0,413.0,238.0,181.0,400.0
2018-03-25 11:00:00,558.0,162.0,480.0,621.0,324.0,134.0,199.0,0.0,186.0,33.0,103.0,192.0,18.0,160.0,389.0,4.0,185.0,189.0,204.0,273.0,,63.0,732.0,494.0,415.0,195.0,419.0,207.0,176.0,437.0
2018-03-25 12:00:00,559.0,169.0,495.0,694.0,336.0,104.0,195.0,0.0,184.0,54.0,115.0,189.0,37.0,159.0,416.0,0.0,330.0,184.0,248.0,291.0,,73.0,1105.0,498.0,443.0,192.0,419.0,229.0,173.0,446.0
2018-03-25 13:00:00,541.0,179.0,493.0,511.0,440.0,104.0,195.0,0.0,181.0,89.0,205.0,186.0,39.0,159.0,423.0,21.0,535.0,179.0,224.0,235.0,,77.0,571.0,489.0,434.0,191.0,416.0,208.0,170.0,441.0
2018-03-25 14:00:00,525.0,187.0,492.0,490.0,451.0,121.0,196.0,0.0,181.0,70.0,230.0,185.0,40.0,158.0,411.0,22.0,288.0,178.0,205.0,166.0,,71.0,307.0,483.0,430.0,190.0,411.0,201.0,168.0,435.0
