timestamp,home308_bathroom2830_sensor19930_room_light,home308_bathroom2830_sensor19931_room_humidity,home308_bathroom2830_sensor19932_room_temperature,home308_bathroom2837_sensor19960_room_humidity,home308_bathroom2837_sensor19961_room_temperature,home308_bathroom2837_sensor19980_room_light,home308_bedroom2834_sensor19950_room_light,home308_bedroom2834_sensor19951_room_humidity,home308_bedroom2834_sensor19952_room_temperature,home308_bedroom2836_sensor19955_room_humidity,home308_bedroom2836_sensor19956_room_temperature,home308_bedroom2836_sensor19959_room_light,home308_hall2833_sensor19945_room_light,home308_hall2833_sensor19946_room_humidity,home308_hall2833_sensor19947_room_temperature,home308_kitchen2831_sensor19935_room_light,home308_kitchen2831_sensor19936_room_humidity,home308_kitchen2831_sensor19937_room_temperature,home308_kitchen2831_sensor19967_tempprobe_central-heating-return,home308_kitchen2831_sensor19968_tempprobe_central-heating-flow,home308_kitchen2831_sensor19972_tempprobe_hot-water-cold-pipe,home308_kitchen2831_sensor19973_tempprobe_hot-water-hot-pipe,home308_livingroom2828_sensor19913_room_light,home308_livingroom2828_sensor19914_room_humidity,home308_livingroom2828_sensor19915_room_temperature,home308_livingroom2828_sensor19920c19924_electric-mains_electric-combined,home308_outside2829_sensor19926_gas-pulse_gas,home308_study2832_sensor19940_room_light,home308_study2832_sensor19941_room_humidity,home308_study2832_sensor19942_room_temperature
2018-03-07 13:00:00,432.0,625.0,169.0,,,,,,,,,,,,,96.0,596.0,169.0,,,,,58.0,554.0,163.0,358.0,5372.0,,,
2018-03-07 14:00:00,356.0,533.0,186.0,575.0,177.0,,184.0,467.0,195.0,507.0,192.0,1.0,41.0,469.0,194.0,78.0,555.0,176.0,574.0,634.0,130.0,300.0,47.0,461.0,193.0,315.0,8216.0,149.0,355.0,240.0
2018-03-07 15:00:00,399.0,461.0,201.0,573.0,173.0,,357.0,420.0,216.0,483.0,203.0,0.0,45.0,417.0,211.0,53.0,499.0,188.0,474.0,463.0,179.0,242.0,111.0,407.0,215.0,199.0,,358.0,401.0,213.0
2018-03-07 16:00:00,194.0,458.0,195.0,560.0,173.0,,46.0,419.0,211.0,474.0,199.0,0.0,21.0,424.0,202.0,39.0,470.0,179.0,308.0,260.0,185.0,198.0,21.0,402.0,210.0,228.0,,64.0,413.0,201.0
2018-03-07 17:00:00,37.0,447.0,193.0,547.0,174.0,,7.0,412.0,209.0,470.0,197.0,0.0,0.0,415.0,202.0,10.0,479.0,180.0,492.0,583.0,186.0,194.0,1.0,393.0,211.0,182.0,15799.0,10.0,421.0,199.0
2018-03-07 18:00:00,1.0,425.0,207.0,505.0,187.0,1.0,1.0,392.0,224.0,445.0,211.0,7.0,31.0,389.0,220.0,20.0,442.0,195.0,540.0,600.0,191.0,353.0,7.0,384.0,226.0,401.0,7900.0,0.0,404.0,211.0
2018-03-07 19:00:00,0.0,419.0,214.0,462.0,206.0,0.0,1.0,383.0,234.0,427.0,221.0,8.0,33.0,381.0,231.0,20.0,420.0,205.0,593.0,664.0,216.0,256.0,9.0,363.0,251.0,354.0,9480.0,0.0,399.0,220.0
2018-03-07 20:00:00,30.0,462.0,220.0,456.0,215.0,0.0,0.0,379.0,241.0,422.0,230.0,4.0,34.0,401.0,238.0,20.0,411.0,214.0,547.0,635.0,132.0,344.0,4.0,349.0,266.0,923.0,10743.0,0.0,419.0,223.0
2018-03-07 21:00:00,22.0,440.0,227.0,485.0,210.0,0.0,0.0,374.0,243.0,424.0,237.0,0.0,34.0,410.0,241.0,20.0,402.0,227.0,569.0,614.0,200.0,280.0,2.0,350.0,272.0,610.0,6003.0,0.0,432.0,229.0
2018-03-07 22:00:00,14.0,447.0,220.0,495.0,207.0,0.0,0.0,388.0,235.0,428.0,231.0,0.0,34.0,410.0,233.0,20.0,390.0,217.0,375.0,383.0,193.0,280.0,2.0,357.0,259.0,457.0,4107.0,0.0,428.0,225.0
2018-03-07 23:00:00,0.0,438.0,221.0,500.0,208.0,4.0,0.0,386.0,232.0,436.0,229.0,0.0,20.0,406.0,234.0,17.0,424.0,214.0,577.0,661.0,146.0,344.0,2.0,350.0,262.0,396.0,11375.0,0.0,420.0,229.0
2018-03-08 00:00:00,0.0,420.0,223.0,509.0,211.0,0.0,0.0,383.0,234.0,439.0,233.0,0.0,0.0,392.0,236.0,1.0,474.0,207.0,440.0,401.0,157.0,319.0,0.0,341.0,262.0,120.0,,0.0,408.0,231.0
2018-03-08 01:00:00,0.0,427.0,212.0,517.0,205.0,0.0,0.0,396.0,220.0,450.0,223.0,0.0,0.0,399.0,223.0,1.0,536.0,193.0,303.0,253.0,192.0,224.0,0.0,359.0,240.0,131.0,,0.0,407.0,222.0
2018-03-08 02:00:00,0.0,432.0,202.0,532.0,200.0,0.0,0.0,406.0,207.0,460.0,214.0,0.0,0.0,405.0,212.0,1.0,556.0,182.0,242.0,194.0,184.0,190.0,0.0,376.0,223.0,120.0,,0.0,410.0,213.0
2018-03-08 03:00:00,0.0,436.0,194.0,539.0,196.0,0.0,0.0,412.0,197.0,464.0,206.0,0.0,0.0,409.0,205.0,1.0,566.0,175.0,209.0,171.0,173.0,172.0,0.0,388.0,211.0,130.0,,0.0,413.0,206.0
2018-03-08 04:00:00,0.0,438.0,189.0,544.0,191.0,0.0,0.0,416.0,188.0,469.0,200.0,0.0,0.0,412.0,198.0,1.0,570.0,168.0,189.0,159.0,164.0,161.0,0.0,397.0,202.0,116.0,,0.0,416.0,199.0
2018-03-08 05:00:00,0.0,440.0,184.0,547.0,186.0,0.0,0.0,420.0,181.0,476.0,193.0,0.0,0.0,414.0,193.0,1.0,570.0,163.0,175.0,152.0,157.0,155.0,0.0,403.0,195.0,116.0,,0.0,419.0,193.0
2018-03-08 06:00:00,4.0,441.0,180.0,546.0,181.0,0.0,0.0,423.0,175.0,481.0,188.0,0.0,0.0,416.0,188.0,1.0,570.0,159.0,194.0,229.0,152.0,151.0,0.0,408.0,189.0,144.0,5055.0,0.0,422.0,188.0
2018-03-08 07:00:00,83.0,529.0,194.0,556.0,177.0,0.0,9.0,412.0,185.0,511.0,196.0,1.0,5.0,434.0,201.0,12.0,535.0,175.0,564.0,645.0,153.0,232.0,0.0,384.0,216.0,284.0,11375.0,19.0,424.0,201.0
2018-03-08 08:00:00,166.0,871.0,214.0,607.0,179.0,3.0,24.0,437.0,195.0,516.0,205.0,6.0,29.0,494.0,208.0,35.0,501.0,182.0,372.0,371.0,98.0,369.0,4.0,374.0,225.0,313.0,4424.0,40.0,430.0,208.0
2018-03-08 09:00:00,218.0,629.0,196.0,592.0,179.0,0.0,39.0,452.0,187.0,501.0,198.0,0.0,2.0,482.0,198.0,61.0,523.0,172.0,267.0,239.0,158.0,224.0,8.0,407.0,208.0,137.0,,61.0,425.0,200.0
2018-03-08 10:00:00,246.0,566.0,186.0,568.0,176.0,0.0,92.0,444.0,180.0,494.0,190.0,0.0,2.0,454.0,191.0,65.0,528.0,165.0,216.0,181.0,162.0,176.0,15.0,427.0,197.0,147.0,,80.0,434.0,192.0
2018-03-08 11:00:00,269.0,519.0,180.0,555.0,174.0,0.0,136.0,448.0,177.0,491.0,184.0,0.0,2.0,453.0,186.0,64.0,531.0,160.0,190.0,159.0,156.0,158.0,23.0,437.0,189.0,144.0,,86.0,438.0,186.0
2018-03-08 12:00:00,414.0,497.0,177.0,544.0,170.0,0.0,250.0,446.0,177.0,491.0,180.0,0.0,3.0,451.0,182.0,86.0,529.0,156.0,171.0,143.0,150.0,147.0,40.0,440.0,184.0,138.0,,140.0,440.0,182.0
2018-03-08 13:00:00,425.0,477.0,176.0,538.0,168.0,0.0,596.0,439.0,184.0,491.0,178.0,0.0,4.0,447.0,180.0,89.0,518.0,154.0,163.0,151.0,146.0,145.0,78.0,435.0,185.0,231.0,,197.0,436.0,180.0
2018-03-08 14:00:00,322.0,460.0,173.0,538.0,168.0,0.0,175.0,427.0,189.0,485.0,177.0,0.0,2.0,431.0,178.0,63.0,506.0,152.0,156.0,148.0,143.0,142.0,28.0,414.0,184.0,109.0,,131.0,431.0,177.0
2018-03-08 15:00:00,183.0,465.0,170.0,533.0,167.0,0.0,56.0,418.0,187.0,481.0,175.0,0.0,0.0,436.0,176.0,37.0,512.0,150.0,151.0,152.0,140.0,139.0,10.0,423.0,179.0,123.0,,61.0,436.0,174.0
2018-03-08 16:00:00,96.0,467.0,166.0,526.0,166.0,0.0,17.0,417.0,182.0,480.0,172.0,0.0,0.0,436.0,174.0,17.0,514.0,148.0,147.0,149.0,138.0,138.0,3.0,432.0,174.0,109.0,,26.0,439.0,170.0
2018-03-08 17:00:00,73.0,461.0,172.0,522.0,165.0,0.0,19.0,411.0,184.0,483.0,175.0,0.0,0.0,432.0,180.0,12.0,509.0,157.0,473.0,573.0,156.0,159.0,4.0,428.0,182.0,186.0,9794.0,32.0,446.0,176.0
2018-03-08 18:00:00,27.0,435.0,191.0,534.0,167.0,0.0,0.0,386.0,204.0,463.0,195.0,0.0,22.0,405.0,201.0,8.0,467.0,181.0,522.0,551.0,191.0,196.0,5.0,390.0,208.0,231.0,,0.0,419.0,194.0
2018-03-08 19:00:00,39.0,427.0,197.0,530.0,169.0,0.0,0.0,377.0,205.0,452.0,199.0,0.0,34.0,398.0,206.0,21.0,459.0,181.0,525.0,614.0,167.0,253.0,4.0,381.0,216.0,428.0,13270.0,0.0,416.0,198.0
2018-03-08 20:00:00,39.0,410.0,209.0,533.0,173.0,0.0,0.0,361.0,217.0,435.0,212.0,0.0,34.0,378.0,221.0,21.0,425.0,199.0,593.0,669.0,213.0,232.0,2.0,358.0,233.0,398.0,15797.0,0.0,403.0,208.0
2018-03-08 21:00:00,39.0,401.0,215.0,533.0,177.0,0.0,0.0,351.0,223.0,422.0,222.0,0.0,35.0,369.0,229.0,21.0,411.0,208.0,558.0,600.0,227.0,235.0,2.0,347.0,243.0,396.0,3791.0,0.0,396.0,216.0
2018-03-08 22:00:00,12.0,418.0,208.0,517.0,179.0,0.0,0.0,373.0,213.0,420.0,215.0,0.0,7.0,378.0,220.0,21.0,419.0,196.0,357.0,336.0,216.0,290.0,2.0,356.0,235.0,269.0,,0.0,391.0,213.0
2018-03-08 23:00:00,1.0,434.0,196.0,499.0,176.0,0.0,0.0,390.0,199.0,419.0,203.0,0.0,0.0,387.0,208.0,21.0,438.0,183.0,415.0,487.0,200.0,225.0,2.0,377.0,225.0,316.0,,0.0,398.0,204.0
2018-03-09 00:00:00,0.0,407.0,205.0,530.0,177.0,1.0,0.0,382.0,207.0,425.0,209.0,0.0,4.0,373.0,220.0,18.0,410.0,197.0,503.0,509.0,157.0,327.0,0.0,345.0,239.0,204.0,,0.0,388.0,213.0
2018-03-09 01:00:00,0.0,412.0,199.0,536.0,176.0,0.0,0.0,372.0,193.0,436.0,204.0,0.0,0.0,380.0,211.0,,,,319.0,297.0,182.0,246.0,0.0,350.0,226.0,109.0,,0.0,387.0,208.0
2018-03-09 02:00:00,0.0,418.0,189.0,536.0,172.0,0.0,0.0,374.0,176.0,446.0,195.0,0.0,0.0,388.0,200.0,,,,247.0,223.0,174.0,216.0,0.0,365.0,211.0,128.0,,0.0,395.0,199.0
2018-03-09 03:00:00,0.0,424.0,181.0,538.0,168.0,0.0,0.0,384.0,163.0,452.0,188.0,0.0,0.0,392.0,192.0,,,,211.0,195.0,168.0,186.0,0.0,379.0,199.0,114.0,,0.0,402.0,191.0
2018-03-09 06:00:00,0.0,434.0,168.0,538.0,157.0,0.0,0.0,396.0,140.0,473.0,171.0,0.0,0.0,395.0,178.0,,,,166.0,162.0,150.0,152.0,0.0,402.0,178.0,117.0,,0.0,416.0,174.0
2018-03-09 08:00:00,201.0,478.0,184.0,565.0,153.0,3.0,24.0,459.0,165.0,473.0,185.0,0.0,1.0,393.0,192.0,41.0,427.0,176.0,331.0,312.0,176.0,222.0,7.0,363.0,203.0,108.0,,52.0,405.0,188.0
2018-03-09 09:00:00,222.0,448.0,187.0,525.0,160.0,0.0,39.0,440.0,171.0,456.0,185.0,0.0,2.0,386.0,198.0,42.0,427.0,180.0,438.0,465.0,177.0,254.0,9.0,360.0,208.0,165.0,,63.0,403.0,192.0
2018-03-09 10:00:00,256.0,742.0,210.0,516.0,173.0,1.0,80.0,404.0,187.0,456.0,196.0,4.0,12.0,415.0,215.0,54.0,405.0,203.0,534.0,614.0,129.0,342.0,14.0,350.0,226.0,275.0,,76.0,407.0,204.0
2018-03-09 11:00:00,298.0,666.0,211.0,534.0,186.0,0.0,183.0,395.0,200.0,478.0,205.0,1.0,28.0,423.0,225.0,65.0,423.0,211.0,529.0,569.0,176.0,362.0,30.0,363.0,238.0,208.0,63819.0,96.0,438.0,213.0
2018-03-09 12:00:00,325.0,499.0,202.0,517.0,183.0,0.0,332.0,383.0,200.0,461.0,202.0,0.0,3.0,409.0,216.0,70.0,443.0,198.0,344.0,326.0,202.0,262.0,56.0,375.0,230.0,120.0,,112.0,412.0,213.0
2018-03-09 13:00:00,376.0,463.0,193.0,511.0,177.0,0.0,607.0,375.0,200.0,461.0,192.0,0.0,4.0,413.0,204.0,68.0,463.0,183.0,263.0,237.0,190.0,203.0,90.0,385.0,218.0,114.0,,190.0,410.0,204.0
2018-03-09 14:00:00,560.0,454.0,188.0,508.0,173.0,0.0,626.0,366.0,204.0,463.0,186.0,0.0,4.0,415.0,199.0,65.0,474.0,175.0,221.0,199.0,177.0,182.0,107.0,385.0,213.0,110.0,,364.0,411.0,199.0
2018-03-09 15:00:00,584.0,448.0,185.0,508.0,171.0,0.0,464.0,370.0,208.0,461.0,183.0,17.0,6.0,414.0,196.0,55.0,481.0,170.0,198.0,186.0,168.0,171.0,126.0,380.0,211.0,122.0,,503.0,408.0,199.0
2018-03-09 16:00:00,623.0,444.0,184.0,496.0,171.0,0.0,241.0,381.0,208.0,447.0,184.0,23.0,6.0,415.0,193.0,36.0,488.0,166.0,182.0,173.0,162.0,163.0,110.0,378.0,209.0,111.0,,456.0,403.0,199.0
2018-03-09 17:00:00,119.0,439.0,189.0,494.0,171.0,0.0,24.0,384.0,209.0,446.0,188.0,3.0,0.0,404.0,200.0,16.0,472.0,174.0,473.0,579.0,175.0,178.0,9.0,373.0,214.0,166.0,,58.0,407.0,203.0
2018-03-09 18:00:00,22.0,403.0,207.0,499.0,177.0,0.0,0.0,363.0,228.0,421.0,210.0,0.0,16.0,353.0,224.0,20.0,356.0,209.0,589.0,667.0,210.0,216.0,0.0,318.0,237.0,412.0,,0.0,378.0,215.0
2018-03-09 19:00:00,38.0,359.0,218.0,491.0,184.0,0.0,1.0,336.0,240.0,398.0,225.0,0.0,32.0,319.0,235.0,21.0,325.0,218.0,588.0,671.0,223.0,230.0,1.0,293.0,248.0,468.0,33489.0,0.0,355.0,221.0
2018-03-09 20:00:00,5.0,371.0,224.0,494.0,190.0,0.0,1.0,335.0,247.0,393.0,234.0,0.0,33.0,328.0,243.0,21.0,326.0,225.0,578.0,665.0,196.0,378.0,2.0,306.0,256.0,431.0,9163.0,0.0,358.0,226.0
2018-03-09 21:00:00,0.0,373.0,227.0,492.0,195.0,0.0,0.0,336.0,251.0,389.0,239.0,0.0,34.0,331.0,248.0,21.0,340.0,226.0,528.0,573.0,190.0,299.0,2.0,308.0,260.0,376.0,,0.0,362.0,232.0
2018-03-09 22:00:00,0.0,377.0,217.0,482.0,196.0,0.0,0.0,348.0,239.0,392.0,229.0,0.0,34.0,345.0,235.0,21.0,364.0,217.0,349.0,322.0,188.0,256.0,2.0,324.0,248.0,327.0,,0.0,356.0,228.0
2018-03-09 23:00:00,0.0,400.0,204.0,481.0,194.0,2.0,0.0,363.0,223.0,404.0,217.0,0.0,9.0,360.0,220.0,11.0,401.0,189.0,273.0,240.0,154.0,325.0,1.0,336.0,232.0,287.0,,0.0,362.0,216.0
2018-03-10 00:00:00,0.0,406.0,195.0,499.0,191.0,0.0,0.0,371.0,210.0,417.0,208.0,0.0,0.0,362.0,210.0,1.0,417.0,180.0,228.0,208.0,133.0,303.0,0.0,342.0,218.0,111.0,,0.0,371.0,208.0
2018-03-10 01:00:00,0.0,413.0,189.0,517.0,186.0,0.0,0.0,377.0,201.0,436.0,202.0,0.0,0.0,372.0,202.0,1.0,437.0,173.0,200.0,171.0,163.0,198.0,0.0,359.0,207.0,122.0,,0.0,381.0,201.0
2018-03-10 02:00:00,0.0,422.0,184.0,525.0,184.0,0.0,0.0,384.0,193.0,451.0,196.0,0.0,0.0,379.0,197.0,1.0,448.0,168.0,185.0,160.0,163.0,167.0,0.0,371.0,199.0,122.0,,0.0,388.0,196.0
2018-03-10 03:00:00,0.0,427.0,179.0,529.0,180.0,0.0,0.0,389.0,186.0,468.0,191.0,0.0,0.0,385.0,191.0,1.0,456.0,164.0,174.0,149.0,158.0,155.0,0.0,380.0,192.0,117.0,,0.0,394.0,191.0
2018-03-10 04:00:00,0.0,431.0,175.0,533.0,177.0,0.0,0.0,393.0,180.0,480.0,186.0,0.0,0.0,390.0,187.0,1.0,462.0,160.0,167.0,148.0,153.0,149.0,0.0,387.0,187.0,120.0,,0.0,399.0,186.0
2018-03-10 05:00:00,0.0,437.0,172.0,535.0,173.0,0.0,0.0,398.0,175.0,489.0,181.0,0.0,0.0,395.0,182.0,1.0,467.0,157.0,161.0,140.0,150.0,145.0,0.0,393.0,183.0,107.0,,0.0,404.0,182.0
2018-03-10 06:00:00,1.0,442.0,169.0,538.0,170.0,0.0,0.0,402.0,171.0,501.0,176.0,0.0,0.0,400.0,179.0,1.0,471.0,154.0,204.0,237.0,146.0,144.0,0.0,400.0,179.0,132.0,,0.0,408.0,178.0
2018-03-10 07:00:00,19.0,430.0,186.0,550.0,168.0,0.0,1.0,395.0,185.0,508.0,187.0,0.0,0.0,393.0,198.0,3.0,432.0,182.0,579.0,603.0,181.0,185.0,0.0,384.0,199.0,170.0,,3.0,408.0,193.0
2018-03-10 08:00:00,56.0,425.0,197.0,553.0,168.0,0.0,8.0,389.0,197.0,474.0,197.0,0.0,0.0,391.0,207.0,9.0,415.0,191.0,404.0,330.0,196.0,200.0,2.0,372.0,214.0,158.0,,13.0,396.0,202.0
2018-03-10 09:00:00,98.0,427.0,189.0,555.0,168.0,1.0,18.0,400.0,188.0,473.0,189.0,0.0,0.0,411.0,197.0,17.0,474.0,177.0,366.0,355.0,148.0,270.0,2.0,382.0,207.0,356.0,,26.0,403.0,196.0
2018-03-10 10:00:00,96.0,422.0,202.0,556.0,169.0,0.0,15.0,396.0,200.0,461.0,197.0,0.0,0.0,396.0,212.0,16.0,433.0,199.0,528.0,496.0,173.0,384.0,2.0,375.0,221.0,157.0,35385.0,23.0,400.0,209.0
2018-03-10 11:00:00,95.0,418.0,198.0,526.0,168.0,0.0,17.0,396.0,197.0,439.0,194.0,0.0,0.0,394.0,205.0,19.0,432.0,188.0,336.0,252.0,191.0,227.0,3.0,367.0,217.0,119.0,,24.0,389.0,206.0
2018-03-10 12:00:00,169.0,422.0,188.0,506.0,165.0,0.0,33.0,402.0,187.0,442.0,183.0,0.0,0.0,405.0,192.0,32.0,450.0,175.0,254.0,180.0,176.0,170.0,6.0,378.0,203.0,115.0,,46.0,395.0,197.0
2018-03-10 13:00:00,119.0,848.0,199.0,529.0,163.0,0.0,22.0,441.0,182.0,484.0,178.0,5.0,30.0,489.0,188.0,26.0,508.0,177.0,325.0,374.0,129.0,284.0,7.0,431.0,197.0,1366.0,13272.0,29.0,432.0,191.0
2018-03-10 14:00:00,89.0,733.0,198.0,552.0,163.0,0.0,17.0,456.0,192.0,486.0,184.0,0.0,35.0,484.0,201.0,38.0,486.0,190.0,395.0,321.0,173.0,237.0,3.0,419.0,215.0,189.0,,24.0,442.0,204.0
2018-03-10 15:00:00,76.0,588.0,189.0,533.0,162.0,0.0,13.0,441.0,186.0,481.0,177.0,0.0,35.0,460.0,193.0,35.0,498.0,178.0,277.0,201.0,175.0,180.0,2.0,417.0,204.0,168.0,,20.0,429.0,200.0
2018-03-10 16:00:00,31.0,530.0,181.0,519.0,161.0,0.0,4.0,444.0,180.0,484.0,169.0,0.0,34.0,454.0,186.0,26.0,508.0,167.0,221.0,160.0,163.0,155.0,0.0,425.0,194.0,197.0,,6.0,433.0,192.0
2018-03-10 17:00:00,6.0,506.0,175.0,510.0,159.0,0.0,0.0,446.0,174.0,486.0,162.0,0.0,34.0,450.0,180.0,21.0,510.0,161.0,191.0,152.0,153.0,145.0,0.0,430.0,186.0,165.0,,0.0,435.0,185.0
2018-03-10 18:00:00,1.0,496.0,171.0,506.0,156.0,0.0,0.0,449.0,170.0,489.0,157.0,0.0,34.0,448.0,176.0,21.0,512.0,156.0,170.0,143.0,146.0,138.0,0.0,433.0,180.0,384.0,,0.0,438.0,179.0
2018-03-10 19:00:00,13.0,495.0,178.0,520.0,155.0,0.0,0.0,442.0,174.0,513.0,161.0,0.0,37.0,457.0,186.0,9.0,507.0,178.0,451.0,511.0,147.0,275.0,5.0,440.0,198.0,2158.0,15484.0,0.0,447.0,185.0
2018-03-10 20:00:00,1.0,461.0,197.0,554.0,158.0,0.0,0.0,412.0,200.0,490.0,187.0,0.0,4.0,414.0,212.0,21.0,442.0,211.0,584.0,590.0,203.0,238.0,2.0,375.0,244.0,1276.0,11060.0,0.0,425.0,202.0
2018-03-10 21:00:00,3.0,447.0,207.0,558.0,166.0,0.0,0.0,395.0,216.0,459.0,206.0,0.0,3.0,403.0,225.0,21.0,412.0,226.0,565.0,563.0,223.0,234.0,2.0,348.0,265.0,317.0,5688.0,0.0,421.0,212.0
2018-03-10 22:00:00,1.0,455.0,203.0,555.0,172.0,0.0,0.0,404.0,212.0,463.0,205.0,0.0,27.0,420.0,217.0,21.0,425.0,208.0,353.0,283.0,211.0,215.0,3.0,356.0,248.0,303.0,,0.0,414.0,214.0
2018-03-10 23:00:00,1.0,462.0,193.0,551.0,173.0,4.0,0.0,418.0,199.0,469.0,197.0,0.0,40.0,429.0,205.0,21.0,454.0,187.0,267.0,207.0,182.0,205.0,3.0,378.0,226.0,336.0,948.0,0.0,417.0,205.0
2018-03-11 00:00:00,30.0,468.0,187.0,563.0,175.0,2.0,0.0,429.0,190.0,476.0,190.0,0.0,11.0,430.0,196.0,2.0,475.0,174.0,232.0,199.0,110.0,316.0,0.0,392.0,211.0,224.0,,0.0,418.0,198.0
2018-03-11 01:00:00,39.0,457.0,183.0,557.0,172.0,0.0,0.0,434.0,183.0,482.0,184.0,0.0,0.0,432.0,189.0,1.0,493.0,167.0,197.0,164.0,148.0,192.0,0.0,402.0,200.0,163.0,,0.0,422.0,192.0
2018-03-11 02:00:00,40.0,452.0,180.0,566.0,169.0,0.0,0.0,435.0,177.0,504.0,181.0,0.0,0.0,434.0,184.0,1.0,502.0,161.0,178.0,156.0,153.0,160.0,0.0,410.0,192.0,178.0,,0.0,424.0,187.0
2018-03-11 03:00:00,40.0,451.0,178.0,574.0,168.0,0.0,0.0,436.0,173.0,503.0,178.0,0.0,0.0,435.0,180.0,1.0,507.0,157.0,167.0,144.0,150.0,149.0,0.0,416.0,187.0,182.0,,0.0,427.0,183.0
2018-03-11 05:00:00,39.0,453.0,172.0,576.0,163.0,0.0,0.0,442.0,164.0,537.0,171.0,0.0,0.0,440.0,172.0,1.0,514.0,149.0,150.0,151.0,140.0,138.0,0.0,428.0,176.0,139.0,,0.0,433.0,174.0
2018-03-11 06:00:00,40.0,453.0,170.0,575.0,162.0,0.0,0.0,442.0,163.0,537.0,170.0,0.0,0.0,440.0,171.0,1.0,514.0,148.0,150.0,140.0,140.0,137.0,0.0,428.0,174.0,152.0,,0.0,434.0,173.0
2018-03-11 08:00:00,190.0,441.0,192.0,595.0,164.0,0.0,41.0,423.0,189.0,505.0,194.0,0.0,0.0,420.0,199.0,29.0,,,334.0,276.0,188.0,192.0,1.0,373.0,219.0,112.0,,52.0,412.0,198.0
2018-03-11 09:00:00,209.0,442.0,190.0,589.0,165.0,0.0,42.0,423.0,187.0,503.0,192.0,0.0,1.0,424.0,196.0,35.0,457.0,181.0,303.0,250.0,185.0,187.0,2.0,379.0,214.0,190.0,,55.0,412.0,196.0
2018-03-11 11:00:00,367.0,733.0,213.0,655.0,177.0,0.0,98.0,435.0,215.0,521.0,210.0,12.0,7.0,450.0,220.0,73.0,451.0,208.0,399.0,347.0,166.0,284.0,20.0,384.0,237.0,135.0,,112.0,462.0,216.0
2018-03-11 14:00:00,485.0,491.0,192.0,576.0,180.0,0.0,240.0,435.0,210.0,498.0,199.0,11.0,8.0,451.0,197.0,67.0,510.0,175.0,211.0,181.0,170.0,167.0,52.0,420.0,207.0,119.0,,208.0,442.0,200.0
2018-03-11 16:00:00,51.0,473.0,184.0,548.0,183.0,0.0,8.0,431.0,212.0,484.0,193.0,0.0,4.0,443.0,190.0,10.0,514.0,166.0,170.0,151.0,155.0,150.0,3.0,413.0,199.0,116.0,,15.0,433.0,195.0
2018-03-11 17:00:00,30.0,477.0,183.0,544.0,183.0,0.0,4.0,429.0,211.0,484.0,191.0,0.0,4.0,444.0,190.0,7.0,511.0,168.0,387.0,507.0,157.0,155.0,1.0,417.0,199.0,155.0,5688.0,7.0,438.0,193.0
2018-03-11 19:00:00,1.0,493.0,207.0,563.0,184.0,0.0,0.0,413.0,229.0,523.0,199.0,0.0,39.0,458.0,221.0,25.0,531.0,212.0,539.0,589.0,152.0,270.0,3.0,414.0,235.0,815.0,6004.0,0.0,450.0,216.0
2018-03-11 20:00:00,1.0,483.0,212.0,564.0,184.0,0.0,0.0,407.0,235.0,517.0,202.0,0.0,39.0,441.0,229.0,25.0,488.0,223.0,595.0,589.0,,,3.0,403.0,244.0,677.0,2528.0,0.0,441.0,224.0
2018-03-11 21:00:00,0.0,449.0,222.0,565.0,187.0,0.0,0.0,393.0,248.0,489.0,212.0,0.0,40.0,409.0,240.0,25.0,415.0,232.0,453.0,389.0,232.0,241.0,3.0,353.0,269.0,306.0,,0.0,427.0,228.0
2018-03-11 22:00:00,33.0,463.0,213.0,555.0,188.0,0.0,0.0,403.0,236.0,483.0,210.0,0.0,40.0,427.0,227.0,24.0,452.0,213.0,328.0,254.0,206.0,202.0,3.0,375.0,248.0,410.0,,0.0,430.0,221.0
2018-03-11 23:00:00,9.0,478.0,205.0,541.0,188.0,0.0,0.0,416.0,223.0,481.0,205.0,0.0,40.0,446.0,215.0,24.0,507.0,194.0,263.0,213.0,138.0,291.0,3.0,403.0,230.0,333.0,,0.0,439.0,214.0
2018-03-12 00:00:00,0.0,487.0,197.0,561.0,189.0,4.0,0.0,427.0,213.0,498.0,201.0,1.0,4.0,456.0,207.0,3.0,527.0,184.0,232.0,205.0,116.0,296.0,0.0,426.0,216.0,171.0,316.0,0.0,446.0,207.0
2018-03-12 01:00:00,0.0,500.0,191.0,553.0,187.0,0.0,0.0,435.0,206.0,506.0,197.0,0.0,0.0,473.0,199.0,1.0,549.0,177.0,201.0,167.0,153.0,188.0,0.0,449.0,206.0,123.0,,0.0,454.0,201.0
2018-03-12 02:00:00,0.0,509.0,187.0,560.0,184.0,0.0,0.0,440.0,199.0,518.0,193.0,0.0,0.0,483.0,193.0,1.0,560.0,172.0,183.0,159.0,159.0,158.0,0.0,463.0,198.0,121.0,,0.0,461.0,196.0
2018-03-12 03:00:00,0.0,513.0,183.0,563.0,182.0,0.0,0.0,443.0,194.0,528.0,188.0,0.0,0.0,489.0,188.0,1.0,564.0,168.0,172.0,148.0,155.0,148.0,0.0,471.0,192.0,129.0,,0.0,466.0,191.0
2018-03-12 04:00:00,0.0,513.0,179.0,567.0,179.0,0.0,0.0,447.0,189.0,534.0,184.0,0.0,0.0,490.0,184.0,1.0,565.0,164.0,165.0,148.0,151.0,145.0,0.0,476.0,187.0,115.0,,0.0,469.0,187.0
2018-03-12 05:00:00,0.0,513.0,176.0,573.0,176.0,0.0,0.0,448.0,185.0,543.0,181.0,0.0,0.0,491.0,181.0,1.0,565.0,161.0,159.0,141.0,147.0,142.0,0.0,480.0,183.0,115.0,,0.0,472.0,183.0
2018-03-12 06:00:00,1.0,513.0,173.0,577.0,174.0,0.0,0.0,451.0,181.0,550.0,178.0,0.0,0.0,491.0,178.0,1.0,571.0,158.0,202.0,237.0,145.0,141.0,0.0,485.0,179.0,146.0,6952.0,0.0,477.0,179.0
2018-03-12 07:00:00,20.0,760.0,191.0,611.0,173.0,0.0,0.0,450.0,193.0,584.0,180.0,0.0,8.0,528.0,195.0,8.0,616.0,172.0,559.0,577.0,122.0,325.0,0.0,476.0,204.0,242.0,11060.0,1.0,539.0,186.0
2018-03-12 08:00:00,50.0,618.0,196.0,621.0,173.0,0.0,7.0,440.0,204.0,565.0,187.0,0.0,0.0,491.0,203.0,32.0,536.0,184.0,406.0,349.0,175.0,255.0,1.0,440.0,215.0,150.0,,12.0,515.0,195.0
2018-03-12 09:00:00,128.0,559.0,188.0,594.0,176.0,0.0,24.0,449.0,197.0,553.0,188.0,7.0,0.0,525.0,194.0,51.0,630.0,176.0,286.0,229.0,158.0,231.0,5.0,454.0,203.0,1487.0,,34.0,498.0,191.0
2018-03-12 10:00:00,167.0,560.0,185.0,589.0,177.0,0.0,31.0,462.0,192.0,555.0,185.0,8.0,1.0,536.0,191.0,59.0,642.0,176.0,369.0,391.0,135.0,289.0,7.0,489.0,198.0,266.0,9796.0,45.0,513.0,188.0
2018-03-12 11:00:00,217.0,681.0,206.0,583.0,182.0,3.0,40.0,437.0,212.0,550.0,193.0,10.0,1.0,499.0,212.0,69.0,530.0,201.0,559.0,554.0,146.0,305.0,9.0,450.0,221.0,337.0,12956.0,59.0,510.0,200.0
2018-03-12 12:00:00,291.0,751.0,215.0,624.0,186.0,0.0,60.0,436.0,224.0,547.0,213.0,12.0,2.0,504.0,222.0,87.0,506.0,210.0,487.0,446.0,139.0,340.0,14.0,437.0,235.0,190.0,3160.0,85.0,522.0,209.0
2018-03-12 13:00:00,289.0,595.0,206.0,600.0,188.0,0.0,59.0,438.0,219.0,521.0,210.0,11.0,2.0,486.0,212.0,86.0,513.0,198.0,323.0,251.0,184.0,236.0,14.0,436.0,226.0,133.0,,84.0,500.0,207.0
2018-03-12 14:00:00,206.0,536.0,196.0,580.0,187.0,0.0,42.0,442.0,211.0,515.0,203.0,7.0,1.0,485.0,202.0,68.0,534.0,186.0,256.0,207.0,152.0,232.0,9.0,444.0,212.0,1881.0,948.0,59.0,486.0,200.0
2018-03-12 15:00:00,135.0,522.0,194.0,572.0,186.0,0.0,28.0,445.0,208.0,518.0,200.0,4.0,0.0,484.0,201.0,54.0,539.0,188.0,406.0,448.0,163.0,215.0,6.0,455.0,211.0,1300.0,11060.0,38.0,489.0,198.0
2018-03-12 16:00:00,75.0,497.0,211.0,579.0,188.0,0.0,13.0,425.0,227.0,506.0,216.0,1.0,0.0,463.0,225.0,38.0,495.0,215.0,558.0,548.0,171.0,364.0,2.0,407.0,241.0,803.0,6952.0,19.0,478.0,211.0
2018-03-12 17:00:00,28.0,484.0,219.0,585.0,192.0,0.0,2.0,425.0,234.0,497.0,224.0,0.0,2.0,459.0,234.0,26.0,464.0,225.0,495.0,529.0,157.0,272.0,0.0,383.0,249.0,1096.0,8216.0,4.0,470.0,219.0
2018-03-12 18:00:00,2.0,501.0,222.0,584.0,196.0,0.0,0.0,430.0,238.0,495.0,228.0,0.0,3.0,501.0,240.0,21.0,511.0,231.0,433.0,412.0,188.0,223.0,2.0,407.0,252.0,581.0,4424.0,0.0,483.0,223.0
2018-03-12 19:00:00,2.0,487.0,214.0,577.0,196.0,0.0,0.0,433.0,228.0,493.0,222.0,0.0,6.0,444.0,227.0,21.0,473.0,213.0,306.0,252.0,138.0,301.0,3.0,405.0,240.0,237.0,,0.0,464.0,220.0
2018-03-12 20:00:00,1.0,481.0,205.0,563.0,195.0,0.0,0.0,439.0,217.0,488.0,212.0,0.0,3.0,448.0,215.0,21.0,500.0,198.0,247.0,195.0,172.0,216.0,3.0,416.0,225.0,211.0,,0.0,460.0,212.0
2018-03-12 21:00:00,1.0,483.0,198.0,553.0,192.0,0.0,0.0,444.0,208.0,490.0,205.0,0.0,4.0,453.0,207.0,21.0,511.0,189.0,214.0,175.0,175.0,181.0,3.0,428.0,214.0,224.0,,0.0,461.0,206.0
2018-03-12 22:00:00,2.0,492.0,194.0,546.0,189.0,0.0,0.0,447.0,202.0,495.0,199.0,0.0,4.0,456.0,203.0,21.0,516.0,184.0,323.0,378.0,163.0,193.0,3.0,439.0,210.0,256.0,9164.0,0.0,466.0,201.0
2018-03-12 23:00:00,1.0,476.0,211.0,555.0,187.0,0.0,0.0,427.0,218.0,494.0,211.0,0.0,36.0,426.0,226.0,21.0,450.0,216.0,592.0,667.0,199.0,226.0,2.0,400.0,241.0,377.0,10112.0,0.0,461.0,212.0
2018-03-13 00:00:00,0.0,439.0,219.0,594.0,191.0,3.0,0.0,412.0,228.0,480.0,224.0,1.0,3.0,395.0,235.0,2.0,412.0,220.0,453.0,446.0,151.0,339.0,0.0,363.0,249.0,156.0,1264.0,0.0,432.0,219.0
2018-03-13 01:00:00,0.0,443.0,210.0,582.0,191.0,0.0,0.0,422.0,217.0,487.0,217.0,0.0,0.0,413.0,220.0,1.0,449.0,204.0,305.0,277.0,188.0,234.0,0.0,382.0,232.0,117.0,,0.0,431.0,214.0
2018-03-13 02:00:00,0.0,451.0,201.0,587.0,190.0,0.0,0.0,430.0,206.0,493.0,210.0,0.0,0.0,425.0,210.0,1.0,474.0,192.0,246.0,211.0,183.0,193.0,0.0,400.0,218.0,136.0,,0.0,439.0,207.0
2018-03-13 03:00:00,0.0,457.0,195.0,598.0,188.0,0.0,0.0,437.0,198.0,495.0,205.0,0.0,0.0,431.0,203.0,1.0,488.0,184.0,213.0,186.0,176.0,175.0,0.0,415.0,207.0,125.0,,0.0,443.0,201.0
2018-03-13 04:00:00,0.0,461.0,190.0,599.0,185.0,0.0,0.0,441.0,191.0,502.0,200.0,0.0,0.0,436.0,198.0,1.0,497.0,178.0,193.0,167.0,168.0,167.0,0.0,425.0,200.0,116.0,,0.0,447.0,196.0
2018-03-13 05:00:00,0.0,465.0,186.0,600.0,183.0,0.0,0.0,444.0,186.0,504.0,196.0,0.0,0.0,439.0,194.0,1.0,502.0,173.0,180.0,158.0,162.0,162.0,0.0,432.0,194.0,124.0,316.0,0.0,450.0,191.0
2018-03-13 06:00:00,5.0,468.0,182.0,598.0,181.0,0.0,0.0,447.0,181.0,513.0,192.0,0.0,0.0,441.0,191.0,1.0,507.0,170.0,197.0,224.0,158.0,158.0,0.0,439.0,189.0,132.0,5372.0,0.0,453.0,187.0
2018-03-13 07:00:00,47.0,722.0,199.0,610.0,180.0,0.0,5.0,441.0,192.0,540.0,201.0,0.0,22.0,478.0,205.0,7.0,485.0,191.0,550.0,622.0,130.0,309.0,0.0,428.0,210.0,271.0,11692.0,9.0,484.0,196.0
2018-03-13 08:00:00,88.0,563.0,205.0,611.0,184.0,3.0,16.0,432.0,204.0,512.0,213.0,0.0,35.0,442.0,216.0,39.0,451.0,200.0,408.0,396.0,179.0,249.0,3.0,404.0,223.0,211.0,1264.0,24.0,460.0,207.0
2018-03-13 09:00:00,204.0,941.0,211.0,613.0,186.0,1.0,43.0,445.0,197.0,515.0,207.0,4.0,13.0,477.0,207.0,60.0,492.0,188.0,289.0,269.0,105.0,358.0,8.0,413.0,212.0,263.0,2528.0,56.0,455.0,201.0
2018-03-13 10:00:00,181.0,876.0,197.0,596.0,184.0,0.0,34.0,461.0,192.0,506.0,201.0,3.0,0.0,469.0,199.0,53.0,510.0,180.0,231.0,196.0,156.0,219.0,7.0,432.0,203.0,140.0,,50.0,458.0,195.0
2018-03-13 11:00:00,191.0,775.0,188.0,582.0,182.0,0.0,32.0,460.0,188.0,502.0,195.0,3.0,0.0,458.0,193.0,54.0,516.0,174.0,200.0,170.0,162.0,175.0,7.0,442.0,195.0,150.0,,50.0,460.0,190.0
2018-03-13 12:00:00,297.0,752.0,184.0,574.0,179.0,0.0,62.0,461.0,185.0,501.0,190.0,5.0,1.0,459.0,189.0,70.0,521.0,170.0,184.0,163.0,160.0,161.0,15.0,450.0,190.0,141.0,,86.0,464.0,187.0
2018-03-13 13:00:00,427.0,746.0,181.0,565.0,177.0,0.0,189.0,461.0,185.0,504.0,187.0,8.0,3.0,461.0,186.0,81.0,522.0,168.0,172.0,150.0,155.0,154.0,42.0,456.0,186.0,143.0,,157.0,465.0,184.0
2018-03-13 14:00:00,292.0,729.0,179.0,556.0,176.0,0.0,60.0,460.0,186.0,504.0,184.0,5.0,1.0,463.0,184.0,66.0,524.0,166.0,167.0,152.0,153.0,149.0,14.0,458.0,185.0,148.0,316.0,82.0,464.0,183.0
2018-03-13 15:00:00,312.0,701.0,176.0,551.0,176.0,0.0,87.0,459.0,186.0,506.0,182.0,5.0,1.0,466.0,182.0,63.0,526.0,164.0,161.0,146.0,150.0,146.0,25.0,463.0,182.0,134.0,,121.0,465.0,180.0
2018-03-13 16:00:00,94.0,681.0,173.0,547.0,175.0,0.0,12.0,458.0,184.0,506.0,180.0,0.0,0.0,466.0,180.0,35.0,526.0,162.0,159.0,146.0,148.0,144.0,2.0,468.0,180.0,148.0,,22.0,466.0,178.0
2018-03-13 17:00:00,29.0,648.0,178.0,544.0,175.0,0.0,3.0,454.0,189.0,508.0,183.0,0.0,0.0,458.0,189.0,26.0,508.0,175.0,464.0,563.0,162.0,166.0,0.0,455.0,190.0,193.0,13904.0,6.0,473.0,184.0
2018-03-13 18:00:00,5.0,531.0,197.0,547.0,178.0,0.0,0.0,426.0,213.0,480.0,204.0,0.0,3.0,431.0,213.0,21.0,437.0,206.0,537.0,577.0,177.0,337.0,8.0,398.0,224.0,1255.0,8848.0,0.0,444.0,204.0
2018-03-13 19:00:00,12.0,505.0,208.0,558.0,184.0,0.0,0.0,414.0,226.0,473.0,218.0,0.0,3.0,430.0,228.0,21.0,427.0,227.0,586.0,654.0,209.0,257.0,8.0,398.0,247.0,372.0,11060.0,0.0,451.0,216.0
2018-03-13 20:00:00,2.0,474.0,218.0,547.0,191.0,0.0,0.0,399.0,238.0,443.0,232.0,0.0,3.0,397.0,239.0,21.0,390.0,239.0,571.0,656.0,219.0,387.0,4.0,370.0,261.0,346.0,10112.0,0.0,430.0,224.0
2018-03-13 21:00:00,5.0,461.0,223.0,544.0,197.0,0.0,0.0,394.0,245.0,433.0,241.0,0.0,37.0,389.0,248.0,21.0,374.0,246.0,554.0,624.0,227.0,305.0,3.0,361.0,270.0,361.0,6636.0,0.0,427.0,231.0
2018-03-13 22:00:00,0.0,469.0,216.0,548.0,199.0,0.0,0.0,402.0,237.0,436.0,235.0,0.0,39.0,398.0,240.0,21.0,386.0,228.0,366.0,332.0,215.0,274.0,2.0,369.0,260.0,309.0,,0.0,413.0,231.0
2018-03-13 23:00:00,5.0,463.0,205.0,535.0,197.0,0.0,0.0,415.0,222.0,444.0,221.0,0.0,39.0,407.0,225.0,21.0,390.0,205.0,282.0,244.0,197.0,219.0,2.0,386.0,242.0,319.0,316.0,0.0,413.0,220.0
2018-03-14 00:00:00,0.0,477.0,197.0,531.0,195.0,2.0,0.0,425.0,210.0,454.0,211.0,0.0,2.0,401.0,215.0,9.0,395.0,189.0,234.0,220.0,108.0,278.0,1.0,373.0,227.0,1313.0,316.0,0.0,412.0,212.0
2018-03-14 01:00:00,0.0,482.0,189.0,541.0,190.0,0.0,0.0,427.0,201.0,462.0,204.0,0.0,0.0,406.0,206.0,1.0,430.0,180.0,208.0,176.0,150.0,187.0,0.0,386.0,214.0,1086.0,,0.0,416.0,205.0
2018-03-14 02:00:00,0.0,489.0,184.0,553.0,185.0,0.0,0.0,433.0,193.0,475.0,197.0,0.0,0.0,417.0,200.0,1.0,464.0,174.0,189.0,161.0,162.0,166.0,0.0,401.0,205.0,135.0,,0.0,424.0,200.0
2018-03-14 03:00:00,0.0,493.0,179.0,563.0,180.0,0.0,0.0,438.0,186.0,486.0,191.0,0.0,0.0,423.0,194.0,1.0,478.0,169.0,178.0,153.0,160.0,158.0,0.0,411.0,197.0,117.0,,0.0,427.0,195.0
2018-03-14 04:00:00,0.0,496.0,175.0,569.0,176.0,0.0,0.0,442.0,180.0,494.0,185.0,0.0,0.0,426.0,189.0,1.0,483.0,165.0,170.0,149.0,156.0,152.0,0.0,418.0,192.0,118.0,,0.0,431.0,190.0
2018-03-14 05:00:00,0.0,498.0,171.0,570.0,171.0,0.0,0.0,444.0,174.0,493.0,180.0,0.0,0.0,430.0,185.0,1.0,487.0,161.0,164.0,144.0,152.0,147.0,0.0,423.0,186.0,117.0,,0.0,435.0,186.0
2018-03-14 06:00:00,7.0,500.0,168.0,574.0,166.0,0.0,0.0,447.0,169.0,505.0,175.0,0.0,0.0,434.0,180.0,2.0,490.0,158.0,180.0,190.0,150.0,146.0,0.0,428.0,182.0,129.0,6636.0,0.0,438.0,182.0
2018-03-14 07:00:00,80.0,630.0,188.0,592.0,163.0,0.0,9.0,436.0,182.0,529.0,185.0,1.0,6.0,433.0,200.0,11.0,430.0,190.0,516.0,553.0,143.0,257.0,0.0,394.0,209.0,290.0,10744.0,15.0,440.0,197.0
2018-03-14 08:00:00,187.0,848.0,208.0,632.0,168.0,0.0,32.0,456.0,190.0,528.0,196.0,8.0,28.0,490.0,205.0,41.0,427.0,193.0,329.0,311.0,99.0,364.0,6.0,381.0,216.0,612.0,4740.0,43.0,437.0,204.0
2018-03-14 09:00:00,223.0,713.0,194.0,591.0,173.0,0.0,44.0,479.0,185.0,526.0,189.0,0.0,2.0,511.0,195.0,77.0,480.0,176.0,253.0,205.0,146.0,243.0,10.0,397.0,204.0,135.0,,62.0,432.0,196.0
2018-03-14 10:00:00,271.0,612.0,184.0,568.0,171.0,0.0,56.0,468.0,180.0,518.0,182.0,0.0,2.0,468.0,187.0,85.0,503.0,167.0,209.0,162.0,159.0,173.0,12.0,419.0,194.0,145.0,,75.0,442.0,189.0
2018-03-14 11:00:00,251.0,566.0,178.0,560.0,168.0,0.0,46.0,467.0,177.0,517.0,177.0,0.0,1.0,462.0,182.0,79.0,514.0,162.0,187.0,154.0,155.0,155.0,10.0,433.0,187.0,142.0,316.0,67.0,453.0,184.0
2018-03-14 12:00:00,268.0,525.0,175.0,552.0,166.0,0.0,47.0,469.0,174.0,514.0,174.0,0.0,2.0,462.0,179.0,79.0,517.0,159.0,171.0,143.0,150.0,145.0,10.0,441.0,182.0,130.0,,71.0,457.0,180.0
2018-03-14 13:00:00,230.0,509.0,172.0,547.0,164.0,0.0,41.0,471.0,172.0,512.0,170.0,0.0,1.0,459.0,175.0,71.0,516.0,156.0,163.0,145.0,146.0,142.0,9.0,445.0,178.0,143.0,,59.0,458.0,177.0
2018-03-14 14:00:00,210.0,500.0,169.0,542.0,162.0,0.0,62.0,471.0,170.0,511.0,167.0,0.0,1.0,459.0,173.0,62.0,515.0,154.0,157.0,138.0,144.0,138.0,13.0,448.0,175.0,143.0,,67.0,459.0,174.0
2018-03-14 15:00:00,169.0,497.0,167.0,539.0,160.0,0.0,35.0,471.0,169.0,511.0,164.0,0.0,0.0,460.0,170.0,57.0,516.0,152.0,154.0,142.0,140.0,137.0,7.0,455.0,172.0,132.0,,44.0,460.0,171.0
2018-03-14 16:00:00,91.0,497.0,165.0,536.0,158.0,0.0,13.0,472.0,167.0,512.0,162.0,0.0,0.0,462.0,168.0,41.0,517.0,151.0,149.0,138.0,140.0,135.0,3.0,460.0,170.0,137.0,,24.0,462.0,168.0
2018-03-14 17:00:00,35.0,489.0,173.0,533.0,161.0,0.0,4.0,463.0,174.0,514.0,166.0,0.0,0.0,454.0,179.0,27.0,485.0,170.0,454.0,533.0,158.0,161.0,1.0,437.0,185.0,209.0,15168.0,8.0,468.0,177.0
2018-03-14 18:00:00,2.0,458.0,195.0,513.0,178.0,0.0,0.0,432.0,199.0,493.0,186.0,0.0,5.0,418.0,206.0,22.0,425.0,204.0,508.0,488.0,174.0,219.0,1.0,389.0,216.0,754.0,4424.0,0.0,434.0,199.0
2018-03-14 19:00:00,2.0,476.0,193.0,525.0,177.0,0.0,1.0,452.0,199.0,506.0,187.0,1.0,38.0,464.0,205.0,24.0,500.0,199.0,414.0,481.0,135.0,291.0,9.0,409.0,217.0,1576.0,10744.0,0.0,444.0,198.0
2018-03-14 20:00:00,1.0,462.0,205.0,547.0,175.0,0.0,1.0,435.0,214.0,485.0,202.0,0.0,39.0,419.0,221.0,24.0,429.0,225.0,590.0,613.0,208.0,239.0,3.0,388.0,240.0,605.0,10744.0,0.0,435.0,211.0
2018-03-14 21:00:00,2.0,447.0,215.0,555.0,179.0,0.0,1.0,416.0,229.0,460.0,217.0,0.0,39.0,404.0,233.0,24.0,377.0,239.0,585.0,611.0,226.0,274.0,3.0,368.0,255.0,465.0,10112.0,0.0,435.0,216.0
2018-03-14 22:00:00,3.0,460.0,214.0,554.0,182.0,0.0,0.0,417.0,231.0,455.0,220.0,0.0,39.0,420.0,232.0,24.0,513.0,224.0,405.0,338.0,209.0,347.0,3.0,380.0,250.0,331.0,,0.0,426.0,223.0
2018-03-14 23:00:00,41.0,487.0,204.0,574.0,183.0,6.0,0.0,436.0,218.0,470.0,209.0,0.0,4.0,456.0,216.0,24.0,562.0,204.0,285.0,218.0,151.0,289.0,3.0,415.0,232.0,371.0,316.0,0.0,433.0,215.0
2018-03-15 00:00:00,2.0,478.0,195.0,572.0,180.0,1.0,0.0,446.0,205.0,484.0,199.0,0.0,0.0,449.0,203.0,1.0,514.0,187.0,243.0,198.0,132.0,298.0,0.0,412.0,215.0,151.0,,0.0,432.0,205.0
2018-03-15 01:00:00,0.0,492.0,188.0,569.0,176.0,0.0,0.0,451.0,196.0,496.0,191.0,0.0,0.0,468.0,195.0,1.0,534.0,179.0,208.0,167.0,160.0,187.0,0.0,434.0,204.0,121.0,,0.0,442.0,199.0
2018-03-15 02:00:00,0.0,499.0,184.0,582.0,173.0,0.0,0.0,456.0,190.0,509.0,187.0,0.0,0.0,475.0,190.0,1.0,538.0,174.0,191.0,159.0,160.0,163.0,0.0,446.0,197.0,130.0,316.0,0.0,447.0,194.0
2018-03-15 04:00:00,0.0,501.0,176.0,586.0,165.0,0.0,0.0,467.0,177.0,530.0,176.0,0.0,0.0,483.0,179.0,1.0,536.0,164.0,166.0,148.0,151.0,146.0,0.0,461.0,184.0,114.0,,0.0,456.0,184.0
2018-03-15 05:00:00,0.0,502.0,173.0,586.0,162.0,0.0,0.0,470.0,172.0,543.0,170.0,0.0,0.0,484.0,175.0,1.0,535.0,160.0,162.0,142.0,148.0,143.0,0.0,464.0,180.0,119.0,,0.0,458.0,180.0
2018-03-15 06:00:00,3.0,501.0,170.0,583.0,159.0,0.0,0.0,473.0,168.0,544.0,166.0,0.0,0.0,485.0,171.0,1.0,539.0,158.0,198.0,213.0,146.0,142.0,0.0,468.0,177.0,146.0,6636.0,0.0,462.0,176.0
2018-03-15 07:00:00,67.0,760.0,193.0,623.0,159.0,4.0,6.0,476.0,180.0,565.0,176.0,1.0,18.0,504.0,193.0,7.0,546.0,173.0,555.0,561.0,124.0,324.0,0.0,442.0,203.0,281.0,12324.0,11.0,484.0,191.0
2018-03-15 08:00:00,58.0,855.0,210.0,637.0,164.0,1.0,4.0,480.0,192.0,550.0,189.0,10.0,33.0,531.0,204.0,22.0,505.0,189.0,431.0,374.0,112.0,360.0,0.0,424.0,217.0,364.0,5056.0,6.0,489.0,200.0
2018-03-15 09:00:00,57.0,725.0,194.0,621.0,165.0,0.0,10.0,510.0,185.0,549.0,183.0,5.0,14.0,531.0,192.0,32.0,534.0,177.0,290.0,218.0,139.0,254.0,7.0,441.0,203.0,215.0,,12.0,480.0,193.0
2018-03-15 10:00:00,75.0,616.0,182.0,574.0,161.0,0.0,14.0,491.0,178.0,524.0,173.0,2.0,0.0,503.0,181.0,38.0,535.0,167.0,235.0,173.0,158.0,167.0,12.0,453.0,192.0,148.0,,22.0,474.0,186.0
2018-03-15 11:00:00,82.0,568.0,175.0,558.0,156.0,0.0,14.0,489.0,172.0,520.0,165.0,3.0,0.0,494.0,174.0,39.0,531.0,160.0,,,153.0,148.0,12.0,458.0,184.0,151.0,316.0,23.0,474.0,180.0
2018-03-15 12:00:00,65.0,539.0,170.0,550.0,151.0,0.0,9.0,488.0,167.0,520.0,158.0,1.0,0.0,494.0,168.0,35.0,531.0,156.0,,,147.0,141.0,11.0,461.0,177.0,138.0,,17.0,476.0,176.0
2018-03-15 13:00:00,127.0,526.0,166.0,548.0,147.0,0.0,14.0,488.0,162.0,522.0,152.0,4.0,0.0,493.0,164.0,45.0,529.0,152.0,,,142.0,136.0,13.0,462.0,172.0,157.0,,30.0,476.0,172.0
2018-03-15 14:00:00,175.0,519.0,164.0,548.0,143.0,0.0,26.0,489.0,159.0,524.0,148.0,7.0,0.0,493.0,160.0,55.0,528.0,150.0,,,137.0,134.0,16.0,462.0,168.0,134.0,,47.0,476.0,168.0
2018-03-15 15:00:00,98.0,521.0,161.0,548.0,140.0,0.0,18.0,491.0,155.0,527.0,144.0,4.0,0.0,503.0,157.0,41.0,536.0,147.0,150.0,151.0,128.0,185.0,13.0,474.0,165.0,155.0,,29.0,479.0,165.0
2018-03-15 16:00:00,45.0,521.0,158.0,546.0,137.0,0.0,6.0,492.0,152.0,529.0,140.0,0.0,0.0,504.0,154.0,29.0,538.0,145.0,,,133.0,138.0,10.0,479.0,162.0,138.0,,11.0,480.0,162.0
2018-03-15 17:00:00,12.0,509.0,165.0,547.0,137.0,0.0,0.0,488.0,157.0,531.0,142.0,0.0,0.0,488.0,166.0,23.0,514.0,160.0,576.0,609.0,151.0,157.0,8.0,457.0,178.0,226.0,14852.0,1.0,485.0,169.0
2018-03-15 18:00:00,2.0,473.0,189.0,538.0,152.0,0.0,0.0,457.0,183.0,511.0,163.0,0.0,7.0,437.0,199.0,21.0,442.0,196.0,572.0,610.0,189.0,200.0,8.0,389.0,221.0,314.0,11376.0,0.0,451.0,193.0
2018-03-15 19:00:00,1.0,457.0,197.0,541.0,154.0,0.0,0.0,443.0,195.0,487.0,175.0,0.0,37.0,416.0,210.0,21.0,419.0,203.0,457.0,414.0,199.0,209.0,1.0,364.0,234.0,221.0,1580.0,0.0,434.0,204.0
2018-03-15 20:00:00,1.0,469.0,186.0,536.0,149.0,0.0,0.0,453.0,185.0,490.0,166.0,0.0,38.0,433.0,194.0,21.0,456.0,183.0,291.0,215.0,183.0,180.0,0.0,384.0,214.0,195.0,,0.0,426.0,198.0
2018-03-15 21:00:00,1.0,476.0,177.0,528.0,146.0,0.0,0.0,461.0,175.0,495.0,156.0,0.0,39.0,448.0,182.0,21.0,483.0,168.0,223.0,177.0,166.0,158.0,0.0,407.0,197.0,209.0,632.0,0.0,436.0,188.0
2018-03-15 22:00:00,0.0,476.0,183.0,537.0,143.0,0.0,0.0,459.0,178.0,501.0,159.0,0.0,39.0,437.0,193.0,21.0,464.0,182.0,525.0,585.0,178.0,185.0,10.0,396.0,213.0,397.0,15168.0,0.0,444.0,194.0
2018-03-15 23:00:00,0.0,447.0,203.0,562.0,145.0,0.0,0.0,434.0,201.0,474.0,181.0,0.0,40.0,400.0,221.0,21.0,402.0,212.0,583.0,595.0,207.0,220.0,3.0,344.0,251.0,309.0,11376.0,0.0,420.0,210.0
2018-03-16 00:00:00,1.0,432.0,212.0,581.0,150.0,0.0,0.0,420.0,215.0,454.0,196.0,0.0,23.0,383.0,234.0,13.0,362.0,224.0,549.0,530.0,188.0,285.0,1.0,322.0,267.0,354.0,7268.0,0.0,412.0,221.0
2018-03-16 01:00:00,0.0,434.0,206.0,575.0,153.0,0.0,0.0,427.0,209.0,459.0,191.0,0.0,0.0,397.0,221.0,1.0,390.0,207.0,359.0,274.0,177.0,251.0,0.0,341.0,249.0,116.0,,0.0,400.0,220.0
2018-03-16 02:00:00,0.0,443.0,194.0,549.0,152.0,0.0,0.0,439.0,195.0,469.0,178.0,0.0,0.0,418.0,202.0,1.0,428.0,184.0,268.0,196.0,182.0,181.0,0.0,368.0,225.0,118.0,,0.0,408.0,209.0
2018-03-16 03:00:00,0.0,450.0,186.0,540.0,150.0,0.0,0.0,448.0,185.0,481.0,168.0,0.0,0.0,431.0,190.0,1.0,450.0,172.0,222.0,166.0,172.0,161.0,0.0,389.0,208.0,129.0,,0.0,416.0,199.0
2018-03-16 04:00:00,0.0,454.0,180.0,541.0,147.0,0.0,0.0,454.0,177.0,494.0,161.0,0.0,0.0,442.0,181.0,1.0,466.0,163.0,195.0,157.0,161.0,151.0,0.0,404.0,196.0,107.0,,0.0,424.0,192.0
2018-03-16 05:00:00,0.0,457.0,175.0,538.0,144.0,0.0,0.0,459.0,170.0,500.0,155.0,0.0,0.0,448.0,175.0,1.0,476.0,157.0,175.0,146.0,153.0,144.0,0.0,413.0,188.0,119.0,,0.0,429.0,187.0
2018-03-16 06:00:00,2.0,459.0,171.0,539.0,142.0,0.0,0.0,463.0,165.0,507.0,149.0,0.0,0.0,454.0,170.0,1.0,484.0,153.0,192.0,209.0,148.0,141.0,0.0,420.0,182.0,138.0,5688.0,0.0,433.0,182.0
2018-03-16 07:00:00,44.0,697.0,189.0,580.0,140.0,0.0,4.0,462.0,175.0,540.0,158.0,1.0,16.0,462.0,190.0,8.0,450.0,180.0,537.0,554.0,128.0,304.0,0.0,388.0,209.0,267.0,12956.0,8.0,443.0,194.0
2018-03-16 08:00:00,72.0,576.0,196.0,602.0,142.0,0.0,11.0,458.0,186.0,510.0,171.0,0.0,34.0,442.0,201.0,28.0,449.0,189.0,391.0,318.0,136.0,311.0,2.0,382.0,220.0,1161.0,316.0,18.0,434.0,203.0
2018-03-16 09:00:00,76.0,511.0,185.0,566.0,142.0,0.0,10.0,460.0,177.0,500.0,162.0,0.0,33.0,448.0,187.0,38.0,480.0,173.0,274.0,199.0,156.0,199.0,2.0,398.0,204.0,1224.0,,18.0,431.0,194.0
2018-03-16 10:00:00,184.0,492.0,177.0,546.0,140.0,0.0,29.0,465.0,170.0,500.0,154.0,0.0,35.0,457.0,177.0,63.0,499.0,163.0,216.0,156.0,156.0,152.0,7.0,415.0,191.0,189.0,,49.0,438.0,186.0
2018-03-16 11:00:00,186.0,485.0,172.0,535.0,138.0,0.0,24.0,469.0,165.0,500.0,147.0,0.0,34.0,462.0,171.0,61.0,505.0,156.0,186.0,148.0,149.0,140.0,6.0,425.0,182.0,183.0,,46.0,443.0,181.0
2018-03-16 12:00:00,193.0,481.0,168.0,525.0,135.0,0.0,27.0,470.0,160.0,499.0,141.0,0.0,34.0,464.0,166.0,58.0,505.0,152.0,166.0,133.0,142.0,133.0,7.0,430.0,176.0,174.0,,51.0,446.0,176.0
2018-03-16 13:00:00,266.0,478.0,164.0,520.0,132.0,0.0,47.0,471.0,157.0,501.0,136.0,0.0,35.0,464.0,161.0,76.0,505.0,148.0,155.0,132.0,136.0,128.0,11.0,432.0,170.0,193.0,,74.0,448.0,171.0
2018-03-16 14:00:00,235.0,477.0,162.0,519.0,129.0,0.0,37.0,472.0,154.0,504.0,132.0,0.0,35.0,468.0,157.0,72.0,506.0,145.0,147.0,127.0,132.0,124.0,9.0,435.0,166.0,164.0,,64.0,449.0,168.0
2018-03-16 15:00:00,87.0,479.0,158.0,517.0,127.0,0.0,14.0,474.0,150.0,506.0,128.0,0.0,34.0,470.0,154.0,40.0,508.0,142.0,142.0,123.0,129.0,121.0,3.0,441.0,162.0,190.0,,23.0,452.0,164.0
2018-03-16 16:00:00,47.0,482.0,154.0,515.0,124.0,0.0,5.0,474.0,147.0,506.0,124.0,0.0,34.0,471.0,151.0,31.0,509.0,139.0,136.0,122.0,125.0,118.0,1.0,444.0,159.0,172.0,316.0,11.0,453.0,161.0
2018-03-16 17:00:00,21.0,472.0,162.0,521.0,122.0,0.0,0.0,470.0,152.0,508.0,128.0,0.0,35.0,453.0,164.0,25.0,479.0,157.0,465.0,500.0,151.0,152.0,0.0,422.0,175.0,251.0,15168.0,3.0,457.0,168.0
2018-03-16 18:00:00,23.0,524.0,184.0,555.0,122.0,0.0,0.0,458.0,175.0,498.0,150.0,0.0,36.0,458.0,192.0,21.0,488.0,184.0,489.0,491.0,110.0,326.0,8.0,400.0,210.0,2053.0,4108.0,0.0,444.0,189.0
2018-03-16 19:00:00,0.0,501.0,190.0,570.0,126.0,0.0,0.0,464.0,183.0,486.0,159.0,0.0,16.0,460.0,199.0,21.0,557.0,180.0,432.0,364.0,173.0,221.0,5.0,406.0,222.0,557.0,,0.0,444.0,199.0
2018-03-16 20:00:00,0.0,505.0,179.0,546.0,127.0,0.0,0.0,464.0,173.0,488.0,150.0,0.0,3.0,469.0,183.0,21.0,535.0,169.0,280.0,200.0,169.0,165.0,3.0,414.0,203.0,307.0,,0.0,437.0,192.0
2018-03-16 21:00:00,0.0,512.0,168.0,529.0,125.0,0.0,0.0,469.0,164.0,488.0,140.0,0.0,3.0,476.0,170.0,21.0,529.0,157.0,217.0,153.0,154.0,143.0,3.0,425.0,187.0,154.0,,0.0,442.0,182.0
2018-03-16 22:00:00,2.0,517.0,161.0,518.0,123.0,0.0,0.0,473.0,157.0,490.0,132.0,0.0,3.0,479.0,162.0,21.0,523.0,150.0,182.0,149.0,143.0,133.0,3.0,433.0,176.0,164.0,,0.0,446.0,174.0
2018-03-16 23:00:00,2.0,483.0,169.0,523.0,120.0,0.0,0.0,470.0,162.0,488.0,135.0,0.0,3.0,455.0,175.0,21.0,518.0,151.0,515.0,551.0,167.0,168.0,2.0,419.0,199.0,279.0,21483.0,0.0,447.0,179.0
2018-03-17 00:00:00,28.0,446.0,191.0,565.0,123.0,1.0,0.0,445.0,185.0,473.0,157.0,0.0,11.0,431.0,200.0,25.0,506.0,170.0,551.0,524.0,169.0,257.0,1.0,379.0,238.0,319.0,6951.0,0.0,445.0,195.0
2018-03-17 01:00:00,0.0,460.0,187.0,600.0,128.0,0.0,0.0,452.0,183.0,495.0,159.0,0.0,0.0,457.0,191.0,,,,345.0,256.0,140.0,264.0,0.0,394.0,217.0,120.0,,0.0,461.0,194.0
2018-03-17 02:00:00,0.0,476.0,177.0,571.0,128.0,0.0,0.0,460.0,172.0,497.0,151.0,0.0,0.0,470.0,179.0,,,,257.0,178.0,156.0,170.0,0.0,409.0,200.0,109.0,,0.0,450.0,187.0
2018-03-17 04:00:00,0.0,481.0,161.0,543.0,122.0,0.0,0.0,473.0,154.0,503.0,134.0,0.0,0.0,478.0,158.0,,,,166.0,125.0,135.0,125.0,0.0,431.0,173.0,112.0,,0.0,449.0,172.0
2018-03-17 05:00:00,0.0,477.0,156.0,538.0,119.0,0.0,0.0,476.0,147.0,507.0,127.0,0.0,0.0,478.0,152.0,,,,150.0,123.0,127.0,117.0,0.0,435.0,166.0,110.0,,0.0,449.0,166.0
2018-03-17 06:00:00,4.0,474.0,152.0,557.0,116.0,0.0,0.0,478.0,141.0,521.0,122.0,0.0,0.0,479.0,147.0,,,,171.0,186.0,121.0,116.0,0.0,438.0,160.0,140.0,,0.0,450.0,161.0
2018-03-17 07:00:00,38.0,450.0,166.0,569.0,114.0,0.0,4.0,464.0,155.0,524.0,134.0,0.0,0.0,453.0,163.0,,,,582.0,571.0,155.0,166.0,0.0,434.0,169.0,144.0,,9.0,451.0,167.0
2018-03-17 08:00:00,113.0,429.0,174.0,591.0,115.0,0.0,20.0,443.0,167.0,502.0,148.0,0.0,0.0,426.0,171.0,17.0,490.0,150.0,390.0,312.0,169.0,180.0,0.0,408.0,178.0,116.0,,32.0,432.0,173.0
2018-03-17 09:00:00,177.0,442.0,165.0,569.0,116.0,0.0,30.0,451.0,157.0,506.0,140.0,0.0,0.0,440.0,160.0,23.0,493.0,143.0,253.0,176.0,152.0,143.0,7.0,407.0,172.0,120.0,,47.0,428.0,169.0
2018-03-17 10:00:00,282.0,441.0,169.0,572.0,116.0,0.0,56.0,452.0,159.0,514.0,140.0,0.0,1.0,457.0,163.0,46.0,561.0,149.0,523.0,527.0,166.0,174.0,4.0,426.0,174.0,361.0,26539.0,82.0,437.0,169.0
2018-03-17 11:00:00,336.0,409.0,185.0,579.0,118.0,0.0,84.0,420.0,183.0,457.0,162.0,0.0,1.0,413.0,183.0,62.0,474.0,159.0,585.0,573.0,194.0,207.0,1.0,395.0,198.0,430.0,9479.0,102.0,425.0,179.0
2018-03-17 12:00:00,349.0,402.0,194.0,564.0,123.0,0.0,157.0,403.0,201.0,418.0,175.0,0.0,2.0,403.0,197.0,50.0,369.0,200.0,581.0,570.0,211.0,218.0,3.0,360.0,228.0,240.0,15798.0,115.0,416.0,190.0
2018-03-17 13:00:00,395.0,689.0,206.0,571.0,131.0,1.0,238.0,397.0,211.0,422.0,183.0,2.0,25.0,429.0,203.0,65.0,347.0,208.0,542.0,514.0,141.0,340.0,8.0,344.0,241.0,363.0,3160.0,147.0,427.0,197.0
2018-03-17 14:00:00,517.0,744.0,218.0,540.0,142.0,3.0,291.0,397.0,220.0,407.0,187.0,21.0,19.0,412.0,210.0,62.0,344.0,214.0,547.0,523.0,140.0,337.0,9.0,333.0,246.0,294.0,11058.0,235.0,440.0,206.0
2018-03-17 15:00:00,481.0,608.0,216.0,462.0,155.0,3.0,150.0,389.0,221.0,392.0,185.0,34.0,3.0,394.0,212.0,54.0,372.0,212.0,525.0,501.0,195.0,244.0,5.0,319.0,249.0,344.0,,232.0,410.0,211.0
2018-03-17 16:00:00,337.0,527.0,221.0,424.0,164.0,1.0,61.0,384.0,226.0,375.0,188.0,18.0,1.0,395.0,222.0,45.0,369.0,227.0,583.0,554.0,221.0,230.0,2.0,313.0,259.0,1457.0,,126.0,401.0,217.0
2018-03-17 17:00:00,219.0,455.0,224.0,413.0,169.0,0.0,32.0,409.0,230.0,377.0,190.0,11.0,0.0,431.0,233.0,19.0,397.0,242.0,546.0,509.0,208.0,395.0,3.0,338.0,263.0,2920.0,,85.0,413.0,223.0
2018-03-17 18:00:00,11.0,447.0,216.0,411.0,165.0,0.0,0.0,415.0,224.0,393.0,184.0,0.0,0.0,407.0,225.0,5.0,394.0,235.0,380.0,321.0,201.0,237.0,2.0,352.0,254.0,1485.0,,2.0,420.0,222.0
2018-03-17 19:00:00,27.0,547.0,203.0,412.0,155.0,0.0,0.0,414.0,207.0,402.0,168.0,0.0,13.0,416.0,206.0,22.0,410.0,190.0,281.0,226.0,119.0,301.0,2.0,349.0,234.0,1025.0,,0.0,406.0,213.0
2018-03-17 20:00:00,0.0,582.0,195.0,415.0,146.0,0.0,0.0,426.0,191.0,415.0,153.0,0.0,34.0,444.0,193.0,7.0,431.0,187.0,225.0,170.0,139.0,211.0,2.0,378.0,216.0,377.0,,0.0,410.0,204.0
2018-03-17 21:00:00,0.0,532.0,183.0,410.0,137.0,0.0,0.0,431.0,178.0,411.0,140.0,0.0,35.0,439.0,181.0,24.0,433.0,166.0,191.0,147.0,154.0,155.0,2.0,410.0,205.0,273.0,,0.0,411.0,196.0
2018-03-17 22:00:00,0.0,466.0,175.0,413.0,129.0,0.0,0.0,440.0,167.0,430.0,129.0,0.0,34.0,453.0,172.0,21.0,426.0,154.0,170.0,141.0,146.0,135.0,2.0,412.0,197.0,309.0,,0.0,414.0,188.0
2018-03-17 23:00:00,0.0,458.0,171.0,436.0,124.0,3.0,0.0,444.0,159.0,450.0,122.0,2.0,32.0,437.0,167.0,21.0,370.0,156.0,293.0,318.0,139.0,157.0,1.0,413.0,193.0,355.0,,0.0,415.0,183.0
2018-03-18 00:00:00,0.0,466.0,180.0,520.0,123.0,0.0,0.0,428.0,165.0,474.0,133.0,1.0,0.0,390.0,178.0,,,,391.0,323.0,127.0,233.0,0.0,339.0,205.0,135.0,,0.0,403.0,188.0
2018-03-18 01:00:00,0.0,457.0,174.0,483.0,119.0,0.0,0.0,431.0,158.0,463.0,128.0,0.0,0.0,398.0,169.0,,,,251.0,177.0,143.0,144.0,0.0,346.0,193.0,120.0,,0.0,396.0,186.0
2018-03-18 02:00:00,0.0,453.0,166.0,485.0,116.0,0.0,0.0,434.0,151.0,466.0,122.0,0.0,0.0,407.0,161.0,,,,200.0,148.0,135.0,125.0,0.0,357.0,181.0,116.0,,0.0,398.0,180.0
2018-03-18 04:00:00,0.0,457.0,152.0,511.0,107.0,0.0,0.0,440.0,136.0,492.0,109.0,0.0,0.0,419.0,145.0,,,,178.0,174.0,116.0,109.0,0.0,375.0,162.0,150.0,,0.0,403.0,165.0
2018-03-18 05:00:00,0.0,466.0,158.0,527.0,103.0,0.0,0.0,436.0,140.0,511.0,112.0,0.0,0.0,406.0,153.0,,,,379.0,362.0,140.0,141.0,0.0,360.0,174.0,140.0,,0.0,401.0,167.0
2018-03-18 06:00:00,18.0,450.0,161.0,542.0,103.0,0.0,0.0,427.0,145.0,513.0,118.0,0.0,0.0,395.0,158.0,,,,317.0,313.0,145.0,143.0,0.0,348.0,181.0,171.0,,5.0,395.0,171.0
2018-03-18 07:00:00,107.0,433.0,172.0,564.0,104.0,0.0,11.0,410.0,160.0,502.0,132.0,0.0,0.0,379.0,174.0,,,,568.0,546.0,174.0,176.0,0.0,326.0,203.0,147.0,,39.0,392.0,178.0
2018-03-18 08:00:00,253.0,391.0,178.0,573.0,108.0,0.0,34.0,400.0,170.0,483.0,143.0,0.0,1.0,372.0,180.0,,368.0,170.0,323.0,283.0,169.0,162.0,2.0,314.0,209.0,157.0,,92.0,383.0,182.0
2018-03-18 09:00:00,362.0,388.0,183.0,567.0,111.0,0.0,47.0,398.0,173.0,470.0,147.0,0.0,2.0,372.0,184.0,67.0,342.0,193.0,556.0,560.0,183.0,184.0,10.0,318.0,213.0,415.0,94781.0,114.0,385.0,185.0
2018-03-18 10:00:00,410.0,372.0,197.0,538.0,131.0,0.0,63.0,382.0,190.0,443.0,165.0,6.0,3.0,360.0,199.0,75.0,334.0,205.0,575.0,554.0,202.0,202.0,13.0,304.0,233.0,311.0,,135.0,377.0,195.0
2018-03-18 11:00:00,422.0,798.0,214.0,514.0,150.0,0.0,66.0,387.0,199.0,451.0,177.0,7.0,36.0,422.0,205.0,66.0,,,458.0,485.0,118.0,362.0,12.0,313.0,239.0,418.0,30646.0,141.0,392.0,200.0
2018-03-18 12:00:00,426.0,601.0,213.0,572.0,147.0,0.0,86.0,411.0,206.0,466.0,185.0,8.0,38.0,416.0,212.0,66.0,321.0,220.0,580.0,559.0,171.0,293.0,14.0,340.0,243.0,351.0,4424.0,154.0,427.0,206.0
2018-03-18 13:00:00,404.0,499.0,216.0,547.0,148.0,0.0,115.0,381.0,219.0,411.0,198.0,9.0,36.0,352.0,225.0,88.0,314.0,223.0,576.0,571.0,212.0,233.0,15.0,299.0,253.0,1794.0,,158.0,386.0,214.0
2018-03-18 14:00:00,314.0,461.0,218.0,532.0,152.0,0.0,96.0,373.0,226.0,396.0,205.0,7.0,36.0,347.0,234.0,67.0,335.0,231.0,540.0,519.0,139.0,376.0,13.0,295.0,260.0,1326.0,20852.0,115.0,372.0,222.0
2018-03-18 15:00:00,226.0,396.0,214.0,512.0,155.0,0.0,30.0,376.0,221.0,397.0,203.0,3.0,36.0,352.0,224.0,63.0,362.0,215.0,384.0,313.0,119.0,332.0,15.0,300.0,249.0,2003.0,,53.0,367.0,220.0
2018-03-18 16:00:00,129.0,419.0,201.0,520.0,154.0,2.0,17.0,394.0,203.0,433.0,189.0,1.0,35.0,400.0,204.0,43.0,423.0,191.0,256.0,187.0,146.0,213.0,13.0,347.0,225.0,1517.0,,26.0,381.0,210.0
2018-03-18 17:00:00,67.0,436.0,196.0,512.0,156.0,0.0,2.0,406.0,191.0,451.0,178.0,0.0,37.0,421.0,196.0,25.0,460.0,185.0,347.0,358.0,102.0,295.0,9.0,376.0,213.0,544.0,,5.0,394.0,203.0
2018-03-18 18:00:00,13.0,423.0,202.0,493.0,164.0,0.0,0.0,405.0,196.0,457.0,180.0,0.0,38.0,395.0,208.0,23.0,414.0,202.0,533.0,533.0,143.0,270.0,9.0,361.0,224.0,514.0,,0.0,393.0,206.0
2018-03-18 19:00:00,26.0,394.0,214.0,461.0,177.0,0.0,0.0,387.0,210.0,424.0,192.0,0.0,38.0,357.0,227.0,22.0,354.0,223.0,581.0,560.0,207.0,225.0,8.0,331.0,243.0,561.0,36649.0,0.0,381.0,216.0
2018-03-18 20:00:00,1.0,387.0,216.0,452.0,171.0,0.0,0.0,386.0,214.0,396.0,195.0,0.0,39.0,357.0,230.0,22.0,363.0,217.0,439.0,353.0,207.0,203.0,8.0,325.0,248.0,882.0,,0.0,374.0,222.0
2018-03-18 21:00:00,1.0,391.0,210.0,439.0,165.0,0.0,0.0,399.0,203.0,402.0,183.0,0.0,39.0,378.0,216.0,22.0,359.0,208.0,455.0,454.0,196.0,191.0,3.0,340.0,239.0,527.0,,0.0,377.0,217.0
2018-03-18 22:00:00,1.0,381.0,213.0,447.0,160.0,0.0,0.0,393.0,207.0,396.0,184.0,0.0,39.0,367.0,223.0,22.0,318.0,221.0,432.0,349.0,207.0,200.0,2.0,329.0,247.0,326.0,,0.0,371.0,220.0
2018-03-18 23:00:00,3.0,393.0,202.0,438.0,157.0,0.0,0.0,408.0,194.0,413.0,172.0,0.0,40.0,384.0,207.0,,,,294.0,209.0,187.0,238.0,2.0,342.0,231.0,286.0,,0.0,372.0,213.0
2018-03-19 00:00:00,6.0,395.0,191.0,487.0,155.0,3.0,0.0,408.0,182.0,431.0,162.0,1.0,13.0,381.0,193.0,20.0,,,237.0,195.0,112.0,216.0,0.0,345.0,215.0,428.0,,0.0,374.0,204.0
2018-03-19 01:00:00,0.0,395.0,183.0,470.0,150.0,0.0,0.0,414.0,173.0,438.0,154.0,0.0,0.0,392.0,183.0,,,,195.0,158.0,131.0,147.0,0.0,353.0,201.0,106.0,,0.0,381.0,196.0
2018-03-19 02:00:00,0.0,397.0,178.0,470.0,146.0,0.0,0.0,418.0,167.0,449.0,149.0,0.0,0.0,397.0,176.0,,,,175.0,151.0,140.0,137.0,0.0,361.0,192.0,138.0,,0.0,384.0,191.0
2018-03-19 04:00:00,0.0,400.0,166.0,488.0,139.0,0.0,0.0,425.0,154.0,474.0,137.0,0.0,0.0,406.0,161.0,,,,147.0,126.0,124.0,153.0,0.0,374.0,175.0,113.0,,0.0,392.0,177.0
2018-03-19 05:00:00,0.0,401.0,161.0,487.0,136.0,0.0,0.0,427.0,150.0,484.0,133.0,0.0,0.0,408.0,156.0,,,,140.0,124.0,125.0,124.0,0.0,378.0,169.0,114.0,,0.0,394.0,172.0
2018-03-19 06:00:00,21.0,403.0,157.0,490.0,133.0,0.0,1.0,428.0,146.0,493.0,129.0,0.0,0.0,412.0,151.0,,,,165.0,184.0,125.0,117.0,0.0,382.0,163.0,121.0,,4.0,396.0,167.0
2018-03-19 07:00:00,123.0,667.0,175.0,535.0,133.0,0.0,15.0,427.0,159.0,526.0,141.0,0.0,17.0,443.0,170.0,9.0,390.0,171.0,528.0,535.0,115.0,297.0,0.0,359.0,189.0,282.0,34753.0,31.0,403.0,175.0
2018-03-19 08:00:00,214.0,493.0,182.0,540.0,137.0,0.0,34.0,416.0,172.0,486.0,156.0,0.0,35.0,402.0,181.0,21.0,380.0,172.0,366.0,276.0,153.0,210.0,9.0,340.0,202.0,134.0,,56.0,390.0,187.0
2018-03-19 09:00:00,247.0,443.0,175.0,513.0,139.0,0.0,46.0,415.0,168.0,465.0,154.0,6.0,35.0,401.0,174.0,21.0,402.0,165.0,389.0,392.0,149.0,195.0,11.0,350.0,193.0,232.0,3159.0,64.0,389.0,183.0
2018-03-19 10:00:00,290.0,411.0,189.0,518.0,142.0,0.0,100.0,392.0,190.0,442.0,172.0,8.0,36.0,370.0,199.0,28.0,364.0,197.0,575.0,566.0,173.0,333.0,19.0,323.0,222.0,263.0,19273.0,87.0,375.0,200.0
2018-03-19 11:00:00,307.0,385.0,204.0,528.0,149.0,0.0,175.0,373.0,213.0,417.0,191.0,9.0,37.0,348.0,218.0,30.0,342.0,216.0,581.0,563.0,196.0,230.0,31.0,297.0,243.0,298.0,3159.0,100.0,361.0,215.0
2018-03-19 12:00:00,452.0,645.0,215.0,529.0,158.0,0.0,236.0,369.0,229.0,411.0,206.0,9.0,38.0,382.0,228.0,36.0,347.0,225.0,553.0,544.0,145.0,327.0,46.0,317.0,253.0,857.0,17693.0,148.0,375.0,224.0
2018-03-19 13:00:00,406.0,431.0,217.0,537.0,166.0,0.0,620.0,366.0,243.0,412.0,215.0,9.0,39.0,368.0,232.0,32.0,351.0,226.0,471.0,399.0,198.0,234.0,90.0,316.0,257.0,201.0,,201.0,369.0,231.0
2018-03-19 14:00:00,566.0,410.0,207.0,527.0,171.0,1.0,505.0,377.0,243.0,420.0,210.0,9.0,40.0,373.0,218.0,31.0,386.0,200.0,306.0,221.0,178.0,198.0,115.0,326.0,240.0,242.0,,383.0,367.0,224.0
2018-03-19 15:00:00,700.0,414.0,199.0,527.0,175.0,0.0,403.0,370.0,238.0,433.0,206.0,3.0,19.0,383.0,207.0,25.0,425.0,183.0,241.0,182.0,124.0,281.0,150.0,335.0,229.0,138.0,,544.0,370.0,218.0
2018-03-19 16:00:00,945.0,408.0,196.0,501.0,177.0,0.0,283.0,363.0,231.0,425.0,202.0,0.0,8.0,386.0,201.0,18.0,444.0,173.0,200.0,158.0,150.0,175.0,211.0,338.0,223.0,124.0,,636.0,367.0,217.0
2018-03-19 17:00:00,593.0,392.0,204.0,482.0,179.0,0.0,111.0,356.0,230.0,415.0,203.0,0.0,11.0,366.0,207.0,13.0,394.0,187.0,458.0,514.0,156.0,212.0,74.0,317.0,229.0,272.0,,302.0,352.0,222.0
2018-03-19 18:00:00,35.0,380.0,213.0,474.0,184.0,0.0,3.0,344.0,243.0,397.0,217.0,0.0,0.0,356.0,224.0,20.0,377.0,211.0,496.0,471.0,143.0,333.0,4.0,300.0,247.0,940.0,,6.0,343.0,230.0
2018-03-19 19:00:00,0.0,399.0,207.0,471.0,188.0,0.0,0.0,354.0,236.0,403.0,215.0,5.0,22.0,372.0,219.0,22.0,406.0,206.0,439.0,475.0,184.0,221.0,7.0,331.0,238.0,1503.0,35386.0,0.0,355.0,224.0
2018-03-19 20:00:00,4.0,404.0,213.0,477.0,190.0,0.0,1.0,350.0,244.0,399.0,224.0,8.0,34.0,354.0,237.0,22.0,363.0,227.0,588.0,637.0,195.0,239.0,7.0,321.0,258.0,598.0,7584.0,0.0,354.0,236.0
2018-03-19 21:00:00,0.0,385.0,221.0,480.0,195.0,0.0,0.0,343.0,252.0,390.0,234.0,0.0,35.0,336.0,246.0,22.0,328.0,236.0,522.0,542.0,162.0,356.0,7.0,314.0,268.0,393.0,8531.0,0.0,348.0,240.0
2018-03-19 22:00:00,0.0,382.0,216.0,473.0,196.0,0.0,0.0,353.0,242.0,394.0,225.0,0.0,35.0,355.0,234.0,22.0,356.0,213.0,336.0,290.0,195.0,245.0,7.0,317.0,256.0,341.0,,0.0,344.0,236.0
2018-03-19 23:00:00,0.0,391.0,204.0,467.0,192.0,0.0,0.0,363.0,224.0,402.0,211.0,0.0,36.0,365.0,218.0,22.0,384.0,192.0,254.0,215.0,181.0,184.0,7.0,330.0,236.0,343.0,,0.0,353.0,224.0
2018-03-20 00:00:00,0.0,389.0,195.0,485.0,190.0,6.0,0.0,370.0,210.0,411.0,202.0,2.0,13.0,363.0,207.0,9.0,404.0,179.0,214.0,197.0,113.0,319.0,3.0,336.0,221.0,292.0,316.0,0.0,356.0,213.0
2018-03-20 01:00:00,0.0,390.0,187.0,492.0,184.0,0.0,0.0,374.0,198.0,419.0,194.0,0.0,0.0,367.0,198.0,1.0,418.0,170.0,189.0,177.0,135.0,242.0,0.0,343.0,210.0,116.0,,0.0,364.0,203.0
2018-03-20 02:00:00,0.0,397.0,183.0,496.0,180.0,0.0,0.0,377.0,190.0,429.0,188.0,0.0,0.0,375.0,192.0,1.0,433.0,165.0,175.0,170.0,145.0,174.0,0.0,352.0,203.0,128.0,,0.0,370.0,198.0
2018-03-20 04:00:00,0.0,408.0,172.0,507.0,168.0,0.0,0.0,381.0,170.0,456.0,176.0,0.0,0.0,387.0,180.0,1.0,453.0,154.0,155.0,158.0,140.0,142.0,0.0,368.0,187.0,113.0,,0.0,382.0,183.0
2018-03-20 05:00:00,0.0,411.0,168.0,512.0,164.0,0.0,0.0,383.0,162.0,465.0,171.0,0.0,0.0,390.0,176.0,1.0,458.0,151.0,149.0,151.0,136.0,138.0,0.0,373.0,182.0,114.0,316.0,0.0,387.0,178.0
2018-03-20 06:00:00,35.0,415.0,164.0,517.0,159.0,0.0,3.0,386.0,156.0,470.0,166.0,0.0,0.0,392.0,172.0,3.0,462.0,147.0,145.0,146.0,135.0,134.0,0.0,377.0,177.0,119.0,,8.0,391.0,173.0
2018-03-20 07:00:00,157.0,643.0,167.0,534.0,155.0,0.0,20.0,391.0,151.0,490.0,163.0,0.0,5.0,435.0,169.0,19.0,464.0,147.0,221.0,316.0,91.0,313.0,1.0,382.0,174.0,206.0,9163.0,39.0,401.0,170.0
2018-03-20 08:00:00,249.0,609.0,181.0,568.0,154.0,0.0,34.0,380.0,164.0,500.0,178.0,0.0,2.0,418.0,190.0,52.0,403.0,179.0,495.0,528.0,156.0,243.0,9.0,358.0,201.0,1241.0,3160.0,65.0,400.0,189.0
2018-03-20 09:00:00,292.0,480.0,181.0,571.0,155.0,0.0,57.0,385.0,165.0,486.0,181.0,0.0,3.0,403.0,188.0,58.0,425.0,172.0,306.0,287.0,168.0,188.0,12.0,362.0,200.0,1156.0,,79.0,389.0,194.0
2018-03-20 10:00:00,292.0,666.0,182.0,554.0,154.0,0.0,100.0,393.0,159.0,474.0,175.0,11.0,25.0,411.0,179.0,65.0,456.0,161.0,233.0,222.0,120.0,276.0,15.0,366.0,188.0,201.0,4423.0,86.0,387.0,184.0
2018-03-20 11:00:00,308.0,900.0,177.0,534.0,154.0,0.0,173.0,429.0,159.0,475.0,171.0,3.0,11.0,445.0,175.0,39.0,493.0,155.0,201.0,189.0,101.0,319.0,27.0,398.0,181.0,229.0,,101.0,416.0,177.0
2018-03-20 12:00:00,317.0,658.0,167.0,521.0,152.0,0.0,323.0,410.0,163.0,469.0,165.0,0.0,3.0,449.0,172.0,34.0,504.0,151.0,178.0,163.0,135.0,191.0,51.0,423.0,178.0,117.0,,126.0,420.0,173.0
2018-03-20 13:00:00,448.0,508.0,164.0,515.0,150.0,0.0,529.0,406.0,173.0,469.0,162.0,0.0,4.0,423.0,170.0,72.0,481.0,148.0,165.0,165.0,145.0,157.0,80.0,398.0,178.0,110.0,,205.0,410.0,170.0
2018-03-20 14:00:00,603.0,473.0,165.0,508.0,150.0,0.0,499.0,399.0,185.0,465.0,160.0,0.0,5.0,425.0,171.0,67.0,490.0,146.0,156.0,150.0,140.0,142.0,99.0,395.0,182.0,119.0,,373.0,411.0,170.0
2018-03-20 15:00:00,719.0,462.0,165.0,504.0,150.0,0.0,400.0,394.0,194.0,464.0,160.0,0.0,6.0,423.0,171.0,57.0,493.0,146.0,150.0,147.0,138.0,137.0,129.0,386.0,188.0,113.0,,553.0,408.0,174.0
2018-03-20 16:00:00,975.0,451.0,168.0,502.0,153.0,0.0,292.0,391.0,200.0,469.0,162.0,0.0,7.0,419.0,173.0,43.0,494.0,145.0,145.0,146.0,135.0,134.0,163.0,376.0,192.0,110.0,,661.0,403.0,180.0
2018-03-20 17:00:00,675.0,439.0,183.0,493.0,163.0,0.0,116.0,380.0,212.0,469.0,170.0,0.0,4.0,403.0,187.0,32.0,453.0,169.0,479.0,557.0,158.0,154.0,70.0,358.0,207.0,186.0,15798.0,326.0,393.0,195.0
2018-03-20 18:00:00,23.0,405.0,200.0,472.0,182.0,2.0,1.0,361.0,233.0,442.0,192.0,0.0,25.0,360.0,213.0,15.0,371.0,203.0,512.0,540.0,196.0,298.0,7.0,316.0,234.0,791.0,9795.0,5.0,364.0,216.0
2018-03-20 19:00:00,25.0,404.0,204.0,468.0,184.0,0.0,0.0,356.0,238.0,421.0,205.0,2.0,37.0,378.0,224.0,22.0,355.0,207.0,568.0,647.0,175.0,347.0,8.0,340.0,241.0,2403.0,10744.0,0.0,362.0,222.0
2018-03-20 20:00:00,0.0,428.0,212.0,498.0,188.0,0.0,1.0,367.0,246.0,423.0,221.0,0.0,38.0,400.0,238.0,22.0,431.0,228.0,584.0,662.0,208.0,256.0,8.0,455.0,235.0,984.0,10112.0,0.0,383.0,233.0
2018-03-20 21:00:00,0.0,409.0,215.0,508.0,191.0,0.0,1.0,365.0,250.0,415.0,231.0,0.0,39.0,384.0,245.0,22.0,400.0,240.0,589.0,663.0,224.0,230.0,8.0,443.0,232.0,542.0,9480.0,0.0,380.0,238.0
2018-03-20 22:00:00,6.0,416.0,218.0,509.0,194.0,0.0,1.0,361.0,251.0,408.0,237.0,0.0,39.0,367.0,250.0,21.0,467.0,235.0,590.0,660.0,222.0,333.0,8.0,435.0,232.0,396.0,8532.0,0.0,373.0,240.0
2018-03-20 23:00:00,1.0,434.0,222.0,509.0,195.0,0.0,1.0,366.0,251.0,403.0,241.0,0.0,40.0,374.0,252.0,21.0,572.0,225.0,600.0,665.0,235.0,298.0,8.0,431.0,234.0,356.0,8532.0,0.0,374.0,240.0
2018-03-21 00:00:00,0.0,413.0,223.0,529.0,198.0,3.0,0.0,362.0,246.0,408.0,241.0,1.0,6.0,364.0,248.0,5.0,483.0,219.0,452.0,443.0,157.0,345.0,1.0,377.0,247.0,184.0,316.0,0.0,369.0,238.0
2018-03-21 01:00:00,0.0,430.0,211.0,530.0,195.0,0.0,0.0,372.0,227.0,424.0,228.0,0.0,0.0,390.0,229.0,1.0,506.0,202.0,306.0,281.0,188.0,237.0,0.0,383.0,234.0,113.0,,0.0,378.0,227.0
2018-03-21 02:00:00,0.0,438.0,204.0,533.0,193.0,0.0,0.0,377.0,216.0,432.0,220.0,0.0,0.0,400.0,221.0,1.0,512.0,194.0,264.0,238.0,190.0,204.0,0.0,387.0,225.0,132.0,,0.0,385.0,220.0
2018-03-21 04:00:00,0.0,438.0,187.0,523.0,181.0,0.0,0.0,392.0,185.0,454.0,199.0,0.0,0.0,414.0,200.0,1.0,518.0,173.0,190.0,180.0,166.0,167.0,0.0,400.0,200.0,112.0,,0.0,399.0,199.0
2018-03-21 05:00:00,0.0,439.0,183.0,531.0,177.0,0.0,0.0,403.0,177.0,462.0,192.0,0.0,0.0,417.0,194.0,1.0,519.0,168.0,178.0,174.0,160.0,160.0,0.0,406.0,193.0,123.0,,0.0,403.0,192.0
2018-03-21 06:00:00,36.0,440.0,179.0,534.0,173.0,0.0,4.0,405.0,170.0,467.0,186.0,0.0,0.0,418.0,189.0,2.0,518.0,163.0,199.0,239.0,155.0,156.0,0.0,411.0,187.0,127.0,5372.0,8.0,407.0,187.0
2018-03-21 07:00:00,171.0,718.0,198.0,558.0,171.0,1.0,23.0,404.0,175.0,500.0,193.0,0.0,21.0,444.0,203.0,14.0,520.0,178.0,540.0,611.0,120.0,333.0,1.0,385.0,214.0,302.0,12008.0,36.0,414.0,200.0
2018-03-21 08:00:00,272.0,505.0,205.0,571.0,174.0,1.0,42.0,390.0,184.0,482.0,205.0,8.0,36.0,394.0,214.0,37.0,457.0,186.0,389.0,376.0,150.0,296.0,12.0,356.0,225.0,230.0,,65.0,388.0,214.0
2018-03-21 09:00:00,318.0,456.0,196.0,517.0,175.0,0.0,53.0,393.0,175.0,458.0,196.0,9.0,36.0,400.0,203.0,19.0,467.0,178.0,273.0,248.0,154.0,244.0,14.0,376.0,210.0,260.0,,78.0,389.0,204.0
2018-03-21 10:00:00,318.0,863.0,208.0,531.0,172.0,0.0,61.0,410.0,166.0,479.0,189.0,8.0,35.0,511.0,195.0,14.0,488.0,171.0,221.0,220.0,93.0,359.0,16.0,395.0,199.0,311.0,7900.0,90.0,418.0,195.0
2018-03-21 11:00:00,372.0,818.0,190.0,567.0,170.0,1.0,70.0,442.0,163.0,504.0,186.0,4.0,19.0,488.0,190.0,18.0,518.0,166.0,194.0,184.0,117.0,313.0,20.0,408.0,192.0,164.0,,116.0,426.0,190.0
2018-03-21 12:00:00,323.0,672.0,179.0,524.0,167.0,0.0,68.0,418.0,159.0,480.0,181.0,0.0,1.0,440.0,185.0,15.0,515.0,162.0,178.0,169.0,142.0,204.0,18.0,426.0,186.0,114.0,,99.0,428.0,184.0
2018-03-21 13:00:00,416.0,570.0,174.0,505.0,163.0,0.0,98.0,416.0,157.0,475.0,176.0,0.0,2.0,446.0,181.0,19.0,524.0,160.0,168.0,168.0,150.0,164.0,26.0,443.0,182.0,120.0,632.0,133.0,436.0,181.0
2018-03-21 14:00:00,391.0,564.0,171.0,501.0,160.0,0.0,93.0,421.0,156.0,472.0,172.0,0.0,1.0,437.0,177.0,17.0,520.0,157.0,162.0,164.0,116.0,249.0,25.0,440.0,178.0,106.0,,130.0,435.0,177.0
2018-03-21 15:00:00,420.0,585.0,168.0,501.0,158.0,0.0,112.0,425.0,155.0,469.0,169.0,0.0,1.0,433.0,174.0,16.0,510.0,156.0,157.0,160.0,131.0,185.0,35.0,435.0,175.0,121.0,,166.0,433.0,175.0
2018-03-21 16:00:00,285.0,583.0,165.0,500.0,156.0,0.0,66.0,431.0,154.0,468.0,166.0,0.0,0.0,433.0,172.0,10.0,503.0,154.0,154.0,156.0,140.0,153.0,24.0,434.0,173.0,109.0,,109.0,432.0,173.0
2018-03-21 17:00:00,71.0,581.0,170.0,506.0,154.0,0.0,11.0,431.0,160.0,473.0,169.0,0.0,0.0,424.0,182.0,4.0,507.0,161.0,461.0,564.0,157.0,160.0,3.0,417.0,186.0,173.0,14220.0,20.0,432.0,179.0
2018-03-21 18:00:00,13.0,528.0,190.0,523.0,157.0,0.0,0.0,407.0,182.0,457.0,189.0,0.0,3.0,385.0,211.0,1.0,454.0,188.0,509.0,536.0,195.0,191.0,1.0,363.0,221.0,152.0,4424.0,1.0,401.0,206.0
2018-03-21 19:00:00,40.0,484.0,189.0,523.0,159.0,0.0,0.0,412.0,178.0,453.0,189.0,0.0,36.0,426.0,207.0,19.0,494.0,188.0,427.0,493.0,118.0,318.0,8.0,375.0,219.0,2285.0,7900.0,0.0,402.0,205.0
2018-03-21 20:00:00,2.0,471.0,202.0,537.0,161.0,0.0,0.0,407.0,191.0,453.0,201.0,0.0,39.0,397.0,227.0,22.0,505.0,206.0,562.0,651.0,176.0,342.0,8.0,357.0,247.0,752.0,12007.0,0.0,398.0,220.0
2018-03-21 21:00:00,1.0,431.0,212.0,548.0,168.0,0.0,1.0,423.0,210.0,437.0,215.0,0.0,38.0,374.0,238.0,22.0,433.0,216.0,563.0,641.0,219.0,244.0,7.0,329.0,267.0,399.0,8532.0,0.0,383.0,230.0
2018-03-21 22:00:00,1.0,435.0,209.0,538.0,174.0,0.0,1.0,418.0,213.0,427.0,218.0,0.0,38.0,384.0,234.0,,,,389.0,373.0,219.0,219.0,8.0,339.0,259.0,305.0,,0.0,380.0,229.0
2018-03-21 23:00:00,0.0,455.0,196.0,542.0,177.0,7.0,0.0,427.0,200.0,438.0,208.0,1.0,23.0,403.0,217.0,3.0,454.0,196.0,282.0,261.0,148.0,303.0,4.0,363.0,236.0,265.0,,0.0,390.0,216.0
2018-03-22 00:00:00,0.0,460.0,188.0,546.0,176.0,0.0,0.0,431.0,186.0,454.0,199.0,0.0,0.0,409.0,206.0,1.0,469.0,186.0,234.0,218.0,153.0,256.0,0.0,378.0,218.0,118.0,,0.0,401.0,207.0
2018-03-22 01:00:00,0.0,463.0,183.0,544.0,173.0,0.0,0.0,440.0,176.0,468.0,193.0,0.0,0.0,413.0,198.0,1.0,479.0,180.0,205.0,194.0,168.0,190.0,0.0,391.0,206.0,125.0,,0.0,408.0,200.0
2018-03-22 02:00:00,0.0,466.0,179.0,556.0,171.0,0.0,0.0,446.0,169.0,474.0,189.0,0.0,0.0,416.0,194.0,1.0,485.0,176.0,193.0,188.0,165.0,174.0,0.0,400.0,200.0,110.0,,0.0,413.0,195.0
2018-03-22 04:00:00,0.0,469.0,172.0,570.0,165.0,0.0,0.0,456.0,157.0,497.0,180.0,0.0,0.0,422.0,185.0,1.0,496.0,168.0,172.0,172.0,160.0,159.0,0.0,416.0,186.0,112.0,,0.0,422.0,185.0
2018-03-22 05:00:00,0.0,469.0,169.0,555.0,162.0,0.0,0.0,457.0,152.0,502.0,176.0,0.0,0.0,422.0,182.0,1.0,499.0,165.0,166.0,170.0,155.0,156.0,0.0,420.0,182.0,119.0,,0.0,424.0,181.0
2018-03-22 06:00:00,28.0,470.0,166.0,553.0,159.0,0.0,2.0,459.0,147.0,506.0,173.0,0.0,0.0,424.0,179.0,1.0,503.0,162.0,191.0,235.0,155.0,154.0,0.0,423.0,178.0,131.0,4423.0,6.0,427.0,177.0
2018-03-22 07:00:00,132.0,823.0,191.0,597.0,158.0,0.0,15.0,463.0,157.0,544.0,182.0,0.0,19.0,465.0,195.0,5.0,504.0,177.0,536.0,599.0,121.0,339.0,0.0,403.0,205.0,881.0,9794.0,26.0,438.0,192.0
2018-03-22 08:00:00,232.0,738.0,201.0,621.0,160.0,0.0,37.0,482.0,173.0,516.0,196.0,12.0,35.0,454.0,210.0,39.0,491.0,192.0,373.0,374.0,122.0,380.0,6.0,393.0,221.0,2350.0,,56.0,425.0,210.0
2018-03-22 09:00:00,309.0,763.0,197.0,612.0,164.0,1.0,58.0,539.0,175.0,519.0,193.0,21.0,22.0,486.0,205.0,50.0,526.0,189.0,282.0,261.0,119.0,260.0,16.0,425.0,208.0,1671.0,,82.0,435.0,203.0
2018-03-22 10:00:00,383.0,593.0,187.0,578.0,168.0,1.0,82.0,495.0,171.0,514.0,187.0,21.0,3.0,479.0,196.0,60.0,526.0,182.0,235.0,216.0,165.0,190.0,21.0,436.0,199.0,175.0,,106.0,443.0,195.0
2018-03-22 11:00:00,417.0,530.0,184.0,560.0,167.0,1.0,83.0,480.0,166.0,510.0,182.0,24.0,3.0,474.0,190.0,62.0,522.0,177.0,213.0,198.0,175.0,180.0,22.0,440.0,192.0,168.0,,113.0,442.0,190.0
2018-03-22 12:00:00,314.0,510.0,181.0,550.0,166.0,1.0,63.0,474.0,162.0,506.0,178.0,18.0,2.0,468.0,185.0,52.0,514.0,173.0,197.0,186.0,166.0,191.0,17.0,438.0,187.0,132.0,,88.0,443.0,186.0
2018-03-22 13:00:00,323.0,496.0,176.0,541.0,164.0,1.0,73.0,470.0,160.0,502.0,175.0,21.0,4.0,453.0,182.0,53.0,495.0,169.0,182.0,173.0,128.0,246.0,19.0,434.0,183.0,129.0,,102.0,441.0,182.0
2018-03-22 14:00:00,344.0,489.0,174.0,535.0,162.0,1.0,83.0,470.0,158.0,500.0,172.0,22.0,2.0,459.0,179.0,57.0,501.0,167.0,178.0,174.0,157.0,185.0,23.0,440.0,180.0,107.0,,112.0,442.0,179.0
2018-03-22 15:00:00,272.0,489.0,171.0,533.0,161.0,0.0,91.0,468.0,157.0,500.0,170.0,15.0,1.0,458.0,176.0,38.0,502.0,166.0,175.0,172.0,163.0,168.0,31.0,444.0,177.0,120.0,,126.0,444.0,177.0
2018-03-22 16:00:00,88.0,490.0,168.0,531.0,159.0,0.0,14.0,467.0,155.0,500.0,167.0,3.0,0.0,456.0,174.0,15.0,504.0,164.0,171.0,171.0,161.0,162.0,4.0,444.0,175.0,114.0,,25.0,445.0,174.0
2018-03-22 17:00:00,30.0,485.0,177.0,531.0,162.0,0.0,3.0,462.0,163.0,503.0,171.0,0.0,0.0,440.0,187.0,5.0,500.0,174.0,490.0,582.0,177.0,176.0,1.0,424.0,192.0,161.0,22434.0,7.0,447.0,183.0
2018-03-22 18:00:00,29.0,468.0,200.0,539.0,171.0,1.0,1.0,449.0,189.0,484.0,191.0,0.0,34.0,406.0,213.0,21.0,464.0,196.0,494.0,495.0,166.0,343.0,5.0,375.0,225.0,401.0,3160.0,0.0,417.0,208.0
2018-03-22 19:00:00,1.0,462.0,195.0,542.0,170.0,0.0,1.0,458.0,190.0,474.0,192.0,0.0,37.0,423.0,208.0,19.0,473.0,194.0,397.0,435.0,188.0,252.0,8.0,390.0,219.0,1449.0,8216.0,0.0,413.0,206.0
2018-03-22 20:00:00,1.0,473.0,208.0,563.0,170.0,0.0,1.0,468.0,206.0,480.0,205.0,5.0,37.0,430.0,226.0,19.0,555.0,205.0,567.0,637.0,200.0,310.0,8.0,389.0,240.0,1262.0,10428.0,0.0,418.0,219.0
2018-03-22 21:00:00,1.0,442.0,219.0,577.0,174.0,0.0,1.0,431.0,223.0,455.0,222.0,7.0,38.0,391.0,241.0,,,,575.0,627.0,179.0,386.0,6.0,352.0,263.0,404.0,10428.0,0.0,406.0,230.0
2018-03-22 22:00:00,3.0,431.0,227.0,577.0,180.0,0.0,1.0,414.0,235.0,442.0,232.0,7.0,38.0,377.0,251.0,,,,579.0,619.0,219.0,268.0,2.0,334.0,277.0,404.0,8216.0,0.0,396.0,238.0
2018-03-22 23:00:00,1.0,438.0,223.0,569.0,185.0,0.0,1.0,412.0,234.0,437.0,232.0,7.0,39.0,390.0,243.0,,,,395.0,352.0,228.0,232.0,3.0,343.0,267.0,306.0,,0.0,394.0,237.0
2018-03-23 06:00:00,,,,,,,,,,,,,,,,,,,,,,,,,,,6004.0,,,
2018-03-23 07:00:00,,,,,,,,,,,,,,,,,,,,,,,,,,,12640.0,,,
2018-03-23 09:00:00,,,,,,,,,,,,,,,,,,,,,,,,,,,2528.0,,,
2018-03-23 13:00:00,,,,,,,,,,,,,,,,,,,,,,,,,,,1264.0,,,
2018-03-23 16:00:00,898.0,475.0,182.0,521.0,169.0,0.0,185.0,430.0,194.0,497.0,178.0,0.0,6.0,453.0,186.0,50.0,508.0,168.0,165.0,165.0,155.0,157.0,112.0,427.0,195.0,102.0,,499.0,433.0,191.0
2018-03-23 17:00:00,873.0,469.0,194.0,529.0,169.0,1.0,155.0,425.0,201.0,497.0,183.0,0.0,31.0,440.0,199.0,37.0,509.0,168.0,468.0,565.0,172.0,184.0,108.0,411.0,210.0,210.0,14220.0,418.0,429.0,202.0
2018-03-23 18:00:00,49.0,438.0,210.0,554.0,176.0,0.0,5.0,402.0,221.0,478.0,207.0,0.0,0.0,405.0,224.0,23.0,435.0,213.0,493.0,511.0,176.0,347.0,2.0,357.0,239.0,1396.0,5372.0,7.0,400.0,221.0
2018-03-23 19:00:00,1.0,456.0,215.0,556.0,182.0,0.0,0.0,395.0,225.0,468.0,216.0,0.0,6.0,407.0,234.0,23.0,425.0,228.0,569.0,650.0,215.0,239.0,3.0,364.0,253.0,431.0,1264.0,0.0,409.0,227.0
2018-03-23 20:00:00,1.0,436.0,226.0,555.0,189.0,0.0,0.0,383.0,236.0,445.0,232.0,0.0,34.0,380.0,249.0,24.0,392.0,239.0,559.0,599.0,236.0,269.0,2.0,337.0,274.0,447.0,,0.0,397.0,237.0
2018-03-23 21:00:00,7.0,450.0,220.0,542.0,192.0,0.0,0.0,390.0,228.0,442.0,229.0,0.0,23.0,393.0,241.0,24.0,414.0,225.0,369.0,351.0,227.0,275.0,2.0,349.0,261.0,384.0,,0.0,399.0,234.0
2018-03-23 22:00:00,0.0,475.0,207.0,524.0,191.0,0.0,0.0,401.0,212.0,446.0,218.0,0.0,0.0,410.0,225.0,23.0,444.0,210.0,283.0,257.0,206.0,214.0,2.0,375.0,241.0,336.0,,0.0,405.0,223.0
2018-03-23 23:00:00,4.0,477.0,205.0,521.0,188.0,0.0,0.0,406.0,202.0,453.0,212.0,0.0,5.0,419.0,221.0,23.0,472.0,200.0,432.0,508.0,184.0,265.0,2.0,386.0,237.0,409.0,,0.0,414.0,219.0
2018-03-24 00:00:00,0.0,426.0,222.0,565.0,191.0,4.0,0.0,393.0,215.0,450.0,224.0,0.0,12.0,372.0,240.0,1.0,381.0,225.0,502.0,534.0,162.0,330.0,0.0,335.0,259.0,279.0,,0.0,389.0,234.0
2018-03-24 01:00:00,0.0,423.0,215.0,571.0,191.0,0.0,0.0,401.0,207.0,451.0,221.0,0.0,0.0,384.0,230.0,1.0,414.0,212.0,329.0,309.0,191.0,256.0,0.0,348.0,246.0,124.0,,0.0,390.0,228.0
2018-03-24 02:00:00,0.0,430.0,206.0,570.0,188.0,0.0,0.0,410.0,194.0,466.0,213.0,0.0,0.0,397.0,218.0,1.0,445.0,198.0,263.0,242.0,195.0,207.0,0.0,366.0,229.0,121.0,,0.0,400.0,218.0
2018-03-24 03:00:00,0.0,437.0,199.0,585.0,185.0,0.0,0.0,418.0,185.0,481.0,206.0,0.0,0.0,405.0,211.0,1.0,461.0,190.0,228.0,207.0,187.0,189.0,0.0,380.0,217.0,111.0,,0.0,407.0,210.0
2018-03-24 04:00:00,0.0,442.0,193.0,589.0,182.0,0.0,0.0,424.0,177.0,493.0,201.0,0.0,0.0,409.0,205.0,1.0,471.0,183.0,206.0,193.0,179.0,179.0,0.0,390.0,208.0,124.0,,0.0,413.0,204.0
2018-03-24 05:00:00,0.0,444.0,189.0,591.0,178.0,0.0,0.0,426.0,171.0,501.0,196.0,0.0,0.0,412.0,200.0,1.0,479.0,178.0,191.0,183.0,172.0,172.0,0.0,397.0,201.0,122.0,,0.0,416.0,199.0
2018-03-24 06:00:00,34.0,446.0,186.0,588.0,175.0,0.0,3.0,429.0,164.0,496.0,191.0,0.0,0.0,415.0,196.0,3.0,485.0,174.0,210.0,251.0,167.0,167.0,0.0,403.0,196.0,125.0,,8.0,420.0,194.0
2018-03-24 07:00:00,156.0,436.0,202.0,607.0,173.0,0.0,19.0,416.0,176.0,524.0,200.0,0.0,0.0,393.0,215.0,14.0,459.0,194.0,579.0,650.0,194.0,192.0,0.0,374.0,223.0,171.0,,37.0,413.0,209.0
2018-03-24 08:00:00,263.0,410.0,215.0,619.0,176.0,0.0,30.0,406.0,189.0,507.0,212.0,0.0,1.0,379.0,225.0,26.0,412.0,212.0,411.0,396.0,211.0,206.0,1.0,349.0,238.0,180.0,,58.0,391.0,220.0
2018-03-24 09:00:00,289.0,418.0,207.0,603.0,176.0,0.0,58.0,414.0,179.0,505.0,205.0,0.0,2.0,391.0,213.0,38.0,431.0,194.0,292.0,262.0,197.0,193.0,1.0,360.0,223.0,157.0,,74.0,395.0,211.0
2018-03-24 10:00:00,316.0,427.0,197.0,557.0,173.0,0.0,123.0,418.0,173.0,488.0,198.0,0.0,2.0,398.0,204.0,60.0,436.0,186.0,232.0,202.0,180.0,177.0,2.0,366.0,210.0,709.0,,98.0,392.0,202.0
2018-03-24 11:00:00,301.0,440.0,191.0,533.0,171.0,1.0,188.0,425.0,172.0,477.0,191.0,1.0,2.0,415.0,198.0,50.0,453.0,178.0,210.0,209.0,135.0,268.0,23.0,386.0,203.0,149.0,,97.0,402.0,197.0
2018-03-24 12:00:00,302.0,432.0,187.0,516.0,170.0,0.0,172.0,425.0,174.0,471.0,186.0,1.0,10.0,418.0,194.0,38.0,461.0,173.0,198.0,195.0,142.0,235.0,34.0,391.0,198.0,187.0,,97.0,406.0,192.0
2018-03-24 13:00:00,436.0,711.0,192.0,520.0,170.0,0.0,507.0,425.0,178.0,477.0,183.0,7.0,38.0,450.0,192.0,60.0,526.0,173.0,182.0,195.0,113.0,301.0,82.0,413.0,195.0,1191.0,,203.0,446.0,189.0
2018-03-24 14:00:00,463.0,875.0,196.0,545.0,170.0,2.0,348.0,424.0,188.0,501.0,182.0,2.0,38.0,473.0,194.0,45.0,547.0,175.0,178.0,195.0,111.0,298.0,76.0,439.0,200.0,335.0,,252.0,474.0,191.0
2018-03-24 15:00:00,627.0,934.0,195.0,584.0,171.0,0.0,307.0,424.0,193.0,527.0,186.0,1.0,40.0,478.0,195.0,52.0,542.0,173.0,204.0,205.0,112.0,318.0,115.0,426.0,202.0,232.0,,427.0,496.0,193.0
2018-03-24 16:00:00,859.0,700.0,185.0,542.0,171.0,0.0,227.0,417.0,196.0,503.0,184.0,0.0,41.0,461.0,194.0,48.0,542.0,171.0,185.0,182.0,147.0,201.0,148.0,435.0,202.0,170.0,,531.0,449.0,194.0
2018-03-24 17:00:00,788.0,556.0,186.0,527.0,171.0,0.0,136.0,414.0,199.0,500.0,182.0,0.0,40.0,451.0,193.0,46.0,521.0,169.0,172.0,174.0,155.0,170.0,96.0,423.0,203.0,177.0,,375.0,438.0,197.0
2018-03-24 18:00:00,79.0,517.0,180.0,517.0,170.0,0.0,10.0,411.0,196.0,492.0,180.0,0.0,33.0,427.0,192.0,15.0,489.0,165.0,164.0,168.0,133.0,191.0,9.0,401.0,196.0,260.0,,14.0,420.0,191.0
2018-03-24 19:00:00,0.0,504.0,174.0,525.0,169.0,0.0,0.0,411.0,190.0,488.0,177.0,0.0,34.0,424.0,190.0,20.0,496.0,164.0,244.0,305.0,140.0,182.0,6.0,417.0,192.0,730.0,68875.0,0.0,432.0,184.0
2018-03-24 20:00:00,2.0,480.0,193.0,536.0,169.0,0.0,0.0,396.0,202.0,485.0,190.0,0.0,37.0,402.0,214.0,20.0,447.0,193.0,583.0,656.0,189.0,193.0,2.0,370.0,231.0,1838.0,,0.0,425.0,203.0
2018-03-24 21:00:00,11.0,474.0,210.0,549.0,174.0,0.0,0.0,377.0,220.0,461.0,210.0,0.0,39.0,376.0,238.0,20.0,396.0,229.0,573.0,629.0,219.0,216.0,3.0,330.0,263.0,414.0,20852.0,0.0,404.0,223.0
2018-03-24 22:00:00,44.0,440.0,212.0,542.0,178.0,0.0,0.0,376.0,217.0,452.0,211.0,0.0,39.0,377.0,236.0,20.0,407.0,217.0,388.0,366.0,216.0,213.0,2.0,335.0,258.0,389.0,,0.0,388.0,230.0
2018-03-24 23:00:00,23.0,447.0,202.0,531.0,177.0,0.0,0.0,389.0,201.0,457.0,202.0,0.0,39.0,393.0,221.0,20.0,434.0,201.0,280.0,275.0,197.0,196.0,3.0,356.0,237.0,361.0,,0.0,394.0,218.0
2018-03-25 00:00:00,1.0,444.0,202.0,532.0,175.0,0.0,0.0,389.0,199.0,461.0,202.0,0.0,39.0,385.0,227.0,20.0,420.0,213.0,500.0,551.0,204.0,202.0,3.0,351.0,244.0,353.0,,0.0,398.0,222.0
2018-03-25 01:00:00,4.0,431.0,207.0,551.0,176.0,2.0,0.0,390.0,196.0,460.0,202.0,0.0,12.0,385.0,224.0,12.0,420.0,203.0,348.0,330.0,142.0,334.0,2.0,350.0,240.0,301.0,,0.0,387.0,224.0
2018-03-25 02:00:00,0.0,433.0,198.0,561.0,174.0,0.0,0.0,394.0,183.0,470.0,196.0,0.0,0.0,391.0,212.0,1.0,444.0,190.0,270.0,257.0,155.0,282.0,0.0,361.0,224.0,130.0,,0.0,395.0,213.0
2018-03-25 03:00:00,0.0,440.0,190.0,553.0,171.0,0.0,0.0,400.0,173.0,478.0,190.0,0.0,0.0,396.0,205.0,1.0,460.0,182.0,223.0,211.0,174.0,200.0,0.0,376.0,211.0,122.0,,0.0,403.0,204.0
2018-03-25 04:00:00,0.0,444.0,185.0,560.0,168.0,0.0,0.0,405.0,165.0,486.0,186.0,0.0,0.0,400.0,199.0,1.0,470.0,175.0,200.0,193.0,170.0,176.0,0.0,386.0,202.0,122.0,,0.0,410.0,197.0
2018-03-25 05:00:00,2.0,448.0,181.0,562.0,164.0,0.0,0.0,412.0,158.0,495.0,181.0,0.0,0.0,404.0,194.0,1.0,477.0,170.0,185.0,179.0,165.0,167.0,0.0,395.0,195.0,108.0,,0.0,415.0,191.0
2018-03-25 06:00:00,61.0,452.0,177.0,559.0,161.0,0.0,7.0,416.0,152.0,501.0,178.0,0.0,0.0,411.0,190.0,5.0,479.0,167.0,219.0,264.0,160.0,162.0,0.0,400.0,190.0,119.0,,14.0,419.0,186.0
2018-03-25 07:00:00,161.0,434.0,195.0,581.0,159.0,0.0,23.0,401.0,166.0,520.0,190.0,0.0,0.0,388.0,211.0,10.0,434.0,198.0,578.0,652.0,193.0,189.0,0.0,363.0,222.0,142.0,,42.0,410.0,204.0
2018-03-25 08:00:00,215.0,415.0,206.0,610.0,161.0,0.0,29.0,394.0,178.0,508.0,203.0,0.0,1.0,376.0,220.0,11.0,408.0,209.0,407.0,393.0,209.0,203.0,1.0,343.0,235.0,127.0,,56.0,388.0,215.0
2018-03-25 09:00:00,280.0,419.0,196.0,593.0,162.0,0.0,62.0,404.0,168.0,501.0,196.0,0.0,1.0,388.0,208.0,18.0,432.0,191.0,289.0,264.0,194.0,191.0,1.0,359.0,219.0,121.0,,78.0,392.0,206.0
2018-03-25 10:00:00,351.0,431.0,190.0,580.0,162.0,0.0,120.0,413.0,162.0,492.0,190.0,0.0,2.0,400.0,199.0,24.0,457.0,181.0,238.0,217.0,173.0,208.0,3.0,376.0,207.0,222.0,,109.0,400.0,198.0
2018-03-25 11:00:00,324.0,621.0,189.0,558.0,160.0,0.0,185.0,419.0,162.0,494.0,186.0,4.0,18.0,437.0,195.0,63.0,480.0,176.0,207.0,204.0,134.0,273.0,33.0,389.0,199.0,732.0,,103.0,415.0,192.0
2018-03-25 12:00:00,336.0,694.0,184.0,559.0,159.0,0.0,330.0,419.0,169.0,498.0,184.0,0.0,37.0,446.0,192.0,73.0,495.0,173.0,229.0,248.0,104.0,291.0,54.0,416.0,195.0,1105.0,,115.0,443.0,189.0
2018-03-25 13:00:00,440.0,511.0,179.0,541.0,159.0,0.0,535.0,416.0,179.0,489.0,181.0,21.0,39.0,441.0,191.0,77.0,493.0,170.0,208.0,224.0,104.0,235.0,89.0,423.0,195.0,571.0,,205.0,434.0,186.0
2018-03-25 14:00:00,451.0,490.0,178.0,525.0,158.0,0.0,288.0,411.0,187.0,483.0,181.0,22.0,40.0,435.0,190.0,71.0,492.0,168.0,201.0,205.0,121.0,166.0,70.0,411.0,196.0,307.0,,230.0,430.0,185.0
